0.00000 4.96584
0.00100 4.99640
0.00200 4.95276
0.00300 4.99509
0.00400 5.00477
0.00500 5.00178
0.00600 4.97469
0.00700 5.02969
0.00800 5.04456
0.00900 5.01604
0.01000 4.95909
0.01100 5.03658
0.01200 4.97493
0.01300 5.04396
0.01400 4.94641
0.01500 5.04572
0.01600 4.99900
0.01700 4.93756
0.01800 4.98431
0.01900 5.00271
0.02000 5.01364
0.02100 4.95089
0.02200 4.94463
0.02300 5.00998
0.02400 4.97666
0.02500 5.01178
0.02600 5.03798
0.02700 4.91756
0.02800 5.01272
0.02900 5.06123
0.03000 4.98512
0.03100 4.95946
0.03200 5.03761
0.03300 5.01267
0.03400 5.04479
0.03500 4.98274
0.03600 4.92591
0.03700 4.99450
0.03800 4.97771
0.03900 5.03877
0.04000 5.00968
0.04100 4.91846
0.04200 4.94024
0.04300 5.04419
0.04400 5.03399
0.04500 4.96799
0.04600 4.99995
0.04700 5.02228
0.04800 5.02342
0.04900 5.04381
0.05000 5.01282
0.05100 4.99526
0.05200 4.98706
0.05300 5.05279
0.05400 4.88746
0.05500 4.99307
0.05600 5.00165
0.05700 4.92873
0.05800 5.01664
0.05900 4.96744
0.06000 5.04312
0.06100 4.99372
0.06200 5.03346
0.06300 5.06094
0.06400 5.01915
0.06500 4.95621
0.06600 4.92428
0.06700 5.08767
0.06800 4.99444
0.06900 4.96557
0.07000 5.00721
0.07100 4.99043
0.07200 5.04261
0.07300 5.00170
0.07400 5.00069
0.07500 4.96427
0.07600 5.02348
0.07700 4.94831
0.07800 5.03329
0.07900 5.07620
0.08000 4.92377
0.08100 4.87669
0.08200 5.03084
0.08300 5.12739
0.08400 4.94995
0.08500 4.93747
0.08600 5.02945
0.08700 4.95796
0.08800 4.97470
0.08900 4.98259
0.09000 5.02660
0.09100 4.97973
0.09200 5.01389
0.09300 4.99117
0.09400 4.95777
0.09500 4.98401
0.09600 4.95248
0.09700 5.00033
0.09800 4.94381
0.09900 4.94536
0.10000 5.07285
0.10100 4.99734
0.10200 4.99730
0.10300 5.02558
0.10400 4.97896
0.10500 4.98857
0.10600 5.02126
0.10700 5.01412
0.10800 4.94204
0.10900 5.04167
0.11000 4.97048
0.11100 4.94720
0.11200 4.95498
0.11300 4.98047
0.11400 5.08137
0.11500 4.94122
0.11600 5.00800
0.11700 4.89311
0.11800 4.99992
0.11900 5.04498
0.12000 4.98817
0.12100 4.96853
0.12200 5.01158
0.12300 5.03501
0.12400 5.03318
0.12500 5.09862
0.12600 5.01046
0.12700 4.97038
0.12800 4.99370
0.12900 4.99638
0.13000 5.00544
0.13100 4.99850
0.13200 5.00870
0.13300 4.91646
0.13400 5.04148
0.13500 4.97126
0.13600 4.94134
0.13700 5.03189
0.13800 5.06587
0.13900 5.02465
0.14000 5.00806
0.14100 4.95339
0.14200 5.14358
0.14300 5.04401
0.14400 4.94304
0.14500 4.96102
0.14600 5.00435
0.14700 4.92226
0.14800 5.00843
0.14900 4.97705
0.15000 5.06131
0.15100 5.04811
0.15200 4.86444
0.15300 5.00209
0.15400 4.91913
0.15500 5.05548
0.15600 5.00841
0.15700 5.02742
0.15800 4.94674
0.15900 5.09142
0.16000 5.10100
0.16100 4.94676
0.16200 5.01864
0.16300 4.96633
0.16400 4.99882
0.16500 4.93672
0.16600 5.09336
0.16700 4.95154
0.16800 4.98520
0.16900 5.02507
0.17000 4.96762
0.17100 4.98803
0.17200 4.97182
0.17300 4.99333
0.17400 4.94147
0.17500 4.97810
0.17600 4.98966
0.17700 4.98331
0.17800 5.00283
0.17900 4.98534
0.18000 5.03766
0.18100 4.98384
0.18200 4.99317
0.18300 4.96676
0.18400 4.97367
0.18500 4.93678
0.18600 5.02594
0.18700 4.94287
0.18800 4.96271
0.18900 5.01796
0.19000 5.02013
0.19100 4.97999
0.19200 4.89904
0.19300 5.02103
0.19400 5.01298
0.19500 4.92938
0.19600 5.03852
0.19700 4.96495
0.19800 4.94369
0.19900 5.00479
0.20000 4.99108
0.20100 5.01013
0.20200 4.91971
0.20300 5.09061
0.20400 4.96987
0.20500 4.92302
0.20600 5.03094
0.20700 4.98226
0.20800 5.01624
0.20900 4.98302
0.21000 4.99701
0.21100 5.01229
0.21200 4.96267
0.21300 5.03394
0.21400 4.97650
0.21500 4.95652
0.21600 5.00385
0.21700 5.02225
0.21800 4.98855
0.21900 4.95687
0.22000 5.03099
0.22100 4.91198
0.22200 4.94846
0.22300 5.00198
0.22400 4.93195
0.22500 5.00140
0.22600 4.99726
0.22700 5.04494
0.22800 4.95426
0.22900 4.96870
0.23000 5.01666
0.23100 4.87712
0.23200 5.15500
0.23300 4.96507
0.23400 4.96351
0.23500 5.04306
0.23600 4.99801
0.23700 4.91103
0.23800 5.03135
0.23900 5.04277
0.24000 4.97750
0.24100 4.98592
0.24200 5.02430
0.24300 4.95456
0.24400 5.02192
0.24500 5.00996
0.24600 4.96625
0.24700 4.93039
0.24800 4.98872
0.24900 4.95623
0.25000 5.05007
0.25100 5.00720
0.25200 5.03910
0.25300 5.00673
0.25400 5.01315
0.25500 4.96085
0.25600 5.03340
0.25700 5.08923
0.25800 4.98452
0.25900 4.97036
0.26000 4.99211
0.26100 4.97594
0.26200 4.96493
0.26300 5.00691
0.26400 4.98545
0.26500 5.07194
0.26600 5.00001
0.26700 5.01620
0.26800 5.04760
0.26900 4.98496
0.27000 5.07184
0.27100 4.96837
0.27200 4.95958
0.27300 4.98169
0.27400 4.99426
0.27500 4.92993
0.27600 4.99825
0.27700 4.91663
0.27800 5.06961
0.27900 4.99595
0.28000 4.96790
0.28100 4.95458
0.28200 4.98078
0.28300 4.98885
0.28400 4.94777
0.28500 4.95401
0.28600 4.99064
0.28700 4.97396
0.28800 5.04696
0.28900 5.05689
0.29000 5.00080
0.29100 5.02368
0.29200 4.93324
0.29300 5.03187
0.29400 4.99847
0.29500 5.02423
0.29600 5.08002
0.29700 4.88596
0.29800 5.01305
0.29900 4.94504
0.30000 5.02961
0.30100 4.93433
0.30200 4.97523
0.30300 5.01014
0.30400 5.03068
0.30500 5.00374
0.30600 4.96036
0.30700 4.97232
0.30800 5.04423
0.30900 4.99973
0.31000 4.91581
0.31100 5.04218
0.31200 5.02081
0.31300 5.04367
0.31400 4.98317
0.31500 5.04141
0.31600 4.94695
0.31700 5.02850
0.31800 4.97548
0.31900 5.03372
0.32000 5.05028
0.32100 4.96320
0.32200 4.99744
0.32300 5.00195
0.32400 5.05948
0.32500 5.03553
0.32600 4.93904
0.32700 5.02288
0.32800 5.03725
0.32900 5.10619
0.33000 4.91604
0.33100 4.97318
0.33200 5.06667
0.33300 4.93225
0.33400 4.94003
0.33500 5.02585
0.33600 5.05092
0.33700 4.96657
0.33800 5.02701
0.33900 5.00585
0.34000 5.07594
0.34100 4.99992
0.34200 5.04951
0.34300 4.95484
0.34400 4.99076
0.34500 0.19516
0.34600 0.25696
0.34700 0.22898
0.34800 0.16241
0.34900 0.23410
0.35000 0.23853
0.35100 0.19442
0.35200 0.18712
0.35300 0.19031
0.35400 0.11525
0.35500 0.20944
0.35600 0.21173
0.35700 0.15672
0.35800 0.23712
0.35900 0.13135
0.36000 0.17241
0.36100 0.17624
0.36200 0.29938
0.36300 0.12004
0.36400 0.22813
0.36500 5.04711
0.36600 5.01889
0.36700 5.05909
0.36800 4.94986
0.36900 4.88599
0.37000 5.03834
0.37100 4.94021
0.37200 4.98368
0.37300 4.94106
0.37400 5.05262
0.37500 5.04326
0.37600 4.96400
0.37700 5.04517
0.37800 5.00606
0.37900 4.99303
0.38000 5.00287
0.38100 4.98986
0.38200 5.03075
0.38300 5.01552
0.38400 4.98253
0.38500 5.05031
0.38600 4.96943
0.38700 5.01435
0.38800 5.02111
0.38900 5.07394
0.39000 4.97473
0.39100 5.08715
0.39200 5.00881
0.39300 4.99030
0.39400 4.96638
0.39500 5.02931
0.39600 5.00245
0.39700 4.94482
0.39800 4.94361
0.39900 4.97222
0.40000 4.96620
0.40100 5.05452
0.40200 5.06878
0.40300 5.04343
0.40400 5.01789
0.40500 4.97859
0.40600 5.00272
0.40700 5.04424
0.40800 5.10655
0.40900 5.04564
0.41000 4.98598
0.41100 5.00190
0.41200 4.97587
0.41300 4.96088
0.41400 4.99079
0.41500 5.00978
0.41600 5.09180
0.41700 5.00260
0.41800 5.06787
0.41900 5.08837
0.42000 5.00394
0.42100 5.08039
0.42200 5.03575
0.42300 4.97912
0.42400 5.01326
0.42500 5.00114
0.42600 4.98838
0.42700 4.99006
0.42800 5.00721
0.42900 5.02171
0.43000 4.95576
0.43100 4.99953
0.43200 4.92388
0.43300 5.01304
0.43400 5.03118
0.43500 5.00820
0.43600 5.01429
0.43700 5.02950
0.43800 4.96674
0.43900 4.98805
0.44000 5.02555
0.44100 5.05009
0.44200 5.01975
0.44300 5.12764
0.44400 4.99543
0.44500 5.04998
0.44600 5.06334
0.44700 4.99331
0.44800 4.95897
0.44900 4.94087
0.45000 5.00811
0.45100 5.05551
0.45200 5.01358
0.45300 5.00864
0.45400 4.98104
0.45500 5.02805
0.45600 4.89321
0.45700 5.01162
0.45800 5.00141
0.45900 4.93148
0.46000 5.10878
0.46100 4.93063
0.46200 4.94612
0.46300 4.93996
0.46400 5.05552
0.46500 4.95560
0.46600 5.03343
0.46700 5.02938
0.46800 5.01298
0.46900 4.93462
0.47000 4.96939
0.47100 5.08366
0.47200 4.93546
0.47300 4.95842
0.47400 4.99189
0.47500 5.04045
0.47600 5.01258
0.47700 5.03710
0.47800 4.94664
0.47900 5.04724
0.48000 5.02845
0.48100 4.92027
0.48200 5.07700
0.48300 5.11462
0.48400 4.96157
0.48500 5.00278
0.48600 5.06987
0.48700 4.92594
0.48800 4.90051
0.48900 4.93515
0.49000 4.97165
0.49100 4.97108
0.49200 5.03037
0.49300 5.01343
0.49400 4.93770
0.49500 5.02837
0.49600 5.09370
0.49700 5.05985
0.49800 5.04956
0.49900 5.00101
0.50000 5.04918
0.50100 4.95169
0.50200 5.03755
0.50300 4.99564
0.50400 5.05655
0.50500 5.02330
0.50600 4.94551
0.50700 5.00640
0.50800 5.06091
0.50900 4.94354
0.51000 4.97204
0.51100 4.96157
0.51200 4.92522
0.51300 5.04806
0.51400 5.06555
0.51500 5.04000
0.51600 5.01213
0.51700 4.99740
0.51800 5.01197
0.51900 4.96342
0.52000 5.04469
0.52100 5.05227
0.52200 5.04663
0.52300 4.97345
0.52400 5.00392
0.52500 4.99171
0.52600 5.08943
0.52700 5.00898
0.52800 4.90590
0.52900 5.01993
0.53000 5.09411
0.53100 5.03426
0.53200 5.04397
0.53300 5.00180
0.53400 4.90143
0.53500 4.90949
0.53600 4.93770
0.53700 4.99366
0.53800 5.01550
0.53900 5.03447
0.54000 4.98298
0.54100 5.04785
0.54200 4.98601
0.54300 4.96478
0.54400 5.04258
0.54500 4.95428
0.54600 4.86355
0.54700 4.94700
0.54800 5.00471
0.54900 4.84599
0.55000 4.98214
0.55100 4.98340
0.55200 4.92868
0.55300 4.92587
0.55400 4.97688
0.55500 4.97264
0.55600 5.06300
0.55700 5.01874
0.55800 4.92096
0.55900 4.95727
0.56000 5.03526
0.56100 5.09480
0.56200 5.01932
0.56300 5.01554
0.56400 5.09304
0.56500 4.99887
0.56600 4.98454
0.56700 4.92934
0.56800 4.97435
0.56900 5.10894
0.57000 4.92891
0.57100 5.00056
0.57200 4.92958
0.57300 5.00642
0.57400 5.04438
0.57500 4.98782
0.57600 5.03652
0.57700 5.03604
0.57800 5.02235
0.57900 5.08581
0.58000 5.03894
0.58100 4.98475
0.58200 4.96596
0.58300 4.95773
0.58400 5.02379
0.58500 4.98381
0.58600 5.13646
0.58700 5.09212
0.58800 4.98927
0.58900 4.98354
0.59000 5.08451
0.59100 4.90583
0.59200 4.97742
0.59300 5.04754
0.59400 4.95440
0.59500 4.97616
0.59600 4.98244
0.59700 5.03304
0.59800 5.00688
0.59900 5.02010
0.60000 5.02976
0.60100 5.00150
0.60200 5.05553
0.60300 4.96355
0.60400 4.92819
0.60500 4.91116
0.60600 4.91895
0.60700 4.97247
0.60800 5.05150
0.60900 5.00871
0.61000 4.97007
0.61100 4.94651
0.61200 4.97356
0.61300 4.97982
0.61400 4.97175
0.61500 4.92837
0.61600 4.97621
0.61700 5.05086
0.61800 4.89127
0.61900 4.98797
0.62000 4.89393
0.62100 5.00915
0.62200 4.96263
0.62300 4.89572
0.62400 5.00504
0.62500 5.09087
0.62600 5.00544
0.62700 5.05809
0.62800 4.99642
0.62900 4.89212
0.63000 5.02452
0.63100 4.97909
0.63200 4.92690
0.63300 5.03924
0.63400 5.01434
0.63500 4.97373
0.63600 5.04340
0.63700 4.95640
0.63800 5.03217
0.63900 4.95298
0.64000 5.02670
0.64100 4.94496
0.64200 5.07446
0.64300 5.01272
0.64400 5.07164
0.64500 4.95888
0.64600 4.97619
0.64700 5.04198
0.64800 4.86281
0.64900 4.94666
0.65000 5.05166
0.65100 5.02326
0.65200 5.04894
0.65300 4.98451
0.65400 5.02820
0.65500 4.96346
0.65600 4.93140
0.65700 4.91526
0.65800 4.97241
0.65900 4.97255
0.66000 4.96853
0.66100 4.82256
0.66200 4.90007
0.66300 4.97337
0.66400 5.01435
0.66500 4.97106
0.66600 4.95616
0.66700 4.88458
0.66800 5.10107
0.66900 4.94494
0.67000 5.08417
0.67100 5.07803
0.67200 5.01370
0.67300 4.97137
0.67400 5.00661
0.67500 4.94235
0.67600 5.01304
0.67700 5.00015
0.67800 5.02660
0.67900 5.04752
0.68000 5.08664
0.68100 4.98058
0.68200 5.05217
0.68300 4.96042
0.68400 4.95527
0.68500 4.96910
0.68600 4.95090
0.68700 5.04901
0.68800 5.04616
0.68900 5.06362
0.69000 4.99873
0.69100 5.01372
0.69200 4.97108
0.69300 4.94245
0.69400 5.02235
0.69500 5.01342
0.69600 4.94465
0.69700 5.02927
0.69800 4.91291
0.69900 4.99105
0.70000 4.96848
0.70100 4.97354
0.70200 4.94583
0.70300 5.04762
0.70400 5.02830
0.70500 5.05917
0.70600 5.00652
0.70700 4.93510
0.70800 4.98105
0.70900 4.94042
0.71000 5.02234
0.71100 5.05994
0.71200 5.01580
0.71300 4.96937
0.71400 4.98083
0.71500 5.00952
0.71600 4.92698
0.71700 5.00673
0.71800 5.00917
0.71900 4.97199
0.72000 4.97830
0.72100 5.00769
0.72200 4.95809
0.72300 4.95798
0.72400 5.03800
0.72500 5.01017
0.72600 5.08293
0.72700 4.94960
0.72800 4.90995
0.72900 5.04594
0.73000 5.04671
0.73100 4.96189
0.73200 4.92536
0.73300 4.99639
0.73400 4.91110
0.73500 4.98155
0.73600 4.88945
0.73700 4.98660
0.73800 4.89243
0.73900 4.98656
0.74000 5.07423
0.74100 4.98497
0.74200 5.03676
0.74300 4.96615
0.74400 4.95358
0.74500 4.92325
0.74600 5.05012
0.74700 4.99515
0.74800 5.07912
0.74900 4.93901
0.75000 4.98675
0.75100 5.00181
0.75200 5.06841
0.75300 5.08885
0.75400 4.96527
0.75500 4.94099
0.75600 4.91081
0.75700 5.06444
0.75800 4.99320
0.75900 4.96513
0.76000 4.99493
0.76100 4.86955
0.76200 4.91117
0.76300 5.04419
0.76400 5.01720
0.76500 5.00490
0.76600 4.94732
0.76700 5.02677
0.76800 5.08630
0.76900 4.93614
0.77000 4.99809
0.77100 4.97559
0.77200 5.01538
0.77300 4.99803
0.77400 4.98997
0.77500 4.95321
0.77600 4.99652
0.77700 4.96659
0.77800 4.98998
0.77900 4.99412
0.78000 5.03001
0.78100 4.96818
0.78200 4.98113
0.78300 5.05090
0.78400 4.98638
0.78500 4.98420
0.78600 5.04051
0.78700 5.01093
0.78800 5.00186
0.78900 5.00831
0.79000 4.93535
0.79100 5.02041
0.79200 5.06369
0.79300 5.02650
0.79400 4.91969
0.79500 5.01176
0.79600 4.95236
0.79700 4.98633
0.79800 5.00420
0.79900 4.93815
0.80000 5.06461
0.80100 4.99442
0.80200 5.03752
0.80300 5.02967
0.80400 5.06517
0.80500 5.05759
0.80600 4.92434
0.80700 5.00024
0.80800 4.89138
0.80900 4.97581
0.81000 5.03392
0.81100 5.04391
0.81200 5.06269
0.81300 4.97941
0.81400 5.01430
0.81500 5.00318
0.81600 5.06168
0.81700 5.07776
0.81800 4.98042
0.81900 5.18758
0.82000 4.99820
0.82100 4.98006
0.82200 5.02839
0.82300 5.03636
0.82400 5.02578
0.82500 4.96602
0.82600 5.07219
0.82700 5.00129
0.82800 5.07552
0.82900 5.06833
0.83000 4.93506
0.83100 4.94978
0.83200 4.94879
0.83300 5.01135
0.83400 5.00161
0.83500 5.01238
0.83600 4.95836
0.83700 5.02036
0.83800 5.06926
0.83900 4.93232
0.84000 4.98931
0.84100 5.01155
0.84200 4.99265
0.84300 4.98929
0.84400 5.08761
0.84500 5.06335
0.84600 5.04167
0.84700 4.96114
0.84800 5.11128
0.84900 5.01730
0.85000 4.97035
0.85100 4.98238
0.85200 4.97478
0.85300 5.10533
0.85400 5.00956
0.85500 5.00247
0.85600 4.89167
0.85700 5.03619
0.85800 4.94643
0.85900 4.94285
0.86000 5.02998
0.86100 4.95618
0.86200 5.04114
0.86300 5.05544
0.86400 4.90988
0.86500 4.99254
0.86600 4.92066
0.86700 4.99625
0.86800 5.04496
0.86900 4.93116
0.87000 5.08946
0.87100 4.98377
0.87200 4.94012
0.87300 4.99303
0.87400 5.03884
0.87500 4.93035
0.87600 4.99929
0.87700 4.93051
0.87800 5.05938
0.87900 5.00689
0.88000 4.97787
0.88100 5.05087
0.88200 4.93467
0.88300 4.97942
0.88400 5.09138
0.88500 4.99285
0.88600 5.06688
0.88700 5.00879
0.88800 4.96402
0.88900 4.98669
0.89000 5.00285
0.89100 4.97850
0.89200 4.95776
0.89300 4.95988
0.89400 4.92478
0.89500 5.00446
0.89600 5.01860
0.89700 5.03636
0.89800 4.90862
0.89900 5.03919
0.90000 4.99804
0.90100 4.92747
0.90200 5.00379
0.90300 5.03963
0.90400 5.02502
0.90500 5.03517
0.90600 5.04617
0.90700 5.04370
0.90800 4.99713
0.90900 4.89479
0.91000 4.96094
0.91100 5.01673
0.91200 4.97546
0.91300 5.03322
0.91400 5.03884
0.91500 5.00137
0.91600 5.09296
0.91700 4.95022
0.91800 5.04555
0.91900 4.97537
0.92000 4.95998
0.92100 5.02844
0.92200 4.96822
0.92300 5.04196
0.92400 4.94069
0.92500 5.00078
0.92600 4.95685
0.92700 4.98728
0.92800 4.98043
0.92900 4.94260
0.93000 5.03181
0.93100 4.93679
0.93200 4.95005
0.93300 5.04364
0.93400 5.04774
0.93500 5.03247
0.93600 5.01610
0.93700 5.11301
0.93800 4.93863
0.93900 4.96195
0.94000 4.94944
0.94100 5.04407
0.94200 5.01355
0.94300 5.05470
0.94400 5.04779
0.94500 4.98792
0.94600 4.95823
0.94700 4.94958
0.94800 5.10978
0.94900 5.04759
0.95000 5.02888
0.95100 4.98228
0.95200 4.98933
0.95300 4.98205
0.95400 4.98306
0.95500 4.87908
0.95600 4.99619
0.95700 4.98014
0.95800 5.01375
0.95900 5.00974
0.96000 5.04194
0.96100 4.99862
0.96200 5.03912
0.96300 4.87123
0.96400 4.94422
0.96500 5.08557
0.96600 4.93832
0.96700 4.98533
0.96800 5.03463
0.96900 4.95516
0.97000 5.03542
0.97100 4.92789
0.97200 4.90362
0.97300 4.93283
0.97400 4.91661
0.97500 4.99841
0.97600 4.98340
0.97700 5.01571
0.97800 4.94751
0.97900 5.12644
0.98000 4.99452
0.98100 4.99700
0.98200 5.02208
0.98300 4.98712
0.98400 4.96772
0.98500 5.00359
0.98600 5.04524
0.98700 5.03259
0.98800 5.04640
0.98900 4.97111
0.99000 4.96058
0.99100 5.09956
0.99200 4.98741
0.99300 5.02328
0.99400 5.03630
0.99500 5.07043
0.99600 4.93184
0.99700 4.97540
0.99800 4.97774
0.99900 4.98435
1.00000 4.87879
1.00100 4.99462
1.00200 4.85474
1.00300 5.01435
1.00400 5.02634
1.00500 5.02937
1.00600 4.93925
1.00700 5.04725
1.00800 4.95630
1.00900 4.93816
1.01000 4.95051
1.01100 4.95715
1.01200 5.00818
1.01300 5.04080
1.01400 4.89450
1.01500 4.97254
1.01600 5.04470
1.01700 5.00981
1.01800 5.02509
1.01900 4.92477
1.02000 5.04744
1.02100 4.92155
1.02200 5.00950
1.02300 5.06806
1.02400 5.09397
1.02500 5.02558
1.02600 5.04405
1.02700 4.96968
1.02800 4.97593
1.02900 5.05847
1.03000 5.00008
1.03100 4.99363
1.03200 4.92947
1.03300 5.00753
1.03400 5.03229
1.03500 4.96029
1.03600 4.97465
1.03700 5.07902
1.03800 5.00891
1.03900 4.98557
1.04000 4.94315
1.04100 4.96902
1.04200 4.98750
1.04300 5.06846
1.04400 4.96948
1.04500 5.08972
1.04600 4.95357
1.04700 4.98212
1.04800 5.04218
1.04900 4.98799
1.05000 4.95849
1.05100 4.99341
1.05200 5.02244
1.05300 4.91421
1.05400 0.18757
1.05500 0.19453
1.05600 0.17981
1.05700 0.23677
1.05800 0.17157
1.05900 0.18177
1.06000 0.20188
1.06100 0.23644
1.06200 0.18894
1.06300 0.27583
1.06400 0.15461
1.06500 0.26433
1.06600 0.15711
1.06700 0.19185
1.06800 0.21820
1.06900 0.30274
1.07000 0.24479
1.07100 0.17971
1.07200 0.26496
1.07300 0.18931
1.07400 4.96043
1.07500 5.02243
1.07600 5.00472
1.07700 5.04768
1.07800 4.97251
1.07900 5.01908
1.08000 5.03173
1.08100 5.01390
1.08200 4.99855
1.08300 4.96512
1.08400 5.04519
1.08500 5.00686
1.08600 5.02482
1.08700 4.98246
1.08800 5.00065
1.08900 4.94814
1.09000 5.00428
1.09100 5.03826
1.09200 5.00465
1.09300 5.04297
1.09400 5.01565
1.09500 5.06819
1.09600 4.99050
1.09700 4.91807
1.09800 5.02162
1.09900 4.99174
1.10000 4.95129
1.10100 5.03256
1.10200 5.01322
1.10300 5.02227
1.10400 4.98338
1.10500 5.00985
1.10600 5.01272
1.10700 5.08873
1.10800 4.96580
1.10900 4.99948
1.11000 5.01819
1.11100 4.91376
1.11200 4.91985
1.11300 5.10829
1.11400 4.91164
1.11500 5.02875
1.11600 4.95759
1.11700 4.96184
1.11800 4.90087
1.11900 4.95496
1.12000 5.03922
1.12100 4.93056
1.12200 5.02977
1.12300 5.01566
1.12400 5.10092
1.12500 4.97627
1.12600 5.06317
1.12700 5.04444
1.12800 4.98567
1.12900 4.91685
1.13000 5.07547
1.13100 4.93178
1.13200 4.97633
1.13300 5.04416
1.13400 5.05580
1.13500 4.95773
1.13600 4.99840
1.13700 4.98707
1.13800 5.05908
1.13900 5.12523
1.14000 4.90851
1.14100 5.04582
1.14200 4.85709
1.14300 5.00070
1.14400 4.94456
1.14500 5.09959
1.14600 5.00832
1.14700 4.96316
1.14800 4.97503
1.14900 4.97124
1.15000 5.00942
1.15100 4.99209
1.15200 5.03279
1.15300 5.07701
1.15400 5.03507
1.15500 4.93870
1.15600 4.91881
1.15700 4.96223
1.15800 5.05266
1.15900 4.98325
1.16000 4.96662
1.16100 5.00691
1.16200 4.92922
1.16300 4.94303
1.16400 5.02552
1.16500 4.98484
1.16600 4.97734
1.16700 5.01588
1.16800 4.97076
1.16900 4.96569
1.17000 4.97701
1.17100 5.03013
1.17200 5.00299
1.17300 4.94027
1.17400 4.98485
1.17500 5.03241
1.17600 5.09354
1.17700 4.94288
1.17800 5.01693
1.17900 4.98706
1.18000 5.04128
1.18100 5.02248
1.18200 5.07361
1.18300 5.02597
1.18400 4.97274
1.18500 4.97307
1.18600 5.02028
1.18700 5.01975
1.18800 5.11990
1.18900 5.08382
1.19000 4.94132
1.19100 5.01751
1.19200 4.93345
1.19300 4.91722
1.19400 5.03718
1.19500 5.02759
1.19600 4.94807
1.19700 5.08218
1.19800 4.95112
1.19900 4.94161
1.20000 5.03263
1.20100 5.01105
1.20200 4.99197
1.20300 4.99665
1.20400 5.01119
1.20500 4.99302
1.20600 4.99137
1.20700 4.90520
1.20800 4.93290
1.20900 5.03055
1.21000 4.96478
1.21100 5.02726
1.21200 5.06177
1.21300 4.98225
1.21400 5.01415
1.21500 5.10382
1.21600 5.03475
1.21700 5.09209
1.21800 5.07667
1.21900 5.03767
1.22000 4.99441
1.22100 4.95790
1.22200 4.94442
1.22300 5.02432
1.22400 5.02341
1.22500 4.99127
1.22600 5.04242
1.22700 4.96977
1.22800 5.05551
1.22900 5.00200
1.23000 4.99818
1.23100 4.99999
1.23200 4.99507
1.23300 5.12441
1.23400 4.91942
1.23500 5.00886
1.23600 5.06221
1.23700 5.03588
1.23800 4.98490
1.23900 5.08701
1.24000 4.94658
1.24100 4.93469
1.24200 5.02840
1.24300 4.92728
1.24400 4.88110
1.24500 5.04414
1.24600 5.03807
1.24700 5.03661
1.24800 4.97563
1.24900 5.00915
1.25000 4.95173
1.25100 5.08672
1.25200 5.03955
1.25300 5.03711
1.25400 4.90250
1.25500 5.04037
1.25600 5.07470
1.25700 5.06081
1.25800 5.03946
1.25900 4.99995
1.26000 4.98291
1.26100 5.03008
1.26200 5.01914
1.26300 5.01182
1.26400 4.98454
1.26500 5.08406
1.26600 4.94161
1.26700 4.99887
1.26800 4.97099
1.26900 5.05160
1.27000 5.07152
1.27100 5.06220
1.27200 5.03777
1.27300 4.92987
1.27400 5.10406
1.27500 5.02583
1.27600 4.99458
1.27700 5.00108
1.27800 4.98302
1.27900 5.02119
1.28000 5.01551
1.28100 4.98199
1.28200 4.87151
1.28300 4.99824
1.28400 5.02384
1.28500 5.02631
1.28600 4.99233
1.28700 5.02267
1.28800 5.05142
1.28900 4.97649
1.29000 5.07331
1.29100 4.90224
1.29200 4.93695
1.29300 4.95474
1.29400 4.87778
1.29500 4.95001
1.29600 5.06242
1.29700 5.06208
1.29800 5.00487
1.29900 5.08605
1.30000 5.01197
1.30100 4.97511
1.30200 5.01208
1.30300 4.99314
1.30400 5.03680
1.30500 4.92485
1.30600 5.04997
1.30700 4.97702
1.30800 5.04277
1.30900 4.92295
1.31000 4.97904
1.31100 5.00390
1.31200 5.04507
1.31300 4.93912
1.31400 5.08337
1.31500 5.02413
1.31600 4.97371
1.31700 5.06087
1.31800 5.00514
1.31900 5.05791
1.32000 5.11616
1.32100 5.03843
1.32200 4.97367
1.32300 4.97871
1.32400 5.02913
1.32500 5.01440
1.32600 4.95835
1.32700 4.96659
1.32800 5.03329
1.32900 5.11733
1.33000 4.86848
1.33100 5.03620
1.33200 4.98945
1.33300 5.03897
1.33400 5.04339
1.33500 5.00264
1.33600 4.94920
1.33700 4.93015
1.33800 4.90629
1.33900 5.06112
1.34000 4.98951
1.34100 4.97299
1.34200 4.98611
1.34300 4.93303
1.34400 5.01523
1.34500 5.06594
1.34600 5.05692
1.34700 4.92171
1.34800 5.06818
1.34900 4.96179
1.35000 4.90435
1.35100 4.93853
1.35200 4.95167
1.35300 4.99965
1.35400 4.94840
1.35500 4.92449
1.35600 4.98678
1.35700 5.09620
1.35800 4.96488
1.35900 5.02321
1.36000 5.00400
1.36100 5.13290
1.36200 4.90509
1.36300 5.05477
1.36400 4.93593
1.36500 4.97038
1.36600 4.99517
1.36700 5.15930
1.36800 4.96185
1.36900 4.90556
1.37000 5.06487
1.37100 4.95804
1.37200 4.98785
1.37300 4.99880
1.37400 5.00485
1.37500 4.99149
1.37600 5.01339
1.37700 5.01937
1.37800 5.04270
1.37900 4.97864
1.38000 4.96256
1.38100 4.94682
1.38200 5.02964
1.38300 4.99769
1.38400 5.02766
1.38500 5.02691
1.38600 5.08429
1.38700 5.01038
1.38800 5.03762
1.38900 4.93987
1.39000 4.94598
1.39100 4.98441
1.39200 4.93916
1.39300 5.03448
1.39400 4.93335
1.39500 5.00342
1.39600 4.87710
1.39700 4.94476
1.39800 4.98305
1.39900 4.98705
1.40000 4.91042
1.40100 5.00543
1.40200 5.04874
1.40300 5.03241
1.40400 4.96707
1.40500 4.97064
1.40600 4.94068
1.40700 5.03149
1.40800 5.07208
1.40900 4.97370
1.41000 4.91511
1.41100 5.01000
1.41200 5.03539
1.41300 4.86389
1.41400 5.00692
1.41500 5.10822
1.41600 5.04103
1.41700 5.02752
1.41800 5.02011
1.41900 5.05309
1.42000 4.95294
1.42100 4.95773
1.42200 5.02038
1.42300 4.96573
1.42400 5.01294
1.42500 4.90437
1.42600 5.03790
1.42700 5.04235
1.42800 5.00218
1.42900 5.00822
1.43000 5.08103
1.43100 4.94585
1.43200 4.95434
1.43300 4.94531
1.43400 4.97876
1.43500 4.94944
1.43600 5.00185
1.43700 4.96746
1.43800 4.92754
1.43900 4.92249
1.44000 5.06058
1.44100 4.99656
1.44200 4.98863
1.44300 5.00133
1.44400 4.99588
1.44500 5.03781
1.44600 5.02811
1.44700 4.97051
1.44800 4.95882
1.44900 4.94566
1.45000 4.93744
1.45100 5.07011
1.45200 4.95417
1.45300 4.89905
1.45400 4.95783
1.45500 4.96058
1.45600 5.01649
1.45700 4.95570
1.45800 5.02674
1.45900 5.01943
1.46000 5.06334
1.46100 5.10835
1.46200 5.14245
1.46300 5.06754
1.46400 4.94201
1.46500 4.97979
1.46600 5.01238
1.46700 5.10341
1.46800 5.03383
1.46900 5.06017
1.47000 4.99130
1.47100 5.02951
1.47200 5.03591
1.47300 4.97718
1.47400 5.03887
1.47500 5.05354
1.47600 4.99208
1.47700 5.05091
1.47800 5.08240
1.47900 5.00331
1.48000 5.00002
1.48100 4.98452
1.48200 4.96903
1.48300 5.00781
1.48400 4.97941
1.48500 4.98440
1.48600 4.96133
1.48700 4.92320
1.48800 4.95314
1.48900 5.01645
1.49000 4.94084
1.49100 4.96760
1.49200 5.08211
1.49300 5.05633
1.49400 4.96533
1.49500 5.03017
1.49600 4.96749
1.49700 5.08138
1.49800 4.97072
1.49900 5.00409
1.50000 5.06924
1.50100 4.95861
1.50200 5.06523
1.50300 4.95913
1.50400 5.01191
1.50500 4.98522
1.50600 4.99557
1.50700 5.00800
1.50800 4.99628
1.50900 4.94913
1.51000 5.04333
1.51100 5.03603
1.51200 5.06449
1.51300 5.06925
1.51400 4.93280
1.51500 5.06428
1.51600 5.06489
1.51700 4.97339
1.51800 5.05187
1.51900 5.07341
1.52000 4.97306
1.52100 4.93106
1.52200 4.98202
1.52300 5.13964
1.52400 5.01181
1.52500 4.93929
1.52600 4.98735
1.52700 4.95030
1.52800 4.98004
1.52900 5.00476
1.53000 4.87192
1.53100 5.01802
1.53200 5.07073
1.53300 4.99013
1.53400 4.98087
1.53500 5.05468
1.53600 4.93667
1.53700 4.93771
1.53800 4.93047
1.53900 4.99213
1.54000 5.01970
1.54100 4.99547
1.54200 5.02749
1.54300 5.04154
1.54400 5.02483
1.54500 4.95957
1.54600 4.98660
1.54700 5.06241
1.54800 4.94767
1.54900 4.98733
1.55000 4.97914
1.55100 4.99100
1.55200 4.94622
1.55300 4.93253
1.55400 5.12780
1.55500 5.04730
1.55600 4.96437
1.55700 4.99705
1.55800 5.03384
1.55900 4.98282
1.56000 5.03083
1.56100 4.96924
1.56200 4.98207
1.56300 4.99576
1.56400 4.97713
1.56500 4.87736
1.56600 5.00106
1.56700 5.01308
1.56800 5.02381
1.56900 4.95030
1.57000 5.01721
1.57100 5.01079
1.57200 4.91156
1.57300 4.88990
1.57400 5.02382
1.57500 4.95229
1.57600 5.05011
1.57700 5.10702
1.57800 4.97086
1.57900 4.96553
1.58000 4.99942
1.58100 5.03374
1.58200 4.94321
1.58300 5.06227
1.58400 5.04956
1.58500 5.03306
1.58600 4.97301
1.58700 5.04582
1.58800 5.04286
1.58900 4.93995
1.59000 5.10451
1.59100 4.98497
1.59200 5.01846
1.59300 4.97379
1.59400 5.01924
1.59500 5.05800
1.59600 4.95963
1.59700 4.91723
1.59800 4.97750
1.59900 4.93470
1.60000 4.96207
1.60100 4.99368
1.60200 4.99679
1.60300 5.06454
1.60400 4.94926
1.60500 5.01764
1.60600 4.97462
1.60700 5.06825
1.60800 5.12638
1.60900 5.01517
1.61000 5.08371
1.61100 4.97349
1.61200 4.92003
1.61300 4.93648
1.61400 4.92105
1.61500 4.95226
1.61600 4.98799
1.61700 5.05751
1.61800 5.03499
1.61900 5.02319
1.62000 4.97881
1.62100 4.96390
1.62200 5.00166
1.62300 5.00688
1.62400 5.01281
1.62500 5.01858
1.62600 4.99412
1.62700 4.90377
1.62800 4.94424
1.62900 4.95872
1.63000 5.08484
1.63100 4.97864
1.63200 5.03375
1.63300 5.07321
1.63400 5.01667
1.63500 4.98036
1.63600 4.98534
1.63700 4.94888
1.63800 5.01533
1.63900 5.05640
1.64000 5.02849
1.64100 5.03857
1.64200 5.03588
1.64300 5.10020
1.64400 4.96831
1.64500 5.00788
1.64600 5.03527
1.64700 5.06236
1.64800 4.87862
1.64900 4.97388
1.65000 4.98958
1.65100 4.94853
1.65200 5.04236
1.65300 5.01095
1.65400 4.98018
1.65500 4.91829
1.65600 4.93381
1.65700 4.95073
1.65800 5.02274
1.65900 4.93904
1.66000 4.89653
1.66100 4.92737
1.66200 4.97040
1.66300 5.08366
1.66400 5.12510
1.66500 4.97593
1.66600 5.04719
1.66700 5.07006
1.66800 5.06423
1.66900 4.99416
1.67000 4.93490
1.67100 4.97558
1.67200 4.90690
1.67300 5.01193
1.67400 5.03887
1.67500 4.90535
1.67600 4.99741
1.67700 5.01462
1.67800 5.06247
1.67900 5.06893
1.68000 5.04006
1.68100 4.96566
1.68200 4.98158
1.68300 5.06021
1.68400 4.96970
1.68500 4.99789
1.68600 5.07804
1.68700 5.00639
1.68800 4.93127
1.68900 4.98522
1.69000 5.03197
1.69100 4.99048
1.69200 5.05807
1.69300 5.06410
1.69400 4.96746
1.69500 4.97482
1.69600 4.99478
1.69700 4.93991
1.69800 5.01889
1.69900 4.99099
1.70000 5.03926
1.70100 4.96999
1.70200 4.95601
1.70300 5.09189
1.70400 4.95603
1.70500 4.97072
1.70600 4.96338
1.70700 4.98477
1.70800 4.95420
1.70900 4.99775
1.71000 4.96476
1.71100 4.97916
1.71200 5.01814
1.71300 5.03508
1.71400 5.02335
1.71500 4.96320
1.71600 5.01986
1.71700 4.99398
1.71800 4.99468
1.71900 4.91388
1.72000 5.03357
1.72100 4.99302
1.72200 5.08531
1.72300 5.03201
1.72400 4.94417
1.72500 4.93139
1.72600 5.05755
1.72700 4.95626
1.72800 5.03422
1.72900 4.98496
1.73000 5.10519
1.73100 5.00401
1.73200 5.07579
1.73300 5.06671
1.73400 4.97695
1.73500 4.98370
1.73600 5.07448
1.73700 5.00035
1.73800 4.95697
1.73900 5.06068
1.74000 5.12924
1.74100 4.99883
1.74200 5.07092
1.74300 4.99301
1.74400 5.06906
1.74500 4.98943
1.74600 5.06818
1.74700 5.02889
1.74800 4.99266
1.74900 5.01379
1.75000 4.97496
1.75100 4.94587
1.75200 4.94947
1.75300 4.99957
1.75400 4.94963
1.75500 5.02467
1.75600 5.02936
1.75700 5.02644
1.75800 4.97815
1.75900 5.00592
1.76000 5.00188
1.76100 5.06937
1.76200 4.96291
1.76300 4.98407
1.76400 0.19165
1.76500 0.19622
1.76600 0.16592
1.76700 0.17197
1.76800 0.25426
1.76900 0.17154
1.77000 0.24936
1.77100 0.30529
1.77200 0.26746
1.77300 0.11310
1.77400 0.24223
1.77500 0.22748
1.77600 0.23078
1.77700 0.12220
1.77800 0.24151
1.77900 0.14904
1.78000 0.26823
1.78100 0.25707
1.78200 0.33093
1.78300 0.18404
1.78400 4.92706
1.78500 5.05571
1.78600 5.04696
1.78700 4.98407
1.78800 5.07125
1.78900 5.03764
1.79000 4.93874
1.79100 4.98555
1.79200 4.98082
1.79300 4.99763
1.79400 5.01271
1.79500 4.96830
1.79600 4.99321
1.79700 5.03257
1.79800 4.99938
1.79900 4.98954
1.80000 4.98781
1.80100 4.99803
1.80200 4.90724
1.80300 5.01105
1.80400 4.95159
1.80500 5.00833
1.80600 4.92940
1.80700 5.04914
1.80800 5.01487
1.80900 4.93545
1.81000 5.01489
1.81100 4.96504
1.81200 5.09311
1.81300 5.02760
1.81400 4.96321
1.81500 5.01432
1.81600 5.00146
1.81700 5.06303
1.81800 5.02101
1.81900 5.02888
1.82000 4.94729
1.82100 5.04288
1.82200 5.10799
1.82300 5.03517
1.82400 5.00135
1.82500 5.01154
1.82600 4.95570
1.82700 5.01267
1.82800 4.94845
1.82900 5.00559
1.83000 4.98398
1.83100 4.96186
1.83200 5.03243
1.83300 4.92893
1.83400 5.00141
1.83500 4.93718
1.83600 5.09496
1.83700 5.10222
1.83800 5.04579
1.83900 5.09834
1.84000 5.03312
1.84100 5.03058
1.84200 4.98217
1.84300 4.95865
1.84400 5.00981
1.84500 4.97663
1.84600 4.98150
1.84700 5.03984
1.84800 4.99700
1.84900 4.92532
1.85000 4.99251
1.85100 4.96514
1.85200 4.98856
1.85300 4.94839
1.85400 5.06327
1.85500 5.09840
1.85600 4.94766
1.85700 5.03567
1.85800 5.03313
1.85900 4.94950
1.86000 5.00827
1.86100 5.07376
1.86200 5.04553
1.86300 5.08412
1.86400 4.94460
1.86500 4.96575
1.86600 5.01761
1.86700 5.02072
1.86800 5.00417
1.86900 4.98356
1.87000 4.98233
1.87100 4.97243
1.87200 5.02531
1.87300 4.86473
1.87400 5.08267
1.87500 4.97625
1.87600 4.93107
1.87700 5.02977
1.87800 4.93224
1.87900 5.02176
1.88000 4.98232
1.88100 5.03189
1.88200 5.04177
1.88300 5.06699
1.88400 4.97744
1.88500 4.98760
1.88600 5.00149
1.88700 4.93133
1.88800 5.03168
1.88900 5.00844
1.89000 4.93493
1.89100 5.06246
1.89200 5.07021
1.89300 4.93604
1.89400 5.03048
1.89500 5.06438
1.89600 5.04382
1.89700 4.95275
1.89800 4.93191
1.89900 4.99597
1.90000 4.97691
1.90100 5.00129
1.90200 4.99651
1.90300 5.02800
1.90400 4.97357
1.90500 4.99348
1.90600 5.14995
1.90700 4.99503
1.90800 5.03831
1.90900 5.01588
1.91000 5.01232
1.91100 4.95579
1.91200 5.02771
1.91300 4.99876
1.91400 5.04218
1.91500 5.10385
1.91600 5.01049
1.91700 5.03932
1.91800 4.95005
1.91900 5.00705
1.92000 5.07877
1.92100 4.99819
1.92200 4.96932
1.92300 5.01148
1.92400 4.99192
1.92500 4.98911
1.92600 4.98250
1.92700 5.10046
1.92800 4.95757
1.92900 4.98047
1.93000 4.97259
1.93100 5.06311
1.93200 4.98715
1.93300 5.06631
1.93400 5.00941
1.93500 4.99991
1.93600 4.92804
1.93700 5.06164
1.93800 5.02812
1.93900 5.02132
1.94000 4.99519
1.94100 4.98023
1.94200 4.93766
1.94300 5.04835
1.94400 5.01451
1.94500 4.98310
1.94600 4.96954
1.94700 5.00686
1.94800 4.99652
1.94900 5.08321
1.95000 5.03976
1.95100 4.97126
1.95200 4.94579
1.95300 4.98928
1.95400 4.95550
1.95500 5.00489
1.95600 5.02130
1.95700 5.03293
1.95800 5.02195
1.95900 4.99166
1.96000 5.03123
1.96100 4.95679
1.96200 4.99736
1.96300 5.04193
1.96400 5.01574
1.96500 4.93780
1.96600 4.94363
1.96700 4.92067
1.96800 5.09165
1.96900 4.92399
1.97000 4.99460
1.97100 5.09336
1.97200 5.05542
1.97300 5.06744
1.97400 4.97665
1.97500 5.03857
1.97600 5.15391
1.97700 4.99983
1.97800 5.02234
1.97900 4.98592
1.98000 5.00104
1.98100 5.02040
1.98200 5.07107
1.98300 4.95673
1.98400 4.93033
1.98500 5.00305
1.98600 5.01205
1.98700 5.07236
1.98800 5.03769
1.98900 4.97059
1.99000 5.03016
1.99100 5.05763
1.99200 5.01614
1.99300 4.98484
1.99400 5.03566
1.99500 4.98408
1.99600 4.90845
1.99700 5.06834
1.99800 4.93728
1.99900 4.98500
2.00000 4.98591
2.00100 4.98492
2.00200 4.98741
2.00300 4.92960
2.00400 5.02787
2.00500 5.00292
2.00600 5.00348
2.00700 5.05508
2.00800 5.05643
2.00900 5.06838
2.01000 5.09394
2.01100 5.02406
2.01200 4.92449
2.01300 5.01204
2.01400 5.00204
2.01500 5.00484
2.01600 4.97138
2.01700 4.95695
2.01800 5.04122
2.01900 5.04989
2.02000 4.94551
2.02100 5.02838
2.02200 4.99295
2.02300 4.98200
2.02400 5.03560
2.02500 4.99882
2.02600 4.97366
2.02700 5.00413
2.02800 4.90148
2.02900 4.97166
2.03000 4.97925
2.03100 4.93128
2.03200 5.00998
2.03300 5.01451
2.03400 4.97088
2.03500 4.99241
2.03600 5.03452
2.03700 5.05381
2.03800 4.96277
2.03900 5.01768
2.04000 5.05254
2.04100 4.99912
2.04200 4.96200
2.04300 4.96218
2.04400 4.98436
2.04500 4.94877
2.04600 5.10100
2.04700 4.97182
2.04800 5.01919
2.04900 5.00940
2.05000 5.03205
2.05100 4.98089
2.05200 4.93518
2.05300 5.08199
2.05400 4.99612
2.05500 5.00585
2.05600 5.01002
2.05700 5.06308
2.05800 5.03845
2.05900 5.05870
2.06000 5.04114
2.06100 5.00769
2.06200 5.01276
2.06300 4.96291
2.06400 4.90314
2.06500 4.98811
2.06600 4.94643
2.06700 5.12943
2.06800 5.07802
2.06900 5.05861
2.07000 4.97254
2.07100 5.10302
2.07200 4.91487
2.07300 4.93966
2.07400 4.96103
2.07500 4.95218
2.07600 5.00670
2.07700 5.00977
2.07800 5.09558
2.07900 5.04995
2.08000 5.06112
2.08100 5.02100
2.08200 4.99272
2.08300 4.96576
2.08400 4.92462
2.08500 4.95659
2.08600 4.98104
2.08700 5.03822
2.08800 4.91576
2.08900 4.93176
2.09000 5.01105
2.09100 4.94763
2.09200 5.01685
2.09300 4.97949
2.09400 4.96249
2.09500 4.93342
2.09600 4.99538
2.09700 4.96364
2.09800 4.96942
2.09900 4.96820
2.10000 5.00938
2.10100 5.00746
2.10200 4.91435
2.10300 4.99198
2.10400 5.01994
2.10500 5.05197
2.10600 5.03916
2.10700 5.01048
2.10800 4.94288
2.10900 4.96150
2.11000 5.04573
2.11100 4.96489
2.11200 5.05131
2.11300 5.06370
2.11400 4.94689
2.11500 5.02203
2.11600 4.99440
2.11700 5.10139
2.11800 5.04190
2.11900 4.97448
2.12000 5.02037
2.12100 4.95412
2.12200 4.99243
2.12300 5.01025
2.12400 5.00747
2.12500 5.01539
2.12600 4.95465
2.12700 4.90734
2.12800 4.98185
2.12900 4.95538
2.13000 4.96499
2.13100 5.10687
2.13200 5.05814
2.13300 4.99128
2.13400 4.92833
2.13500 4.93509
2.13600 5.01806
2.13700 5.05347
2.13800 4.98557
2.13900 5.00675
2.14000 5.01274
2.14100 5.05331
2.14200 4.90598
2.14300 5.00780
2.14400 5.02028
2.14500 5.04750
2.14600 5.01981
2.14700 4.94497
2.14800 4.97097
2.14900 4.92379
2.15000 5.00966
2.15100 5.00962
2.15200 5.02559
2.15300 4.95151
2.15400 4.94299
2.15500 5.07628
2.15600 5.00911
2.15700 5.08730
2.15800 5.02197
2.15900 4.92691
2.16000 5.04027
2.16100 5.06176
2.16200 4.97746
2.16300 4.90377
2.16400 5.03326
2.16500 4.99298
2.16600 5.01388
2.16700 4.86567
2.16800 5.02286
2.16900 4.86247
2.17000 4.95663
2.17100 5.04430
2.17200 4.90878
2.17300 4.90681
2.17400 4.97751
2.17500 5.08233
2.17600 5.08078
2.17700 4.96959
2.17800 5.04998
2.17900 5.02895
2.18000 5.01305
2.18100 5.01772
2.18200 4.96369
2.18300 5.04000
2.18400 5.05300
2.18500 5.13500
2.18600 5.04576
2.18700 4.87726
2.18800 4.93964
2.18900 5.01651
2.19000 5.00325
2.19100 4.90678
2.19200 4.99280
2.19300 4.98186
2.19400 4.99729
2.19500 4.99364
2.19600 5.04579
2.19700 5.07298
2.19800 5.03393
2.19900 4.94424
2.20000 4.95659
2.20100 4.96665
2.20200 4.99695
2.20300 4.97844
2.20400 4.98228
2.20500 4.95366
2.20600 5.04725
2.20700 5.04236
2.20800 5.04752
2.20900 4.99578
2.21000 5.02254
2.21100 4.95425
2.21200 4.94922
2.21300 4.97262
2.21400 5.02906
2.21500 4.99238
2.21600 4.94273
2.21700 5.00450
2.21800 5.02099
2.21900 5.00802
2.22000 4.96655
2.22100 5.00310
2.22200 4.97881
2.22300 4.98361
2.22400 4.99542
2.22500 5.03757
2.22600 5.09116
2.22700 5.07784
2.22800 5.03134
2.22900 4.97992
2.23000 4.98450
2.23100 4.98665
2.23200 5.05755
2.23300 4.86173
2.23400 5.01289
2.23500 4.90038
2.23600 4.99981
2.23700 5.06623
2.23800 4.95445
2.23900 4.88586
2.24000 5.06486
2.24100 5.07529
2.24200 5.02493
2.24300 5.06276
2.24400 4.95988
2.24500 5.05863
2.24600 5.08503
2.24700 5.03201
2.24800 5.01405
2.24900 5.06416
2.25000 5.05660
2.25100 4.96256
2.25200 5.06800
2.25300 5.03723
2.25400 5.00793
2.25500 5.06519
2.25600 5.04627
2.25700 5.03730
2.25800 4.97461
2.25900 5.04167
2.26000 4.94457
2.26100 4.99368
2.26200 4.91534
2.26300 4.91478
2.26400 5.02215
2.26500 4.99590
2.26600 5.00424
2.26700 5.02960
2.26800 5.01750
2.26900 4.95568
2.27000 5.00367
2.27100 4.99665
2.27200 4.97400
2.27300 4.99377
2.27400 4.98173
2.27500 4.96754
2.27600 4.98329
2.27700 5.01175
2.27800 5.10316
2.27900 4.95915
2.28000 5.02610
2.28100 4.92693
2.28200 5.07950
2.28300 4.98333
2.28400 5.00694
2.28500 5.06387
2.28600 5.04938
2.28700 4.92541
2.28800 5.02776
2.28900 4.98863
2.29000 5.03096
2.29100 5.00762
2.29200 5.03680
2.29300 5.01460
2.29400 4.99301
2.29500 5.05885
2.29600 4.92280
2.29700 4.97835
2.29800 4.95222
2.29900 4.99281
2.30000 4.97850
2.30100 4.99260
2.30200 4.97548
2.30300 4.97652
2.30400 4.91780
2.30500 4.99812
2.30600 5.01542
2.30700 4.97018
2.30800 4.96715
2.30900 4.96777
2.31000 5.08395
2.31100 5.00940
2.31200 5.01939
2.31300 4.98498
2.31400 4.97500
2.31500 4.95607
2.31600 5.07711
2.31700 4.91498
2.31800 5.01500
2.31900 4.99880
2.32000 4.98722
2.32100 4.92168
2.32200 4.93825
2.32300 5.04908
2.32400 4.96531
2.32500 5.04395
2.32600 5.03349
2.32700 5.02897
2.32800 5.03807
2.32900 4.93949
2.33000 4.97630
2.33100 5.03393
2.33200 4.93688
2.33300 5.08323
2.33400 4.97202
2.33500 4.99678
2.33600 4.94874
2.33700 5.01829
2.33800 4.96331
2.33900 4.98787
2.34000 4.94306
2.34100 5.05959
2.34200 4.91837
2.34300 5.02256
2.34400 5.01185
2.34500 5.02189
2.34600 4.94897
2.34700 5.05169
2.34800 5.04822
2.34900 5.00798
2.35000 5.01563
2.35100 4.99213
2.35200 5.03215
2.35300 4.95894
2.35400 5.02774
2.35500 5.02032
2.35600 4.92950
2.35700 4.86880
2.35800 4.99414
2.35900 4.99192
2.36000 5.06090
2.36100 5.00288
2.36200 4.97511
2.36300 4.93201
2.36400 4.99559
2.36500 4.97081
2.36600 4.94486
2.36700 4.99398
2.36800 5.05285
2.36900 5.00464
2.37000 4.94755
2.37100 5.01636
2.37200 4.94510
2.37300 4.92112
2.37400 5.02471
2.37500 4.97248
2.37600 5.05568
2.37700 5.01555
2.37800 4.95968
2.37900 5.01097
2.38000 5.06478
2.38100 4.99056
2.38200 4.94694
2.38300 4.96693
2.38400 4.95935
2.38500 4.94095
2.38600 4.93538
2.38700 5.02112
2.38800 5.05547
2.38900 4.98191
2.39000 5.03933
2.39100 5.04541
2.39200 5.08420
2.39300 4.99068
2.39400 4.98253
2.39500 5.02106
2.39600 5.00488
2.39700 5.01510
2.39800 5.06483
2.39900 4.97854
2.40000 5.01083
2.40100 4.95094
2.40200 4.99203
2.40300 4.96633
2.40400 4.96212
2.40500 4.98901
2.40600 4.97767
2.40700 5.01858
2.40800 5.04019
2.40900 4.92538
2.41000 5.05017
2.41100 4.88868
2.41200 5.01237
2.41300 5.03551
2.41400 4.96746
2.41500 4.98855
2.41600 4.96091
2.41700 5.04474
2.41800 4.84139
2.41900 4.95144
2.42000 4.90315
2.42100 5.00942
2.42200 5.06496
2.42300 5.05958
2.42400 5.03341
2.42500 5.01241
2.42600 4.96170
2.42700 5.06092
2.42800 5.03117
2.42900 4.95778
2.43000 4.93602
2.43100 4.96857
2.43200 5.05409
2.43300 5.06254
2.43400 5.08079
2.43500 4.96123
2.43600 4.98201
2.43700 5.06914
2.43800 5.01100
2.43900 5.03821
2.44000 4.93395
2.44100 4.98153
2.44200 4.99921
2.44300 4.98230
2.44400 4.97931
2.44500 4.91838
2.44600 5.08156
2.44700 5.00745
2.44800 4.92733
2.44900 5.05404
2.45000 5.00362
2.45100 5.03619
2.45200 4.99079
2.45300 4.96135
2.45400 4.96263
2.45500 5.01780
2.45600 5.03941
2.45700 5.02521
2.45800 5.03304
2.45900 5.06100
2.46000 5.01528
2.46100 5.05121
2.46200 5.05647
2.46300 5.01583
2.46400 4.99750
2.46500 4.97966
2.46600 4.94132
2.46700 4.92369
2.46800 5.06728
2.46900 5.00105
2.47000 4.97434
2.47100 5.08072
2.47200 5.05047
2.47300 0.20495
2.47400 0.25232
2.47500 0.19261
2.47600 0.22018
2.47700 0.29336
2.47800 0.25533
2.47900 0.18878
2.48000 0.23723
2.48100 0.26171
2.48200 0.19684
2.48300 0.18194
2.48400 0.29672
2.48500 0.18829
2.48600 0.13726
2.48700 0.21061
2.48800 0.31813
2.48900 0.23550
2.49000 0.25220
2.49100 0.09622
2.49200 0.17732
2.49300 5.06559
2.49400 4.98536
2.49500 5.07159
2.49600 5.02978
2.49700 5.02595
2.49800 5.09028
2.49900 4.98118
2.50000 4.98304
2.50100 5.01187
2.50200 5.01756
2.50300 4.92178
2.50400 5.06816
2.50500 5.01814
2.50600 4.99844
2.50700 5.03782
2.50800 4.98697
2.50900 5.06718
2.51000 5.01007
2.51100 5.04290
2.51200 4.96252
2.51300 4.99292
2.51400 5.02538
2.51500 4.95946
2.51600 4.97369
2.51700 5.00401
2.51800 5.06220
2.51900 5.04459
2.52000 5.05171
2.52100 5.02164
2.52200 5.05153
2.52300 5.08344
2.52400 5.01478
2.52500 5.02811
2.52600 5.03550
2.52700 4.90620
2.52800 5.00126
2.52900 5.02708
2.53000 5.04384
2.53100 4.99005
2.53200 5.05481
2.53300 4.97401
2.53400 4.99714
2.53500 5.09004
2.53600 4.93831
2.53700 5.00178
2.53800 4.99823
2.53900 5.00099
2.54000 4.97873
2.54100 5.03777
2.54200 4.95171
2.54300 4.93906
2.54400 5.02898
2.54500 4.94529
2.54600 5.02349
2.54700 5.00574
2.54800 4.97030
2.54900 4.98724
2.55000 4.99943
2.55100 5.02670
2.55200 4.97257
2.55300 4.99355
2.55400 4.93236
2.55500 4.99009
2.55600 4.90783
2.55700 5.00126
2.55800 4.98067
2.55900 5.10786
2.56000 5.06736
2.56100 4.99555
2.56200 5.05031
2.56300 5.01700
2.56400 4.94537
2.56500 4.88147
2.56600 5.05787
2.56700 5.02184
2.56800 4.90458
2.56900 5.03401
2.57000 5.04775
2.57100 4.96788
2.57200 5.04144
2.57300 4.91595
2.57400 4.99090
2.57500 5.00355
2.57600 5.04083
2.57700 5.02161
2.57800 5.01277
2.57900 5.02939
2.58000 4.96890
2.58100 5.07544
2.58200 4.98450
2.58300 5.04117
2.58400 5.00127
2.58500 4.98913
2.58600 5.03068
2.58700 5.02369
2.58800 5.06851
2.58900 5.05505
2.59000 4.97299
2.59100 5.02640
2.59200 5.00646
2.59300 4.96158
2.59400 4.94634
2.59500 5.01406
2.59600 4.97458
2.59700 4.93199
2.59800 4.99656
2.59900 5.01232
2.60000 5.00622
2.60100 4.94101
2.60200 4.97223
2.60300 5.06960
2.60400 4.96268
2.60500 4.98480
2.60600 5.11631
2.60700 5.01848
2.60800 4.97594
2.60900 4.90380
2.61000 5.01637
2.61100 4.93145
2.61200 4.99958
2.61300 4.95747
2.61400 4.91709
2.61500 5.08331
2.61600 4.99533
2.61700 5.04654
2.61800 5.03749
2.61900 4.96399
2.62000 5.00492
2.62100 4.98259
2.62200 5.04861
2.62300 5.02190
2.62400 4.98262
2.62500 5.08324
2.62600 5.02623
2.62700 5.02337
2.62800 4.96112
2.62900 5.02061
2.63000 4.92700
2.63100 5.02332
2.63200 4.95345
2.63300 5.00936
2.63400 4.98631
2.63500 5.01159
2.63600 5.01803
2.63700 4.99724
2.63800 4.99729
2.63900 4.92566
2.64000 4.90510
2.64100 5.06308
2.64200 5.02870
2.64300 4.92604
2.64400 5.09546
2.64500 4.96428
2.64600 5.02555
2.64700 5.02126
2.64800 5.00543
2.64900 5.03042
2.65000 4.93130
2.65100 4.99819
2.65200 4.98730
2.65300 5.00438
2.65400 4.98629
2.65500 4.96790
2.65600 4.96344
2.65700 5.04423
2.65800 4.95760
2.65900 5.01812
2.66000 5.01749
2.66100 4.99511
2.66200 5.02117
2.66300 5.02710
2.66400 4.97339
2.66500 5.01681
2.66600 5.09528
2.66700 4.94645
2.66800 4.98488
2.66900 4.96165
2.67000 5.09925
2.67100 4.92986
2.67200 5.00035
2.67300 5.04646
2.67400 4.95659
2.67500 4.99320
2.67600 4.96440
2.67700 4.93298
2.67800 4.99645
2.67900 5.02466
2.68000 4.98008
2.68100 5.00816
2.68200 5.03411
2.68300 5.05962
2.68400 4.93827
2.68500 5.03056
2.68600 4.96894
2.68700 4.90580
2.68800 4.96110
2.68900 5.03200
2.69000 5.01531
2.69100 4.94517
2.69200 5.08021
2.69300 5.02010
2.69400 4.99654
2.69500 4.97290
2.69600 5.02082
2.69700 4.98061
2.69800 5.05662
2.69900 5.01563
2.70000 5.03068
2.70100 4.98471
2.70200 4.92625
2.70300 5.02630
2.70400 4.94964
2.70500 4.99469
2.70600 4.99929
2.70700 4.96105
2.70800 5.04433
2.70900 4.92878
2.71000 5.07433
2.71100 4.97055
2.71200 5.04802
2.71300 5.06442
2.71400 4.95703
2.71500 4.96334
2.71600 5.04681
2.71700 5.00929
2.71800 5.00410
2.71900 4.90890
2.72000 4.91822
2.72100 5.02674
2.72200 5.07141
2.72300 4.96471
2.72400 4.95695
2.72500 5.01041
2.72600 5.02309
2.72700 5.02798
2.72800 4.97810
2.72900 4.90325
2.73000 5.07251
2.73100 4.97531
2.73200 5.06247
2.73300 4.90106
2.73400 5.01845
2.73500 4.97515
2.73600 4.94607
2.73700 5.04824
2.73800 5.06417
2.73900 4.97088
2.74000 5.03214
2.74100 4.94662
2.74200 4.96929
2.74300 4.98782
2.74400 4.98275
2.74500 5.03171
2.74600 4.94008
2.74700 5.04808
2.74800 5.04799
2.74900 4.98919
2.75000 4.94122
2.75100 4.88198
2.75200 4.99687
2.75300 4.96446
2.75400 5.00508
2.75500 4.94764
2.75600 5.00013
2.75700 4.99695
2.75800 5.00056
2.75900 5.01416
2.76000 5.01447
2.76100 5.04810
2.76200 4.96119
2.76300 5.03570
2.76400 5.00797
2.76500 4.97933
2.76600 4.95071
2.76700 5.07228
2.76800 5.01191
2.76900 4.97451
2.77000 5.00369
2.77100 5.00034
2.77200 4.97423
2.77300 4.93187
2.77400 5.00770
2.77500 4.99207
2.77600 4.98618
2.77700 5.04886
2.77800 4.93523
2.77900 4.95296
2.78000 5.00811
2.78100 5.04138
2.78200 5.03041
2.78300 5.03614
2.78400 4.89144
2.78500 5.02473
2.78600 5.02081
2.78700 5.03398
2.78800 4.96623
2.78900 5.02543
2.79000 5.04979
2.79100 5.07961
2.79200 5.01281
2.79300 4.93459
2.79400 5.00303
2.79500 5.03219
2.79600 5.02572
2.79700 5.09496
2.79800 4.99046
2.79900 4.95009
2.80000 4.96897
2.80100 5.03286
2.80200 4.96082
2.80300 4.94895
2.80400 4.95912
2.80500 5.06017
2.80600 5.01220
2.80700 4.98385
2.80800 5.04244
2.80900 5.03443
2.81000 4.95234
2.81100 5.04156
2.81200 5.01255
2.81300 4.89867
2.81400 4.94194
2.81500 5.01345
2.81600 5.02459
2.81700 4.98640
2.81800 4.95129
2.81900 5.01288
2.82000 4.91024
2.82100 5.02816
2.82200 4.99323
2.82300 4.99936
2.82400 4.96854
2.82500 5.04173
2.82600 4.88566
2.82700 4.95794
2.82800 5.02942
2.82900 4.96611
2.83000 5.07313
2.83100 5.02194
2.83200 4.96326
2.83300 5.05585
2.83400 4.99665
2.83500 5.03004
2.83600 4.97093
2.83700 4.97179
2.83800 5.03661
2.83900 5.00658
2.84000 4.96432
2.84100 4.95831
2.84200 5.03389
2.84300 5.08883
2.84400 4.96053
2.84500 5.03558
2.84600 4.85846
2.84700 4.93362
2.84800 5.03555
2.84900 5.08067
2.85000 5.00534
2.85100 5.02923
2.85200 5.01513
2.85300 5.05216
2.85400 4.94885
2.85500 5.03380
2.85600 4.98098
2.85700 4.98569
2.85800 5.00221
2.85900 4.99231
2.86000 4.96454
2.86100 4.98986
2.86200 4.95576
2.86300 5.07564
2.86400 5.03706
2.86500 4.98210
2.86600 5.08107
2.86700 5.06605
2.86800 5.02665
2.86900 4.97617
2.87000 5.01532
2.87100 5.03085
2.87200 5.07124
2.87300 4.99371
2.87400 4.97463
2.87500 5.11586
2.87600 5.07116
2.87700 5.01807
2.87800 4.95717
2.87900 5.02670
2.88000 5.05787
2.88100 5.03993
2.88200 5.04335
2.88300 5.00477
2.88400 5.05884
2.88500 4.97280
2.88600 4.98087
2.88700 4.97788
2.88800 4.97068
2.88900 5.09893
2.89000 4.91879
2.89100 5.01420
2.89200 4.95375
2.89300 4.94094
2.89400 5.00738
2.89500 4.92488
2.89600 4.99783
2.89700 5.11580
2.89800 4.99673
2.89900 5.02486
2.90000 4.96012
2.90100 5.02602
2.90200 4.92825
2.90300 5.01148
2.90400 4.99564
2.90500 5.10933
2.90600 4.99735
2.90700 4.98353
2.90800 4.97364
2.90900 4.94184
2.91000 5.03938
2.91100 5.07308
2.91200 4.98264
2.91300 5.03630
2.91400 4.98340
2.91500 5.02093
2.91600 5.02372
2.91700 4.92975
2.91800 4.96248
2.91900 5.04732
2.92000 4.90603
2.92100 5.00109
2.92200 4.98361
2.92300 4.95450
2.92400 5.00313
2.92500 5.01595
2.92600 5.02743
2.92700 4.86963
2.92800 5.08419
2.92900 4.97679
2.93000 5.05245
2.93100 4.99446
2.93200 4.97152
2.93300 4.99727
2.93400 5.15855
2.93500 5.07851
2.93600 4.98312
2.93700 5.01173
2.93800 5.05638
2.93900 5.02935
2.94000 5.00456
2.94100 4.99095
2.94200 4.94659
2.94300 5.03780
2.94400 5.05533
2.94500 5.11169
2.94600 4.97299
2.94700 5.03275
2.94800 4.99863
2.94900 5.06300
2.95000 4.99529
2.95100 4.96785
2.95200 4.91577
2.95300 5.03592
2.95400 5.00823
2.95500 5.05636
2.95600 4.97268
2.95700 5.12981
2.95800 4.96481
2.95900 5.02584
2.96000 5.02094
2.96100 5.05537
2.96200 4.99193
2.96300 4.95435
2.96400 4.95078
2.96500 5.04086
2.96600 5.00537
2.96700 5.01731
2.96800 4.95936
2.96900 5.00706
2.97000 5.01095
2.97100 5.03083
2.97200 4.92692
2.97300 4.96164
2.97400 5.08646
2.97500 4.98035
2.97600 4.99580
2.97700 4.98008
2.97800 4.92516
2.97900 4.94621
2.98000 5.01854
2.98100 4.96640
2.98200 5.10136
2.98300 4.92509
2.98400 4.90288
2.98500 4.98040
2.98600 4.93952
2.98700 5.06903
2.98800 4.97869
2.98900 5.02582
2.99000 4.92907
2.99100 5.03304
2.99200 5.03168
2.99300 5.06167
2.99400 5.01065
2.99500 5.02548
2.99600 5.00797
2.99700 5.04583
2.99800 4.97896
2.99900 5.02681
3.00000 4.97111
3.00100 5.03488
3.00200 4.98569
3.00300 4.96704
3.00400 4.96559
3.00500 5.07306
3.00600 4.92160
3.00700 4.92536
3.00800 5.03135
3.00900 4.94969
3.01000 4.97618
3.01100 4.97481
3.01200 5.11347
3.01300 4.96583
3.01400 4.96338
3.01500 4.98003
3.01600 5.01110
3.01700 5.02457
3.01800 4.92600
3.01900 5.02193
3.02000 5.09731
3.02100 4.91030
3.02200 5.02848
3.02300 5.03817
3.02400 5.00744
3.02500 4.98992
3.02600 4.88196
3.02700 5.05972
3.02800 4.98350
3.02900 4.98941
3.03000 5.06109
3.03100 4.88270
3.03200 4.99631
3.03300 5.02952
3.03400 5.03572
3.03500 5.03019
3.03600 5.10171
3.03700 5.01394
3.03800 5.05070
3.03900 5.03841
3.04000 4.92577
3.04100 4.96144
3.04200 5.10403
3.04300 4.98630
3.04400 4.99659
3.04500 4.93408
3.04600 4.98279
3.04700 4.93428
3.04800 4.96950
3.04900 5.02763
3.05000 4.95840
3.05100 4.96922
3.05200 5.06686
3.05300 5.02348
3.05400 5.02576
3.05500 5.04969
3.05600 4.97240
3.05700 4.98044
3.05800 4.89703
3.05900 5.03664
3.06000 4.98960
3.06100 4.99975
3.06200 4.94546
3.06300 5.03095
3.06400 5.03129
3.06500 5.00904
3.06600 4.92051
3.06700 4.95784
3.06800 4.99824
3.06900 4.95811
3.07000 5.01927
3.07100 5.05027
3.07200 4.96221
3.07300 4.99091
3.07400 4.96572
3.07500 5.05154
3.07600 5.04483
3.07700 5.13308
3.07800 5.00036
3.07900 4.95330
3.08000 5.02048
3.08100 4.98838
3.08200 5.00956
3.08300 5.06220
3.08400 4.98577
3.08500 5.03616
3.08600 4.89420
3.08700 5.05296
3.08800 5.00679
3.08900 4.98812
3.09000 4.97510
3.09100 5.07097
3.09200 4.97484
3.09300 5.06359
3.09400 4.97487
3.09500 5.00256
3.09600 5.01805
3.09700 5.10155
3.09800 5.01283
3.09900 5.01224
3.10000 4.99709
3.10100 4.98540
3.10200 4.97018
3.10300 5.09095
3.10400 5.07405
3.10500 4.96621
3.10600 5.00865
3.10700 4.94179
3.10800 5.04772
3.10900 5.03503
3.11000 5.00633
3.11100 4.96036
3.11200 5.03902
3.11300 5.03159
3.11400 4.99179
3.11500 5.03762
3.11600 4.93356
3.11700 4.97082
3.11800 4.95319
3.11900 5.00644
3.12000 5.08413
3.12100 5.00315
3.12200 5.05757
3.12300 4.99912
3.12400 4.98037
3.12500 5.05131
3.12600 5.02777
3.12700 5.07156
3.12800 5.04930
3.12900 4.95994
3.13000 4.87316
3.13100 5.00738
3.13200 4.94167
3.13300 4.93001
3.13400 4.92641
3.13500 4.96838
3.13600 4.99042
3.13700 5.00067
3.13800 5.10262
3.13900 4.93976
3.14000 4.99983
3.14100 4.93814
3.14200 4.95057
3.14300 5.00366
3.14400 5.02124
3.14500 4.93602
3.14600 5.05748
3.14700 4.95377
3.14800 5.04818
3.14900 4.99765
3.15000 5.04555
3.15100 5.02857
3.15200 4.98590
3.15300 5.02413
3.15400 4.93308
3.15500 4.93519
3.15600 4.98239
3.15700 5.06881
3.15800 4.96283
3.15900 4.97024
3.16000 5.08341
3.16100 5.00232
3.16200 5.00019
3.16300 4.94764
3.16400 5.00317
3.16500 5.02981
3.16600 4.99734
3.16700 5.03835
3.16800 5.01657
3.16900 5.05264
3.17000 5.04145
3.17100 4.99345
3.17200 5.04360
3.17300 5.09037
3.17400 5.01531
3.17500 4.93909
3.17600 5.00966
3.17700 4.99014
3.17800 5.12966
3.17900 5.03780
3.18000 4.94469
3.18100 4.99057
3.18200 0.27303
3.18300 0.14182
3.18400 0.17527
3.18500 0.19988
3.18600 0.19235
3.18700 0.17007
3.18800 0.20623
3.18900 0.12908
3.19000 0.17064
3.19100 0.16960
3.19200 0.18442
3.19300 0.18448
3.19400 0.19923
3.19500 0.18191
3.19600 0.17837
3.19700 0.21726
3.19800 0.24416
3.19900 0.24722
3.20000 0.14149
3.20100 0.21143
3.20200 5.03639
3.20300 4.98569
3.20400 5.02237
3.20500 4.98800
3.20600 5.01781
3.20700 4.92282
3.20800 5.02200
3.20900 4.97482
3.21000 4.96215
3.21100 4.98392
3.21200 5.04818
3.21300 5.04601
3.21400 5.01127
3.21500 5.04204
3.21600 4.97847
3.21700 4.93657
3.21800 4.90552
3.21900 4.99721
3.22000 4.99142
3.22100 5.00054
3.22200 5.00210
3.22300 5.05962
3.22400 4.95269
3.22500 4.95999
3.22600 5.09450
3.22700 5.03711
3.22800 4.98357
3.22900 4.89674
3.23000 4.95609
3.23100 4.98058
3.23200 4.99435
3.23300 5.00801
3.23400 4.98712
3.23500 5.05579
3.23600 4.93912
3.23700 4.98422
3.23800 4.96442
3.23900 5.03704
3.24000 5.00716
3.24100 5.03774
3.24200 5.00216
3.24300 5.18588
3.24400 5.03432
3.24500 4.96066
3.24600 4.99802
3.24700 4.97824
3.24800 5.03620
3.24900 5.04688
3.25000 5.01754
3.25100 4.98948
3.25200 4.96515
3.25300 5.07881
3.25400 5.05454
3.25500 4.85229
3.25600 5.00218
3.25700 4.95690
3.25800 4.98012
3.25900 5.08362
3.26000 4.94235
3.26100 4.94703
3.26200 5.12183
3.26300 4.97544
3.26400 4.98751
3.26500 5.05656
3.26600 4.97398
3.26700 5.00134
3.26800 5.01190
3.26900 5.07011
3.27000 4.91894
3.27100 4.95810
3.27200 4.99341
3.27300 5.04540
3.27400 4.96780
3.27500 5.02307
3.27600 4.97429
3.27700 4.98025
3.27800 5.06370
3.27900 4.98821
3.28000 5.14808
3.28100 5.01796
3.28200 5.05629
3.28300 5.03710
3.28400 4.92220
3.28500 4.92299
3.28600 5.02436
3.28700 4.94471
3.28800 4.97262
3.28900 4.98317
3.29000 4.95415
3.29100 5.05916
3.29200 5.03895
3.29300 5.00874
3.29400 5.02806
3.29500 4.95466
3.29600 5.04372
3.29700 4.95747
3.29800 5.07805
3.29900 4.96661
3.30000 4.97226
3.30100 5.05824
3.30200 5.03246
3.30300 4.95226
3.30400 5.03019
3.30500 4.99997
3.30600 5.00092
3.30700 5.03100
3.30800 5.03089
3.30900 5.05103
3.31000 5.02423
3.31100 5.01646
3.31200 4.99507
3.31300 5.07497
3.31400 4.96118
3.31500 5.09575
3.31600 5.10931
3.31700 5.10865
3.31800 4.99333
3.31900 5.10550
3.32000 5.05772
3.32100 5.05394
3.32200 5.16504
3.32300 5.01028
3.32400 5.02906
3.32500 4.93756
3.32600 4.88934
3.32700 5.01493
3.32800 5.02199
3.32900 5.03582
3.33000 5.01575
3.33100 4.90093
3.33200 5.01929
3.33300 5.05669
3.33400 5.07918
3.33500 4.95306
3.33600 4.95587
3.33700 4.96570
3.33800 4.96842
3.33900 4.91928
3.34000 4.96606
3.34100 5.07950
3.34200 4.94720
3.34300 4.90661
3.34400 4.98627
3.34500 4.97474
3.34600 5.03404
3.34700 4.96282
3.34800 4.99091
3.34900 4.95791
3.35000 4.95121
3.35100 5.01842
3.35200 5.00601
3.35300 4.99717
3.35400 5.02578
3.35500 4.95849
3.35600 5.00081
3.35700 5.01006
3.35800 5.05901
3.35900 4.90503
3.36000 4.98215
3.36100 5.02224
3.36200 4.97082
3.36300 5.00431
3.36400 5.03409
3.36500 5.02374
3.36600 4.91332
3.36700 4.93929
3.36800 4.85831
3.36900 5.03241
3.37000 5.01027
3.37100 5.06715
3.37200 5.00230
3.37300 4.94238
3.37400 5.05343
3.37500 4.93354
3.37600 4.99954
3.37700 4.98929
3.37800 5.03862
3.37900 5.04532
3.38000 4.97844
3.38100 4.96294
3.38200 4.99719
3.38300 4.97069
3.38400 5.04738
3.38500 5.01866
3.38600 5.06967
3.38700 5.13067
3.38800 4.95628
3.38900 4.96953
3.39000 5.02375
3.39100 5.01991
3.39200 4.98237
3.39300 4.91359
3.39400 5.12742
3.39500 5.00397
3.39600 4.94104
3.39700 4.87915
3.39800 5.07015
3.39900 5.01631
3.40000 4.99992
3.40100 4.94752
3.40200 4.99451
3.40300 4.98014
3.40400 4.87410
3.40500 5.13428
3.40600 5.02181
3.40700 4.98243
3.40800 4.95102
3.40900 4.96921
3.41000 5.12167
3.41100 5.01952
3.41200 4.93243
3.41300 5.04446
3.41400 5.02468
3.41500 5.02613
3.41600 4.99295
3.41700 4.99105
3.41800 5.01037
3.41900 4.98897
3.42000 4.92843
3.42100 4.94906
3.42200 4.99995
3.42300 4.91884
3.42400 4.99270
3.42500 4.98345
3.42600 5.03645
3.42700 5.00763
3.42800 4.98444
3.42900 4.98454
3.43000 5.02124
3.43100 5.04679
3.43200 4.94533
3.43300 4.92214
3.43400 4.96184
3.43500 4.88293
3.43600 4.95981
3.43700 5.04146
3.43800 5.04893
3.43900 5.07696
3.44000 5.00281
3.44100 5.00732
3.44200 4.96962
3.44300 4.97308
3.44400 5.01398
3.44500 5.04541
3.44600 5.02107
3.44700 4.89708
3.44800 5.02438
3.44900 4.99953
3.45000 4.96948
3.45100 5.00644
3.45200 5.04463
3.45300 5.00639
3.45400 4.96269
3.45500 5.16836
3.45600 4.96730
3.45700 5.02259
3.45800 5.06272
3.45900 4.95565
3.46000 5.02686
3.46100 4.95627
3.46200 4.98568
3.46300 4.96079
3.46400 5.08790
3.46500 4.92963
3.46600 5.02508
3.46700 5.00086
3.46800 4.89903
3.46900 5.08650
3.47000 4.97032
3.47100 4.98582
3.47200 5.00996
3.47300 4.95326
3.47400 4.95989
3.47500 4.99712
3.47600 4.95462
3.47700 5.00394
3.47800 5.06288
3.47900 4.94781
3.48000 4.91910
3.48100 4.99228
3.48200 5.01919
3.48300 5.03273
3.48400 4.94367
3.48500 4.88019
3.48600 5.04323
3.48700 5.03483
3.48800 5.07512
3.48900 4.95030
3.49000 5.02728
3.49100 5.04966
3.49200 4.90633
3.49300 5.05209
3.49400 5.07091
3.49500 5.02812
3.49600 5.02604
3.49700 5.03623
3.49800 4.98579
3.49900 4.92652
3.50000 4.95237
3.50100 4.98992
3.50200 4.95619
3.50300 5.05043
3.50400 4.97832
3.50500 4.99319
3.50600 4.90987
3.50700 5.01877
3.50800 4.96345
3.50900 5.07469
3.51000 4.91231
3.51100 5.01513
3.51200 4.97847
3.51300 4.98063
3.51400 5.08432
3.51500 5.04698
3.51600 4.95609
3.51700 5.06887
3.51800 4.96611
3.51900 5.03880
3.52000 4.91170
3.52100 4.98266
3.52200 4.98430
3.52300 4.98234
3.52400 4.91908
3.52500 4.90374
3.52600 4.99801
3.52700 5.02931
3.52800 5.00058
3.52900 4.98179
3.53000 4.92335
3.53100 4.98539
3.53200 4.97098
3.53300 4.96286
3.53400 5.00782
3.53500 5.00759
3.53600 5.01905
3.53700 4.98609
3.53800 4.95719
3.53900 4.98904
3.54000 4.98335
3.54100 4.91668
3.54200 4.98142
3.54300 4.91567
3.54400 4.90004
3.54500 4.95759
3.54600 4.96660
3.54700 5.03364
3.54800 4.98329
3.54900 5.02527
3.55000 5.07099
3.55100 5.00478
3.55200 5.01777
3.55300 4.96416
3.55400 5.03985
3.55500 5.00167
3.55600 5.00202
3.55700 4.94232
3.55800 4.95191
3.55900 4.96505
3.56000 5.00393
3.56100 5.05328
3.56200 4.92295
3.56300 4.98041
3.56400 4.98320
3.56500 5.11259
3.56600 4.98865
3.56700 4.97177
3.56800 5.03590
3.56900 4.94311
3.57000 5.02567
3.57100 4.91480
3.57200 5.09977
3.57300 4.99628
3.57400 4.97714
3.57500 4.93280
3.57600 4.99096
3.57700 5.00268
3.57800 4.96199
3.57900 5.05817
3.58000 4.98211
3.58100 5.00325
3.58200 5.01281
3.58300 5.06664
3.58400 4.97952
3.58500 5.00217
3.58600 5.01338
3.58700 5.02940
3.58800 4.90697
3.58900 5.05631
3.59000 4.99272
3.59100 4.96274
3.59200 4.99736
3.59300 4.90278
3.59400 4.96054
3.59500 5.00836
3.59600 5.06697
3.59700 4.99491
3.59800 5.01886
3.59900 4.98437
3.60000 5.04221
3.60100 4.97915
3.60200 5.02219
3.60300 4.98242
3.60400 4.95078
3.60500 4.94952
3.60600 4.96695
3.60700 5.05725
3.60800 5.15892
3.60900 4.98922
3.61000 4.96241
3.61100 5.02596
3.61200 5.02382
3.61300 4.97288
3.61400 5.09553
3.61500 5.04331
3.61600 5.04677
3.61700 5.00287
3.61800 5.00622
3.61900 5.04845
3.62000 4.93009
3.62100 4.95949
3.62200 5.00427
3.62300 4.92659
3.62400 5.08214
3.62500 4.96874
3.62600 4.97846
3.62700 5.01619
3.62800 5.07544
3.62900 4.99784
3.63000 4.96158
3.63100 4.95329
3.63200 5.01163
3.63300 4.97100
3.63400 5.11874
3.63500 5.06296
3.63600 4.84155
3.63700 4.95351
3.63800 5.01766
3.63900 5.11574
3.64000 4.89903
3.64100 4.97785
3.64200 5.06026
3.64300 4.96532
3.64400 5.00357
3.64500 4.97498
3.64600 5.03358
3.64700 4.94504
3.64800 5.00115
3.64900 4.92724
3.65000 5.04885
3.65100 5.03026
3.65200 4.99818
3.65300 5.00185
3.65400 5.00137
3.65500 4.98153
3.65600 5.00785
3.65700 5.01834
3.65800 4.99656
3.65900 4.97027
3.66000 4.97967
3.66100 4.97707
3.66200 5.02271
3.66300 5.00772
3.66400 5.09865
3.66500 4.99134
3.66600 5.00377
3.66700 4.96854
3.66800 5.00506
3.66900 4.97777
3.67000 4.95704
3.67100 5.00808
3.67200 5.07956
3.67300 4.95673
3.67400 4.96743
3.67500 4.99802
3.67600 5.01267
3.67700 5.06500
3.67800 4.96758
3.67900 4.99296
3.68000 4.96007
3.68100 4.95599
3.68200 4.97603
3.68300 4.94380
3.68400 5.02184
3.68500 5.05201
3.68600 4.97348
3.68700 4.96408
3.68800 5.06530
3.68900 4.98832
3.69000 5.07327
3.69100 4.85421
3.69200 4.99061
3.69300 4.94796
3.69400 4.97213
3.69500 5.03911
3.69600 5.05284
3.69700 4.99006
3.69800 5.04555
3.69900 4.94269
3.70000 5.01226
3.70100 4.99095
3.70200 4.91363
3.70300 5.04378
3.70400 4.96507
3.70500 5.02032
3.70600 4.96043
3.70700 5.00748
3.70800 5.02941
3.70900 4.99862
3.71000 4.97492
3.71100 5.02907
3.71200 5.00942
3.71300 4.97786
3.71400 5.00109
3.71500 4.99486
3.71600 4.98194
3.71700 5.04408
3.71800 5.08594
3.71900 4.97352
3.72000 4.99318
3.72100 4.95213
3.72200 4.93259
3.72300 5.05586
3.72400 4.96563
3.72500 5.01616
3.72600 4.93146
3.72700 4.96727
3.72800 5.02285
3.72900 5.02293
3.73000 5.01090
3.73100 5.01961
3.73200 5.01005
3.73300 5.04933
3.73400 5.08411
3.73500 5.02737
3.73600 4.99361
3.73700 4.94782
3.73800 4.97488
3.73900 4.98299
3.74000 5.07115
3.74100 4.92180
3.74200 4.95933
3.74300 4.94762
3.74400 5.04240
3.74500 4.96431
3.74600 4.90727
3.74700 4.89628
3.74800 5.01429
3.74900 4.91718
3.75000 5.05371
3.75100 5.05179
3.75200 4.94189
3.75300 4.98153
3.75400 4.99948
3.75500 4.92367
3.75600 4.93654
3.75700 4.96647
3.75800 4.99621
3.75900 5.01170
3.76000 4.90406
3.76100 5.00987
3.76200 4.99208
3.76300 4.98455
3.76400 4.97472
3.76500 5.04912
3.76600 5.07582
3.76700 4.97482
3.76800 4.98916
3.76900 4.91831
3.77000 4.97752
3.77100 5.03203
3.77200 4.99262
3.77300 5.01555
3.77400 4.99230
3.77500 5.00281
3.77600 5.03132
3.77700 5.03639
3.77800 4.90094
3.77900 4.98765
3.78000 4.85318
3.78100 4.99946
3.78200 4.97161
3.78300 4.96935
3.78400 5.07704
3.78500 5.01707
3.78600 5.05582
3.78700 5.03070
3.78800 5.08372
3.78900 4.98730
3.79000 4.98695
3.79100 4.99509
3.79200 5.12212
3.79300 4.97797
3.79400 5.00113
3.79500 5.06855
3.79600 5.04602
3.79700 4.97511
3.79800 5.08712
3.79900 5.02397
3.80000 5.07231
3.80100 5.03026
3.80200 5.03888
3.80300 4.96287
3.80400 5.07091
3.80500 4.96495
3.80600 5.00384
3.80700 5.05436
3.80800 4.98303
3.80900 5.00597
3.81000 5.00041
3.81100 5.00784
3.81200 5.02952
3.81300 4.92509
3.81400 4.97379
3.81500 5.10327
3.81600 4.90232
3.81700 4.96815
3.81800 5.03992
3.81900 4.90795
3.82000 4.95691
3.82100 4.95982
3.82200 5.07836
3.82300 4.95656
3.82400 5.03160
3.82500 4.96851
3.82600 5.00052
3.82700 4.94336
3.82800 4.92644
3.82900 4.97658
3.83000 4.93119
3.83100 4.99118
3.83200 5.00591
3.83300 5.02044
3.83400 5.07636
3.83500 5.07092
3.83600 4.94479
3.83700 4.96250
3.83800 5.08446
3.83900 4.99723
3.84000 4.98067
3.84100 5.05351
3.84200 4.96872
3.84300 5.04664
3.84400 4.98486
3.84500 5.06469
3.84600 4.99269
3.84700 5.04094
3.84800 5.05290
3.84900 5.08074
3.85000 4.96013
3.85100 4.98077
3.85200 4.92911
3.85300 4.91381
3.85400 4.97510
3.85500 5.00794
3.85600 5.06262
3.85700 4.97915
3.85800 5.09550
3.85900 5.00905
3.86000 5.04400
3.86100 4.98713
3.86200 4.93704
3.86300 5.07911
3.86400 4.98539
3.86500 5.05550
3.86600 4.98139
3.86700 5.02920
3.86800 4.99188
3.86900 4.98250
3.87000 4.99236
3.87100 5.03390
3.87200 4.93936
3.87300 4.95106
3.87400 5.04891
3.87500 4.96297
3.87600 5.00885
3.87700 4.93221
3.87800 4.98880
3.87900 5.05452
3.88000 5.00375
3.88100 5.00992
3.88200 4.97980
3.88300 5.00437
3.88400 4.91025
3.88500 4.91758
3.88600 5.01976
3.88700 4.91087
3.88800 5.06453
3.88900 5.04157
3.89000 4.93892
3.89100 0.08988
3.89200 0.07786
3.89300 0.21443
3.89400 0.19421
3.89500 0.26632
3.89600 0.22249
3.89700 0.27685
3.89800 0.24271
3.89900 0.15154
3.90000 0.18955
3.90100 0.15652
3.90200 0.18297
3.90300 0.17290
3.90400 0.18705
3.90500 0.26658
3.90600 0.17099
3.90700 0.13882
3.90800 0.16698
3.90900 0.17470
3.91000 0.16945
3.91100 4.99015
3.91200 4.97711
3.91300 5.05439
3.91400 5.04440
3.91500 4.96065
3.91600 5.04811
3.91700 5.06897
3.91800 4.99922
3.91900 4.95684
3.92000 5.02091
3.92100 4.99519
3.92200 5.01607
3.92300 4.94617
3.92400 5.10418
3.92500 4.98951
3.92600 5.02594
3.92700 4.96970
3.92800 5.00734
3.92900 4.88494
3.93000 4.93459
3.93100 4.87611
3.93200 5.04926
3.93300 4.93045
3.93400 4.92203
3.93500 5.05646
3.93600 4.97557
3.93700 4.99187
3.93800 5.05400
3.93900 5.02491
3.94000 5.01608
3.94100 5.03325
3.94200 4.90310
3.94300 5.06528
3.94400 5.06712
3.94500 5.09316
3.94600 4.89590
3.94700 4.95825
3.94800 4.97268
3.94900 5.08622
3.95000 5.02924
3.95100 5.08975
3.95200 5.02365
3.95300 4.96905
3.95400 4.93616
3.95500 4.97263
3.95600 5.07119
3.95700 4.95861
3.95800 4.91220
3.95900 5.01535
3.96000 5.06991
3.96100 5.12317
3.96200 5.06391
3.96300 5.04987
3.96400 4.91196
3.96500 4.98245
3.96600 4.98241
3.96700 5.00812
3.96800 4.95470
3.96900 5.04094
3.97000 5.06396
3.97100 5.00668
3.97200 4.98660
3.97300 5.01062
3.97400 5.02011
3.97500 5.04077
3.97600 4.95789
3.97700 5.07339
3.97800 5.00268
3.97900 4.99218
3.98000 5.03546
3.98100 4.96581
3.98200 5.04471
3.98300 5.10827
3.98400 5.02258
3.98500 5.01101
3.98600 4.97676
3.98700 5.07548
3.98800 5.05735
3.98900 4.92472
3.99000 5.04929
3.99100 4.96690
3.99200 4.94131
3.99300 4.99649
3.99400 4.96687
3.99500 5.05823
3.99600 4.93680
3.99700 4.93537
3.99800 4.95244
3.99900 4.99284
4.00000 5.02944
4.00100 4.94529
4.00200 4.96353
4.00300 4.92120
4.00400 4.98982
4.00500 4.94848
4.00600 5.10834
4.00700 5.09608
4.00800 4.95298
4.00900 5.00650
4.01000 5.02060
4.01100 4.97224
4.01200 4.97996
4.01300 5.03154
4.01400 4.98593
4.01500 4.98442
4.01600 4.99795
4.01700 5.06127
4.01800 4.98641
4.01900 5.01885
4.02000 5.01141
4.02100 5.03523
4.02200 4.98976
4.02300 4.97487
4.02400 4.96506
4.02500 5.01138
4.02600 5.00648
4.02700 4.98665
4.02800 5.01062
4.02900 5.11781
4.03000 5.03896
4.03100 4.90777
4.03200 5.06467
4.03300 5.00674
4.03400 4.94873
4.03500 5.06678
4.03600 4.99562
4.03700 5.05045
4.03800 4.96891
4.03900 5.05245
4.04000 4.98549
4.04100 5.04746
4.04200 5.04056
4.04300 4.94199
4.04400 5.01799
4.04500 5.02312
4.04600 4.99661
4.04700 4.91051
4.04800 5.01362
4.04900 4.98358
4.05000 5.05935
4.05100 4.94634
4.05200 5.04869
4.05300 5.00639
4.05400 5.12670
4.05500 4.94916
4.05600 5.04735
4.05700 4.97281
4.05800 4.95210
4.05900 5.05334
4.06000 5.02970
4.06100 5.05198
4.06200 4.91907
4.06300 4.93963
4.06400 5.02902
4.06500 4.95724
4.06600 5.06565
4.06700 5.08309
4.06800 4.99336
4.06900 5.00147
4.07000 5.00127
4.07100 4.98535
4.07200 4.99811
4.07300 4.98835
4.07400 5.02140
4.07500 4.98332
4.07600 4.97394
4.07700 4.98500
4.07800 4.96939
4.07900 4.99597
4.08000 5.02696
4.08100 5.10281
4.08200 4.91856
4.08300 4.93110
4.08400 4.99658
4.08500 5.00158
4.08600 4.99775
4.08700 5.09361
4.08800 4.90871
4.08900 4.99225
4.09000 4.93637
4.09100 4.98487
4.09200 5.02574
4.09300 4.92782
4.09400 5.05119
4.09500 4.95770
4.09600 4.94759
4.09700 4.91771
4.09800 4.96501
4.09900 4.96290
4.10000 5.04142
4.10100 4.92190
4.10200 5.01065
4.10300 5.04206
4.10400 4.98740
4.10500 5.03842
4.10600 4.96535
4.10700 5.02071
4.10800 4.98331
4.10900 5.10794
4.11000 4.98581
4.11100 4.98504
4.11200 5.02019
4.11300 4.97356
4.11400 4.99020
4.11500 5.01692
4.11600 5.04376
4.11700 4.97021
4.11800 5.00304
4.11900 4.99145
4.12000 5.03488
4.12100 5.04107
4.12200 5.02020
4.12300 5.01332
4.12400 5.08961
4.12500 4.95641
4.12600 5.08188
4.12700 5.02693
4.12800 4.92337
4.12900 5.00651
4.13000 4.92931
4.13100 4.99387
4.13200 4.89859
4.13300 5.03651
4.13400 4.96058
4.13500 5.08264
4.13600 4.96386
4.13700 5.00281
4.13800 4.93221
4.13900 4.99367
4.14000 5.00230
4.14100 5.02544
4.14200 5.12369
4.14300 5.08255
4.14400 5.03940
4.14500 4.98399
4.14600 4.98615
4.14700 4.98506
4.14800 4.95784
4.14900 5.03418
4.15000 4.99792
4.15100 5.02720
4.15200 4.98854
4.15300 5.01967
4.15400 5.08908
4.15500 5.01886
4.15600 5.04775
4.15700 4.95917
4.15800 4.99431
4.15900 4.98288
4.16000 5.02709
4.16100 5.01696
4.16200 4.96864
4.16300 5.02003
4.16400 5.00890
4.16500 4.92459
4.16600 5.00155
4.16700 5.06261
4.16800 4.95896
4.16900 5.05815
4.17000 5.03858
4.17100 5.01244
4.17200 5.02626
4.17300 4.96392
4.17400 5.03956
4.17500 4.93327
4.17600 4.94828
4.17700 5.03145
4.17800 4.94943
4.17900 5.10508
4.18000 5.02163
4.18100 5.05015
4.18200 5.05342
4.18300 4.98537
4.18400 5.00636
4.18500 5.02889
4.18600 5.00553
4.18700 5.08409
4.18800 5.05708
4.18900 5.01642
4.19000 5.06887
4.19100 5.00915
4.19200 5.04448
4.19300 5.01373
4.19400 4.99220
4.19500 4.95858
4.19600 4.96951
4.19700 5.00785
4.19800 5.02656
4.19900 4.89838
4.20000 4.98428
4.20100 5.03371
4.20200 4.99652
4.20300 4.94915
4.20400 4.95356
4.20500 5.08826
4.20600 4.92429
4.20700 4.98723
4.20800 5.04509
4.20900 4.90385
4.21000 5.03727
4.21100 4.92579
4.21200 5.05391
4.21300 5.13668
4.21400 4.94082
4.21500 4.99998
4.21600 5.02172
4.21700 4.97483
4.21800 5.03066
4.21900 4.96770
4.22000 4.97503
4.22100 4.96247
4.22200 5.00069
4.22300 5.02696
4.22400 5.05186
4.22500 4.99777
4.22600 4.94960
4.22700 4.97896
4.22800 4.97732
4.22900 4.98349
4.23000 5.03217
4.23100 4.99598
4.23200 5.00756
4.23300 5.00538
4.23400 4.99825
4.23500 4.97906
4.23600 5.03910
4.23700 4.99809
4.23800 4.99686
4.23900 4.94634
4.24000 4.96709
4.24100 4.97223
4.24200 5.03050
4.24300 4.91431
4.24400 5.03836
4.24500 5.00788
4.24600 4.96606
4.24700 4.95893
4.24800 5.02689
4.24900 5.01216
4.25000 4.90232
4.25100 4.96686
4.25200 4.95552
4.25300 4.99774
4.25400 4.96951
4.25500 5.02425
4.25600 4.97522
4.25700 4.98750
4.25800 5.06332
4.25900 4.98927
4.26000 4.97638
4.26100 5.00310
4.26200 4.93631
4.26300 4.92134
4.26400 4.99956
4.26500 4.97148
4.26600 4.92943
4.26700 5.04695
4.26800 5.03481
4.26900 5.01168
4.27000 4.97376
4.27100 4.99038
4.27200 4.97153
4.27300 5.04317
4.27400 4.92832
4.27500 5.01369
4.27600 5.00097
4.27700 4.94351
4.27800 5.03097
4.27900 4.98305
4.28000 5.09348
4.28100 5.05872
4.28200 4.99726
4.28300 4.98123
4.28400 4.96594
4.28500 4.96399
4.28600 5.01579
4.28700 4.92837
4.28800 5.04858
4.28900 5.03494
4.29000 4.99332
4.29100 5.03750
4.29200 5.11489
4.29300 5.01486
4.29400 5.08597
4.29500 4.98534
4.29600 4.96970
4.29700 5.05009
4.29800 4.90423
4.29900 5.04798
4.30000 4.99996
4.30100 4.97599
4.30200 5.00430
4.30300 5.00557
4.30400 5.06238
4.30500 5.04209
4.30600 5.01005
4.30700 4.98897
4.30800 4.95277
4.30900 5.00996
4.31000 4.87124
4.31100 5.04830
4.31200 4.99995
4.31300 4.91691
4.31400 5.02824
4.31500 4.95555
4.31600 4.97670
4.31700 4.91070
4.31800 4.96255
4.31900 5.00797
4.32000 4.99578
4.32100 5.01445
4.32200 4.96343
4.32300 5.02804
4.32400 4.92582
4.32500 4.97134
4.32600 4.86725
4.32700 4.98430
4.32800 4.97224
4.32900 4.98983
4.33000 5.02802
4.33100 5.06502
4.33200 4.94053
4.33300 4.98734
4.33400 4.90141
4.33500 5.09071
4.33600 5.06432
4.33700 5.02261
4.33800 5.05998
4.33900 5.04237
4.34000 4.96776
4.34100 5.03555
4.34200 5.05833
4.34300 5.04001
4.34400 4.99550
4.34500 4.98056
4.34600 5.11862
4.34700 5.01354
4.34800 5.02731
4.34900 4.92988
4.35000 5.03414
4.35100 5.01235
4.35200 4.95691
4.35300 5.06448
4.35400 4.99987
4.35500 5.03241
4.35600 5.02303
4.35700 4.96504
4.35800 5.01447
4.35900 5.06921
4.36000 4.94472
4.36100 4.94816
4.36200 4.95441
4.36300 5.03702
4.36400 4.97688
4.36500 5.01470
4.36600 5.05709
4.36700 4.94370
4.36800 5.07364
4.36900 5.00141
4.37000 4.99119
4.37100 5.07643
4.37200 5.02281
4.37300 4.93418
4.37400 4.99698
4.37500 4.96137
4.37600 5.01322
4.37700 4.97642
4.37800 4.98297
4.37900 5.04787
4.38000 4.91526
4.38100 5.01398
4.38200 4.98824
4.38300 5.01609
4.38400 4.88135
4.38500 4.95220
4.38600 4.97954
4.38700 5.08255
4.38800 4.93712
4.38900 4.94371
4.39000 4.99034
4.39100 5.01580
4.39200 4.96927
4.39300 5.00422
4.39400 4.91813
4.39500 5.08439
4.39600 4.98298
4.39700 5.00631
4.39800 5.13504
4.39900 4.97181
4.40000 4.93789
4.40100 4.95048
4.40200 5.08349
4.40300 4.99048
4.40400 4.96080
4.40500 4.99815
4.40600 4.99756
4.40700 5.05031
4.40800 5.03601
4.40900 5.01886
4.41000 5.02415
4.41100 4.95971
4.41200 4.93705
4.41300 5.02032
4.41400 5.02635
4.41500 5.00861
4.41600 5.01443
4.41700 5.03167
4.41800 4.94305
4.41900 4.98312
4.42000 4.95677
4.42100 4.90709
4.42200 5.02671
4.42300 4.98870
4.42400 5.02047
4.42500 5.03167
4.42600 4.95490
4.42700 5.07545
4.42800 5.01525
4.42900 5.05054
4.43000 5.08478
4.43100 4.97626
4.43200 4.96927
4.43300 5.00904
4.43400 5.05557
4.43500 5.05716
4.43600 4.90156
4.43700 5.07185
4.43800 4.97775
4.43900 5.02456
4.44000 4.93381
4.44100 4.95589
4.44200 5.01832
4.44300 4.91078
4.44400 5.04039
4.44500 4.97306
4.44600 5.01384
4.44700 5.00741
4.44800 4.97229
4.44900 5.06567
4.45000 5.11707
4.45100 5.03154
4.45200 4.91422
4.45300 5.00610
4.45400 4.98871
4.45500 5.04552
4.45600 5.00307
4.45700 5.10716
4.45800 5.03466
4.45900 5.02992
4.46000 4.98285
4.46100 4.95553
4.46200 4.99576
4.46300 5.01015
4.46400 5.02396
4.46500 5.01006
4.46600 4.98600
4.46700 5.00248
4.46800 4.97687
4.46900 4.95052
4.47000 4.95662
4.47100 5.02465
4.47200 5.03628
4.47300 4.98917
4.47400 4.99317
4.47500 5.02731
4.47600 4.99318
4.47700 5.15709
4.47800 5.00643
4.47900 4.97403
4.48000 4.90946
4.48100 5.01051
4.48200 5.05125
4.48300 4.99718
4.48400 5.06206
4.48500 4.97035
4.48600 4.99494
4.48700 4.99073
4.48800 4.96243
4.48900 4.92587
4.49000 4.95236
4.49100 4.90491
4.49200 5.03795
4.49300 4.99143
4.49400 4.99481
4.49500 4.97128
4.49600 5.04759
4.49700 4.95769
4.49800 5.08424
4.49900 5.05425
4.50000 4.96504
4.50100 4.98997
4.50200 5.03146
4.50300 5.06257
4.50400 4.96039
4.50500 4.97505
4.50600 5.12525
4.50700 5.04598
4.50800 5.04482
4.50900 5.09668
4.51000 5.02229
4.51100 4.97719
4.51200 4.91355
4.51300 5.04309
4.51400 4.94333
4.51500 5.03354
4.51600 4.90126
4.51700 4.97628
4.51800 4.99910
4.51900 4.93742
4.52000 4.97266
4.52100 4.95841
4.52200 5.00649
4.52300 4.93705
4.52400 4.98690
4.52500 5.06871
4.52600 5.07004
4.52700 5.09452
4.52800 5.02076
4.52900 4.97964
4.53000 5.01643
4.53100 5.03552
4.53200 5.01400
4.53300 5.07251
4.53400 4.96712
4.53500 4.98964
4.53600 4.92401
4.53700 4.97895
4.53800 5.06200
4.53900 5.00262
4.54000 5.03740
4.54100 5.02138
4.54200 5.04822
4.54300 4.95823
4.54400 5.02674
4.54500 5.03399
4.54600 5.05788
4.54700 5.06972
4.54800 4.97515
4.54900 4.92843
4.55000 4.96790
4.55100 5.06618
4.55200 4.95034
4.55300 4.93118
4.55400 4.93445
4.55500 4.93498
4.55600 5.03603
4.55700 4.96163
4.55800 4.96877
4.55900 5.05715
4.56000 5.04680
4.56100 5.04407
4.56200 4.96173
4.56300 4.91483
4.56400 5.01760
4.56500 5.08777
4.56600 4.98219
4.56700 4.98641
4.56800 4.83759
4.56900 5.08662
4.57000 4.99004
4.57100 4.91294
4.57200 4.99704
4.57300 4.97022
4.57400 5.03140
4.57500 5.10766
4.57600 4.95974
4.57700 5.00778
4.57800 4.98076
4.57900 4.96678
4.58000 5.02301
4.58100 5.07737
4.58200 5.02200
4.58300 4.97867
4.58400 5.02592
4.58500 5.01183
4.58600 5.04076
4.58700 4.97242
4.58800 5.00689
4.58900 5.08237
4.59000 5.00095
4.59100 5.04885
4.59200 4.99948
4.59300 5.00353
4.59400 4.96287
4.59500 5.14249
4.59600 5.05990
4.59700 5.05903
4.59800 5.05789
4.59900 4.94900
4.60000 4.96208
4.60100 0.19093
4.60200 0.11594
4.60300 0.15482
4.60400 0.24149
4.60500 0.09325
4.60600 0.15498
4.60700 0.19479
4.60800 0.19513
4.60900 0.19818
4.61000 0.16164
4.61100 0.24532
4.61200 0.08161
4.61300 0.22064
4.61400 0.12412
4.61500 0.16349
4.61600 0.19613
4.61700 0.28031
4.61800 0.15421
4.61900 0.12737
4.62000 0.24862
4.62100 4.99565
4.62200 5.00048
4.62300 5.02793
4.62400 5.05007
4.62500 5.00784
4.62600 4.89420
4.62700 4.98956
4.62800 5.00093
4.62900 4.94188
4.63000 4.94860
4.63100 5.03181
4.63200 5.01215
4.63300 4.95454
4.63400 5.02808
4.63500 5.00664
4.63600 4.93517
4.63700 4.98615
4.63800 4.93408
4.63900 4.95661
4.64000 5.01498
4.64100 4.93854
4.64200 4.93744
4.64300 5.01878
4.64400 4.94938
4.64500 4.98621
4.64600 4.98727
4.64700 4.99180
4.64800 5.01898
4.64900 4.97821
4.65000 4.96107
4.65100 4.97676
4.65200 5.05825
4.65300 5.04662
4.65400 4.99725
4.65500 5.06162
4.65600 5.03554
4.65700 4.94622
4.65800 5.07577
4.65900 5.14036
4.66000 5.01820
4.66100 4.91881
4.66200 5.07521
4.66300 5.03056
4.66400 4.99464
4.66500 4.89809
4.66600 4.99480
4.66700 4.98495
4.66800 4.98416
4.66900 4.97888
4.67000 5.04820
4.67100 4.97890
4.67200 5.02163
4.67300 4.90446
4.67400 4.95047
4.67500 4.99966
4.67600 4.95534
4.67700 5.00195
4.67800 4.99757
4.67900 5.00955
4.68000 4.98355
4.68100 5.03209
4.68200 4.93187
4.68300 4.98009
4.68400 5.07661
4.68500 4.97925
4.68600 5.07705
4.68700 5.01767
4.68800 4.98822
4.68900 5.00469
4.69000 5.08030
4.69100 4.98444
4.69200 4.94447
4.69300 5.02531
4.69400 5.03625
4.69500 5.04312
4.69600 4.92385
4.69700 5.02020
4.69800 5.00363
4.69900 4.98780
4.70000 4.97650
4.70100 5.02361
4.70200 4.99674
4.70300 4.99780
4.70400 5.10026
4.70500 5.00296
4.70600 4.94204
4.70700 4.95389
4.70800 4.96185
4.70900 4.91919
4.71000 5.05433
4.71100 5.09305
4.71200 4.96832
4.71300 5.04534
4.71400 4.96227
4.71500 4.96550
4.71600 4.91213
4.71700 4.99684
4.71800 5.06153
4.71900 5.06304
4.72000 5.02624
4.72100 4.98639
4.72200 5.06014
4.72300 5.08697
4.72400 4.96149
4.72500 5.01325
4.72600 4.99732
4.72700 4.96770
4.72800 4.94105
4.72900 4.95826
4.73000 5.00549
4.73100 5.01274
4.73200 5.00698
4.73300 5.06407
4.73400 4.96548
4.73500 4.93696
4.73600 4.94094
4.73700 5.01977
4.73800 4.97302
4.73900 4.91751
4.74000 5.04626
4.74100 5.07002
4.74200 5.00904
4.74300 5.03218
4.74400 4.93016
4.74500 4.92930
4.74600 5.00813
4.74700 5.01048
4.74800 4.99036
4.74900 4.98555
4.75000 4.96857
4.75100 5.07214
4.75200 4.95717
4.75300 4.99334
4.75400 5.05196
4.75500 4.94899
4.75600 5.00721
4.75700 4.99428
4.75800 5.03089
4.75900 4.87774
4.76000 4.98517
4.76100 4.96073
4.76200 5.05457
4.76300 4.99721
4.76400 4.97186
4.76500 5.04431
4.76600 5.03200
4.76700 5.05084
4.76800 5.05418
4.76900 5.03848
4.77000 4.97139
4.77100 5.01492
4.77200 5.01483
4.77300 5.01807
4.77400 5.01692
4.77500 5.00464
4.77600 4.97907
4.77700 4.99641
4.77800 4.95093
4.77900 4.95511
4.78000 5.03619
4.78100 4.98403
4.78200 5.00462
4.78300 4.97308
4.78400 4.91838
4.78500 4.97995
4.78600 5.08076
4.78700 4.99481
4.78800 4.96590
4.78900 5.03464
4.79000 4.97578
4.79100 4.96933
4.79200 4.92180
4.79300 4.91415
4.79400 5.02076
4.79500 5.00685
4.79600 5.00185
4.79700 5.03456
4.79800 4.97699
4.79900 5.00089
4.80000 4.95654
4.80100 4.95686
4.80200 4.96248
4.80300 5.04829
4.80400 5.03526
4.80500 4.94955
4.80600 4.98396
4.80700 5.00591
4.80800 4.95961
4.80900 5.03366
4.81000 4.96058
4.81100 4.98309
4.81200 4.98310
4.81300 4.90752
4.81400 4.91225
4.81500 4.95667
4.81600 5.05906
4.81700 5.02884
4.81800 5.02235
4.81900 4.96850
4.82000 4.97638
4.82100 5.00199
4.82200 5.01321
4.82300 4.92368
4.82400 4.96417
4.82500 4.96130
4.82600 5.06527
4.82700 4.97243
4.82800 4.95877
4.82900 5.04040
4.83000 4.97758
4.83100 5.04616
4.83200 4.95130
4.83300 5.09377
4.83400 4.99547
4.83500 5.00651
4.83600 4.98763
4.83700 4.99721
4.83800 5.00056
4.83900 4.98306
4.84000 5.06160
4.84100 4.88685
4.84200 4.93891
4.84300 4.98085
4.84400 4.99293
4.84500 5.07159
4.84600 5.02718
4.84700 4.99954
4.84800 4.95942
4.84900 5.09778
4.85000 5.04312
4.85100 5.12718
4.85200 4.92511
4.85300 5.08584
4.85400 4.99474
4.85500 4.95707
4.85600 5.00618
4.85700 5.00572
4.85800 4.98412
4.85900 4.92729
4.86000 4.98235
4.86100 4.93564
4.86200 5.00428
4.86300 4.93173
4.86400 5.01075
4.86500 4.97918
4.86600 5.04754
4.86700 4.96039
4.86800 4.93191
4.86900 4.92929
4.87000 5.01278
4.87100 5.19659
4.87200 4.93039
4.87300 4.96805
4.87400 5.07635
4.87500 5.03188
4.87600 5.06266
4.87700 5.01433
4.87800 5.02313
4.87900 5.00136
4.88000 4.94302
4.88100 5.00919
4.88200 4.94977
4.88300 5.02976
4.88400 4.86185
4.88500 4.89403
4.88600 4.99021
4.88700 5.00182
4.88800 5.08925
4.88900 4.95561
4.89000 5.02788
4.89100 4.90582
4.89200 5.11475
4.89300 4.86529
4.89400 5.07107
4.89500 4.97675
4.89600 4.90378
4.89700 4.96598
4.89800 5.03824
4.89900 4.98657
4.90000 4.95135
4.90100 5.00219
4.90200 4.99284
4.90300 5.03885
4.90400 5.02717
4.90500 4.96919
4.90600 4.95402
4.90700 4.99478
4.90800 4.98476
4.90900 5.00571
4.91000 4.94107
4.91100 4.99870
4.91200 4.95136
4.91300 5.02063
4.91400 5.00583
4.91500 4.98004
4.91600 4.91343
4.91700 5.04880
4.91800 4.94980
4.91900 4.96856
4.92000 4.98820
4.92100 5.01300
4.92200 4.96524
4.92300 4.96641
4.92400 4.92117
4.92500 5.04494
4.92600 4.96806
4.92700 4.96928
4.92800 4.88858
4.92900 4.96330
4.93000 5.03688
4.93100 5.04583
4.93200 4.94101
4.93300 4.99595
4.93400 5.02461
4.93500 4.92178
4.93600 4.97421
4.93700 5.02864
4.93800 5.04825
4.93900 4.92093
4.94000 4.93807
4.94100 5.05153
4.94200 4.97315
4.94300 5.01137
4.94400 4.93514
4.94500 5.05174
4.94600 5.01284
4.94700 5.06412
4.94800 4.94611
4.94900 4.96591
4.95000 4.93215
4.95100 4.93121
4.95200 4.92605
4.95300 5.00061
4.95400 4.94525
4.95500 4.98936
4.95600 4.95540
4.95700 5.00760
4.95800 5.03120
4.95900 5.02997
4.96000 5.03328
4.96100 4.98270
4.96200 5.02522
4.96300 4.97680
4.96400 4.94919
4.96500 4.92785
4.96600 4.98779
4.96700 5.00384
4.96800 5.07250
4.96900 4.96679
4.97000 5.06464
4.97100 4.91301
4.97200 4.98677
4.97300 5.10897
4.97400 4.97495
4.97500 4.94686
4.97600 4.94096
4.97700 5.10405
4.97800 5.05500
4.97900 4.96481
4.98000 4.96984
4.98100 4.86822
4.98200 4.98377
4.98300 5.07084
4.98400 4.89619
4.98500 5.04736
4.98600 5.02472
4.98700 5.07280
4.98800 4.96701
4.98900 5.00750
4.99000 5.06248
4.99100 5.01927
4.99200 5.03045
4.99300 4.97917
4.99400 4.98596
4.99500 4.96593
4.99600 5.00116
4.99700 4.99708
4.99800 4.98263
4.99900 4.88817
5.00000 4.92435
5.00100 4.99196
5.00200 5.05411
5.00300 4.95096
5.00400 4.96889
5.00500 4.99327
5.00600 5.04411
5.00700 5.07914
5.00800 5.00956
5.00900 4.99589
5.01000 4.95553
5.01100 5.01520
5.01200 4.98093
5.01300 5.00329
5.01400 4.95095
5.01500 5.05014
5.01600 4.97518
5.01700 4.91833
5.01800 4.99372
5.01900 4.93983
5.02000 5.02247
5.02100 5.06221
5.02200 5.02306
5.02300 4.98797
5.02400 4.95406
5.02500 4.97148
5.02600 5.10280
5.02700 5.04933
5.02800 4.94536
5.02900 4.94905
5.03000 5.01539
5.03100 5.00172
5.03200 5.00253
5.03300 5.02823
5.03400 4.94331
5.03500 4.95726
5.03600 5.04829
5.03700 5.01392
5.03800 4.98565
5.03900 4.99343
5.04000 5.03064
5.04100 5.01361
5.04200 4.96485
5.04300 4.94023
5.04400 5.03839
5.04500 4.93780
5.04600 5.10090
5.04700 4.94107
5.04800 4.96782
5.04900 5.05308
5.05000 5.07119
5.05100 5.00229
5.05200 4.86554
5.05300 4.99267
5.05400 4.89411
5.05500 4.97365
5.05600 5.04129
5.05700 5.03855
5.05800 5.00520
5.05900 5.01134
5.06000 5.03017
5.06100 4.97927
5.06200 4.98030
5.06300 5.05934
5.06400 5.02330
5.06500 5.05963
5.06600 5.01936
5.06700 5.01851
5.06800 5.04065
5.06900 5.03499
5.07000 5.08491
5.07100 5.02905
5.07200 4.97575
5.07300 4.97966
5.07400 4.95195
5.07500 5.01075
5.07600 4.96418
5.07700 4.93390
5.07800 5.03153
5.07900 5.07310
5.08000 4.91937
5.08100 5.04760
5.08200 5.00999
5.08300 4.94800
5.08400 4.96475
5.08500 4.98965
5.08600 5.11389
5.08700 5.01112
5.08800 5.07836
5.08900 4.96926
5.09000 5.05235
5.09100 5.03977
5.09200 4.96561
5.09300 4.97040
5.09400 5.02380
5.09500 4.92035
5.09600 4.99800
5.09700 4.93454
5.09800 4.99951
5.09900 5.02063
5.10000 5.03394
5.10100 5.01929
5.10200 4.99004
5.10300 4.97258
5.10400 4.95681
5.10500 4.96908
5.10600 4.97806
5.10700 4.97353
5.10800 5.00822
5.10900 4.96541
5.11000 4.92000
5.11100 5.03290
5.11200 4.96158
5.11300 4.91589
5.11400 4.95306
5.11500 4.98197
5.11600 4.98802
5.11700 5.00951
5.11800 5.09491
5.11900 4.93336
5.12000 5.07936
5.12100 5.00747
5.12200 4.98318
5.12300 4.88693
5.12400 4.98462
5.12500 5.03163
5.12600 4.94630
5.12700 4.92257
5.12800 4.93352
5.12900 5.00737
5.13000 5.00061
5.13100 5.07859
5.13200 4.97458
5.13300 5.03888
5.13400 4.93754
5.13500 4.98742
5.13600 5.05347
5.13700 4.98414
5.13800 5.02475
5.13900 4.93480
5.14000 4.95147
5.14100 4.97123
5.14200 4.94180
5.14300 4.97522
5.14400 5.07185
5.14500 4.98694
5.14600 5.01124
5.14700 5.07712
5.14800 5.00000
5.14900 4.99145
5.15000 4.97457
5.15100 5.05499
5.15200 5.04472
5.15300 5.10200
5.15400 5.10294
5.15500 4.92464
5.15600 5.03796
5.15700 5.10566
5.15800 5.01598
5.15900 5.00844
5.16000 4.94273
5.16100 5.05767
5.16200 4.94985
5.16300 5.00929
5.16400 4.98383
5.16500 5.02381
5.16600 4.97898
5.16700 4.97955
5.16800 5.05251
5.16900 4.99884
5.17000 5.04642
5.17100 4.96735
5.17200 5.07507
5.17300 5.02709
5.17400 5.06221
5.17500 5.03972
5.17600 4.92196
5.17700 4.87176
5.17800 5.05386
5.17900 4.97650
5.18000 4.98027
5.18100 4.95859
5.18200 4.97255
5.18300 5.01547
5.18400 5.04475
5.18500 4.98566
5.18600 4.89074
5.18700 5.03000
5.18800 5.01503
5.18900 4.96926
5.19000 4.93515
5.19100 4.93296
5.19200 5.06273
5.19300 4.96916
5.19400 5.06033
5.19500 4.98751
5.19600 5.04395
5.19700 4.95360
5.19800 4.93664
5.19900 4.98987
5.20000 4.91293
5.20100 4.93273
5.20200 5.02335
5.20300 5.07829
5.20400 5.00895
5.20500 4.91713
5.20600 4.94847
5.20700 5.00881
5.20800 4.99281
5.20900 5.12016
5.21000 5.09473
5.21100 4.98506
5.21200 5.10526
5.21300 4.95233
5.21400 4.95245
5.21500 5.07199
5.21600 4.94757
5.21700 4.97199
5.21800 5.08058
5.21900 4.97941
5.22000 5.06873
5.22100 5.03600
5.22200 4.97915
5.22300 5.03282
5.22400 5.05722
5.22500 5.04217
5.22600 4.95816
5.22700 5.04806
5.22800 4.88261
5.22900 4.98457
5.23000 5.00245
5.23100 5.04742
5.23200 5.06915
5.23300 4.93190
5.23400 4.97157
5.23500 4.99317
5.23600 4.97548
5.23700 5.01817
5.23800 5.03186
5.23900 5.03381
5.24000 4.98213
5.24100 5.16044
5.24200 4.94098
5.24300 4.98934
5.24400 5.07827
5.24500 5.04144
5.24600 5.04020
5.24700 5.06432
5.24800 4.99138
5.24900 5.00639
5.25000 5.05819
5.25100 5.08320
5.25200 4.93707
5.25300 4.97565
5.25400 5.00249
5.25500 5.04790
5.25600 4.94022
5.25700 5.04999
5.25800 4.96819
5.25900 5.04055
5.26000 5.01563
5.26100 5.07750
5.26200 4.95105
5.26300 5.03162
5.26400 4.98833
5.26500 4.96747
5.26600 5.05041
5.26700 4.95396
5.26800 5.03972
5.26900 4.95045
5.27000 4.94283
5.27100 5.03717
5.27200 5.11053
5.27300 5.02560
5.27400 4.95438
5.27500 5.01865
5.27600 4.98640
5.27700 4.96800
5.27800 5.01214
5.27900 5.02831
5.28000 5.04211
5.28100 4.94953
5.28200 5.08313
5.28300 4.98604
5.28400 4.92016
5.28500 4.95817
5.28600 5.00675
5.28700 4.95749
5.28800 5.01046
5.28900 4.95474
5.29000 5.05163
5.29100 5.00865
5.29200 4.98666
5.29300 5.04895
5.29400 4.95219
5.29500 4.99147
5.29600 5.02884
5.29700 5.01803
5.29800 5.00204
5.29900 5.04308
5.30000 4.97284
5.30100 4.99806
5.30200 4.95495
5.30300 4.99556
5.30400 4.94035
5.30500 4.93996
5.30600 4.99800
5.30700 4.94723
5.30800 5.03679
5.30900 5.04726
5.31000 0.22766
5.31100 0.23635
5.31200 0.22437
5.31300 0.12279
5.31400 0.14311
5.31500 0.21500
5.31600 0.14422
5.31700 0.16437
5.31800 0.19661
5.31900 0.21408
5.32000 0.11947
5.32100 0.19981
5.32200 0.24141
5.32300 0.21744
5.32400 0.27378
5.32500 0.17521
5.32600 0.26261
5.32700 0.30704
5.32800 0.23468
5.32900 0.24876
5.33000 5.04962
5.33100 4.88990
5.33200 4.96382
5.33300 5.05341
5.33400 4.93507
5.33500 5.01384
5.33600 5.02628
5.33700 5.06225
5.33800 4.99224
5.33900 5.04241
5.34000 4.99796
5.34100 5.07805
5.34200 4.96680
5.34300 4.97199
5.34400 5.01868
5.34500 5.08246
5.34600 5.01151
5.34700 4.99710
5.34800 4.96744
5.34900 5.05115
5.35000 4.96405
5.35100 4.98616
5.35200 4.98443
5.35300 5.05433
5.35400 4.95574
5.35500 4.95641
5.35600 5.00864
5.35700 5.00052
5.35800 4.92440
5.35900 4.95410
5.36000 4.96629
5.36100 5.00040
5.36200 4.95628
5.36300 5.09704
5.36400 5.01196
5.36500 5.05891
5.36600 5.01490
5.36700 5.01060
5.36800 5.03516
5.36900 4.98125
5.37000 4.90770
5.37100 5.02048
5.37200 4.96109
5.37300 5.06421
5.37400 4.95323
5.37500 5.00617
5.37600 5.00001
5.37700 4.97014
5.37800 4.97943
5.37900 4.98977
5.38000 5.00754
5.38100 5.01150
5.38200 5.00109
5.38300 4.99809
5.38400 4.88733
5.38500 5.06784
5.38600 5.03299
5.38700 4.93555
5.38800 4.95679
5.38900 4.89194
5.39000 4.85100
5.39100 4.97549
5.39200 5.08232
5.39300 5.00654
5.39400 5.01002
5.39500 5.00287
5.39600 5.02856
5.39700 4.99718
5.39800 4.95795
5.39900 4.96979
5.40000 5.03371
5.40100 4.97958
5.40200 4.90390
5.40300 5.02706
5.40400 5.01101
5.40500 5.06666
5.40600 5.00499
5.40700 5.00039
5.40800 4.99432
5.40900 4.96009
5.41000 5.01344
5.41100 4.97386
5.41200 4.94802
5.41300 4.99455
5.41400 5.00448
5.41500 5.01786
5.41600 5.03336
5.41700 5.10930
5.41800 4.98623
5.41900 5.06711
5.42000 4.99998
5.42100 5.00602
5.42200 5.04034
5.42300 4.95702
5.42400 4.99584
5.42500 5.03413
5.42600 4.92739
5.42700 4.95264
5.42800 4.97718
5.42900 4.99818
5.43000 5.03815
5.43100 4.93535
5.43200 5.06917
5.43300 5.03470
5.43400 5.02989
5.43500 4.90113
5.43600 5.01588
5.43700 4.96049
5.43800 5.03618
5.43900 4.99482
5.44000 4.97788
5.44100 4.95336
5.44200 4.98766
5.44300 5.03296
5.44400 4.91749
5.44500 4.96172
5.44600 4.98660
5.44700 4.98933
5.44800 4.97575
5.44900 5.00894
5.45000 5.00311
5.45100 4.89423
5.45200 5.05030
5.45300 4.92812
5.45400 5.05765
5.45500 5.03799
5.45600 4.91115
5.45700 5.00465
5.45800 5.06749
5.45900 5.06880
5.46000 5.00855
5.46100 4.96077
5.46200 5.05995
5.46300 4.92431
5.46400 4.92479
5.46500 5.03829
5.46600 4.93878
5.46700 5.02715
5.46800 4.94595
5.46900 4.96795
5.47000 5.05770
5.47100 4.99582
5.47200 5.03175
5.47300 4.99021
5.47400 4.97687
5.47500 4.96508
5.47600 4.95346
5.47700 5.01969
5.47800 5.02230
5.47900 5.08309
5.48000 5.01414
5.48100 4.98679
5.48200 5.02486
5.48300 5.07204
5.48400 4.92782
5.48500 5.08330
5.48600 4.95923
5.48700 4.95962
5.48800 5.12858
5.48900 5.05458
5.49000 4.97270
5.49100 5.04291
5.49200 5.06796
5.49300 5.03433
5.49400 5.05491
5.49500 5.01804
5.49600 5.02598
5.49700 4.94289
5.49800 4.94855
5.49900 5.00956
5.50000 4.93281
5.50100 5.03359
5.50200 4.99584
5.50300 5.05913
5.50400 5.04470
5.50500 4.97949
5.50600 4.86532
5.50700 4.92766
5.50800 5.00003
5.50900 5.10241
5.51000 5.00087
5.51100 5.02925
5.51200 4.99892
5.51300 4.86678
5.51400 5.03024
5.51500 4.98746
5.51600 4.92483
5.51700 5.03479
5.51800 4.99753
5.51900 5.14752
5.52000 4.88895
5.52100 4.95985
5.52200 5.00248
5.52300 4.98084
5.52400 5.03256
5.52500 5.04453
5.52600 5.02403
5.52700 5.00334
5.52800 4.96531
5.52900 5.00917
5.53000 5.04478
5.53100 5.00612
5.53200 4.89511
5.53300 5.08441
5.53400 4.97531
5.53500 5.04417
5.53600 4.97524
5.53700 5.05425
5.53800 4.98376
5.53900 5.07481
5.54000 5.06560
5.54100 4.96797
5.54200 4.85428
5.54300 5.01755
5.54400 4.95079
5.54500 5.04933
5.54600 5.01911
5.54700 4.98157
5.54800 4.95279
5.54900 4.95771
5.55000 5.07366
5.55100 5.04846
5.55200 4.98942
5.55300 5.01641
5.55400 5.04625
5.55500 4.99101
5.55600 4.90989
5.55700 5.08336
5.55800 4.98413
5.55900 4.96963
5.56000 5.00168
5.56100 4.95249
5.56200 4.94609
5.56300 5.01153
5.56400 4.96490
5.56500 5.02182
5.56600 5.02066
5.56700 5.09950
5.56800 4.98719
5.56900 5.00513
5.57000 4.97350
5.57100 5.06035
5.57200 5.02514
5.57300 5.01995
5.57400 5.09541
5.57500 5.01530
5.57600 5.01443
5.57700 4.93528
5.57800 4.91351
5.57900 4.97522
5.58000 5.00597
5.58100 4.94623
5.58200 4.95310
5.58300 5.03886
5.58400 4.97260
5.58500 4.97173
5.58600 4.98393
5.58700 4.94626
5.58800 5.04418
5.58900 5.07266
5.59000 5.05314
5.59100 5.07809
5.59200 4.90243
5.59300 5.04650
5.59400 4.99458
5.59500 5.07024
5.59600 4.96897
5.59700 5.04215
5.59800 5.09073
5.59900 5.03252
5.60000 5.00863
5.60100 4.99416
5.60200 5.02879
5.60300 4.99310
5.60400 4.94436
5.60500 5.03398
5.60600 5.08621
5.60700 5.02293
5.60800 5.05720
5.60900 5.06445
5.61000 5.00554
5.61100 5.00019
5.61200 4.96316
5.61300 5.01520
5.61400 5.02881
5.61500 4.95673
5.61600 4.98909
5.61700 5.05646
5.61800 4.97053
5.61900 5.04079
5.62000 5.02234
5.62100 4.98830
5.62200 5.04838
5.62300 5.03461
5.62400 5.00088
5.62500 5.00872
5.62600 5.02348
5.62700 5.02868
5.62800 5.02569
5.62900 5.03938
5.63000 4.97896
5.63100 5.07746
5.63200 4.99884
5.63300 4.99503
5.63400 5.06929
5.63500 5.05399
5.63600 4.91103
5.63700 5.00377
5.63800 5.04232
5.63900 5.03115
5.64000 4.92045
5.64100 4.96877
5.64200 4.96527
5.64300 5.03534
5.64400 5.04737
5.64500 5.02207
5.64600 5.00226
5.64700 4.96349
5.64800 5.05758
5.64900 4.89386
5.65000 5.03112
5.65100 5.03407
5.65200 5.01930
5.65300 5.00367
5.65400 5.01102
5.65500 5.03729
5.65600 4.97072
5.65700 5.04043
5.65800 5.00394
5.65900 5.00855
5.66000 4.87067
5.66100 4.93701
5.66200 4.99232
5.66300 4.97039
5.66400 5.04880
5.66500 4.92879
5.66600 5.06356
5.66700 5.04354
5.66800 5.01411
5.66900 4.97868
5.67000 4.94483
5.67100 4.94237
5.67200 4.96706
5.67300 5.00233
5.67400 5.03636
5.67500 5.03839
5.67600 5.05685
5.67700 5.05417
5.67800 4.96818
5.67900 4.97624
5.68000 5.05651
5.68100 4.96265
5.68200 5.05394
5.68300 5.00561
5.68400 4.93417
5.68500 5.02526
5.68600 5.01428
5.68700 4.96280
5.68800 4.88345
5.68900 5.01707
5.69000 5.02526
5.69100 5.04430
5.69200 5.02423
5.69300 4.96748
5.69400 4.91975
5.69500 4.99671
5.69600 5.05147
5.69700 4.99825
5.69800 4.94217
5.69900 4.91940
5.70000 4.87163
5.70100 5.01262
5.70200 5.02561
5.70300 4.89485
5.70400 4.97252
5.70500 5.07383
5.70600 4.89652
5.70700 5.07758
5.70800 5.06114
5.70900 5.04618
5.71000 5.02814
5.71100 5.02862
5.71200 5.03528
5.71300 5.08594
5.71400 4.94813
5.71500 4.91518
5.71600 4.90434
5.71700 5.01485
5.71800 5.05467
5.71900 4.96752
5.72000 5.02479
5.72100 5.01425
5.72200 5.06187
5.72300 5.04033
5.72400 5.02466
5.72500 4.97029
5.72600 4.98454
5.72700 5.04803
5.72800 5.01186
5.72900 5.06927
5.73000 4.97214
5.73100 5.05118
5.73200 4.99417
5.73300 5.02429
5.73400 4.91752
5.73500 5.03754
5.73600 4.95820
5.73700 5.06243
5.73800 5.04616
5.73900 4.97175
5.74000 5.07694
5.74100 5.07893
5.74200 5.09056
5.74300 5.06540
5.74400 4.98605
5.74500 5.07628
5.74600 4.94225
5.74700 4.98831
5.74800 5.02127
5.74900 4.92438
5.75000 5.06442
5.75100 5.03567
5.75200 4.99810
5.75300 4.89809
5.75400 4.97126
5.75500 5.04456
5.75600 5.03686
5.75700 4.95961
5.75800 4.93979
5.75900 5.00565
5.76000 4.94638
5.76100 4.92343
5.76200 5.07620
5.76300 5.00432
5.76400 5.02223
5.76500 4.99158
5.76600 5.05155
5.76700 5.05202
5.76800 4.99591
5.76900 4.98222
5.77000 4.98363
5.77100 5.04854
5.77200 5.01042
5.77300 4.94427
5.77400 5.06996
5.77500 5.00497
5.77600 5.02843
5.77700 5.07467
5.77800 5.02898
5.77900 5.04448
5.78000 4.99953
5.78100 5.03355
5.78200 5.04866
5.78300 5.02338
5.78400 4.99925
5.78500 4.99517
5.78600 4.99021
5.78700 5.01606
5.78800 4.97970
5.78900 5.03124
5.79000 4.98075
5.79100 5.05292
5.79200 5.00928
5.79300 4.97137
5.79400 5.02475
5.79500 4.94962
5.79600 5.15169
5.79700 4.96902
5.79800 4.99636
5.79900 5.07277
5.80000 4.97562
5.80100 4.95774
5.80200 4.95478
5.80300 5.05886
5.80400 4.94724
5.80500 5.08638
5.80600 5.03350
5.80700 4.99672
5.80800 5.05889
5.80900 5.00272
5.81000 4.98891
5.81100 4.94035
5.81200 4.93175
5.81300 5.01449
5.81400 4.90231
5.81500 4.92480
5.81600 4.92589
5.81700 4.99831
5.81800 4.93265
5.81900 4.99159
5.82000 5.12525
5.82100 5.00133
5.82200 5.08668
5.82300 5.00716
5.82400 4.94496
5.82500 4.97135
5.82600 4.96640
5.82700 5.02029
5.82800 5.03231
5.82900 5.00709
5.83000 4.97860
5.83100 4.95935
5.83200 4.97766
5.83300 4.95397
5.83400 4.95867
5.83500 5.12049
5.83600 5.04189
5.83700 4.94578
5.83800 4.99835
5.83900 5.01408
5.84000 4.99534
5.84100 4.96372
5.84200 5.01486
5.84300 5.00373
5.84400 5.02114
5.84500 5.05254
5.84600 4.96986
5.84700 5.00667
5.84800 4.97328
5.84900 4.95429
5.85000 4.97029
5.85100 5.00729
5.85200 4.96897
5.85300 4.94958
5.85400 4.96087
5.85500 5.00434
5.85600 5.06755
5.85700 5.06116
5.85800 4.91949
5.85900 4.98229
5.86000 5.02640
5.86100 4.97724
5.86200 4.99027
5.86300 4.95149
5.86400 5.00569
5.86500 4.99128
5.86600 4.95527
5.86700 5.02380
5.86800 5.04915
5.86900 5.02203
5.87000 4.94173
5.87100 5.01148
5.87200 5.03680
5.87300 5.05325
5.87400 5.05765
5.87500 5.04480
5.87600 4.98942
5.87700 5.02382
5.87800 5.03294
5.87900 5.00422
5.88000 5.01475
5.88100 4.94810
5.88200 5.01355
5.88300 4.97684
5.88400 4.99131
5.88500 5.08277
5.88600 5.00974
5.88700 5.01398
5.88800 4.96774
5.88900 4.92555
5.89000 4.93913
5.89100 4.98214
5.89200 4.98737
5.89300 4.90987
5.89400 4.96552
5.89500 4.99860
5.89600 4.95828
5.89700 4.97988
5.89800 5.00421
5.89900 5.05846
5.90000 5.01503
5.90100 5.07328
5.90200 4.93055
5.90300 5.06204
5.90400 4.98979
5.90500 5.04736
5.90600 5.09644
5.90700 5.04555
5.90800 5.01961
5.90900 5.07735
5.91000 4.97515
5.91100 5.05017
5.91200 5.01810
5.91300 5.01791
5.91400 4.96935
5.91500 5.01552
5.91600 5.01709
5.91700 4.99822
5.91800 5.01553
5.91900 4.93086
5.92000 5.04536
5.92100 4.98686
5.92200 5.01126
5.92300 4.96812
5.92400 4.98200
5.92500 4.96749
5.92600 5.06095
5.92700 4.95859
5.92800 4.96239
5.92900 4.99055
5.93000 4.93930
5.93100 4.94889
5.93200 5.00941
5.93300 5.01338
5.93400 5.03621
5.93500 5.02106
5.93600 4.95633
5.93700 4.94780
5.93800 5.04982
5.93900 4.89134
5.94000 5.00653
5.94100 5.03240
5.94200 5.05664
5.94300 5.06609
5.94400 5.05194
5.94500 5.09308
5.94600 4.91005
5.94700 4.98455
5.94800 5.01592
5.94900 4.88761
5.95000 4.96152
5.95100 5.05682
5.95200 4.96647
5.95300 5.04857
5.95400 5.03072
5.95500 5.05780
5.95600 5.04021
5.95700 5.02618
5.95800 5.03322
5.95900 4.95653
5.96000 5.08238
5.96100 4.98843
5.96200 4.96007
5.96300 5.02253
5.96400 4.93142
5.96500 5.10257
5.96600 5.11738
5.96700 5.05919
5.96800 4.95486
5.96900 5.02336
5.97000 5.01494
5.97100 4.97528
5.97200 4.98704
5.97300 5.02385
5.97400 4.97725
5.97500 5.00036
5.97600 5.00434
5.97700 4.93997
5.97800 4.98631
5.97900 4.98221
5.98000 5.08331
5.98100 5.01023
5.98200 5.02413
5.98300 5.01544
5.98400 5.00345
5.98500 5.00806
5.98600 4.99832
5.98700 4.89996
5.98800 5.00574
5.98900 4.97313
5.99000 4.98921
5.99100 4.95659
5.99200 4.95868
5.99300 5.00418
5.99400 4.98099
5.99500 5.00639
5.99600 5.01522
5.99700 5.00331
5.99800 5.00929
5.99900 4.97439
6.00000 4.99290
6.00100 5.03493
6.00200 4.99504
6.00300 5.03283
6.00400 5.00689
6.00500 5.05403
6.00600 4.95577
6.00700 5.01759
6.00800 5.04546
6.00900 4.96594
6.01000 5.01123
6.01100 5.02079
6.01200 4.99775
6.01300 5.04945
6.01400 5.02081
6.01500 4.99197
6.01600 5.04498
6.01700 5.02208
6.01800 5.14271
6.01900 0.12609
6.02000 0.21134
6.02100 0.20096
6.02200 0.20283
6.02300 0.10396
6.02400 0.20718
6.02500 0.17450
6.02600 0.23735
6.02700 0.14806
6.02800 0.28584
6.02900 0.19933
6.03000 0.17724
6.03100 0.21661
6.03200 0.12943
6.03300 0.14943
6.03400 0.22936
6.03500 0.18502
6.03600 0.20418
6.03700 0.08875
6.03800 0.13205
6.03900 4.91507
6.04000 5.08024
6.04100 4.99038
6.04200 5.06127
6.04300 4.98429
6.04400 5.04901
6.04500 4.97049
6.04600 4.97415
6.04700 4.98981
6.04800 5.00093
6.04900 4.89729
6.05000 4.99560
6.05100 4.94917
6.05200 4.96211
6.05300 4.98163
6.05400 4.97576
6.05500 4.99224
6.05600 5.04869
6.05700 5.05061
6.05800 5.08197
6.05900 4.96327
6.06000 4.99061
6.06100 4.98139
6.06200 4.97451
6.06300 5.02692
6.06400 5.03382
6.06500 4.99248
6.06600 5.00529
6.06700 5.05962
6.06800 4.99180
6.06900 5.05327
6.07000 5.00004
6.07100 5.02318
6.07200 5.09158
6.07300 4.97415
6.07400 5.01888
6.07500 5.06323
6.07600 5.00863
6.07700 5.06739
6.07800 5.12819
6.07900 5.07276
6.08000 5.00022
6.08100 4.96385
6.08200 5.01383
6.08300 4.97662
6.08400 4.96604
6.08500 5.03978
6.08600 5.03628
6.08700 4.92293
6.08800 4.97843
6.08900 4.95337
6.09000 5.03635
6.09100 5.02283
6.09200 5.05066
6.09300 5.00295
6.09400 5.03004
6.09500 5.03879
6.09600 5.00199
6.09700 5.04779
6.09800 4.91558
6.09900 5.05423
6.10000 4.93809
6.10100 4.98608
6.10200 5.01573
6.10300 5.01009
6.10400 4.93537
6.10500 5.00481
6.10600 4.89445
6.10700 4.99058
6.10800 4.97874
6.10900 5.07558
6.11000 4.98652
6.11100 4.96460
6.11200 4.96598
6.11300 4.95886
6.11400 4.99997
6.11500 5.01081
6.11600 5.08003
6.11700 4.93687
6.11800 5.02880
6.11900 4.93106
6.12000 4.98563
6.12100 5.05531
6.12200 5.05994
6.12300 5.04215
6.12400 4.97232
6.12500 5.04736
6.12600 5.07494
6.12700 4.93259
6.12800 4.97354
6.12900 5.00509
6.13000 5.01309
6.13100 5.01654
6.13200 4.99097
6.13300 4.96863
6.13400 5.02695
6.13500 4.96521
6.13600 4.99288
6.13700 5.02436
6.13800 5.02353
6.13900 5.04451
6.14000 5.04690
6.14100 5.03616
6.14200 5.07670
6.14300 4.93645
6.14400 5.01269
6.14500 5.01267
6.14600 4.99148
6.14700 5.00245
6.14800 5.02112
6.14900 4.98611
6.15000 5.10318
6.15100 5.10142
6.15200 4.98001
6.15300 5.05461
6.15400 5.04518
6.15500 5.01538
6.15600 4.99470
6.15700 5.02923
6.15800 5.01175
6.15900 4.97770
6.16000 5.04729
6.16100 5.01245
6.16200 5.05896
6.16300 4.94019
6.16400 4.96547
6.16500 4.85058
6.16600 4.98309
6.16700 4.94676
6.16800 5.03137
6.16900 5.05239
6.17000 5.00769
6.17100 5.04714
6.17200 4.96819
6.17300 4.94174
6.17400 5.07015
6.17500 5.05134
6.17600 5.03843
6.17700 4.98584
6.17800 5.05270
6.17900 5.03255
6.18000 5.13164
6.18100 4.87137
6.18200 4.94230
6.18300 5.04427
6.18400 5.03905
6.18500 5.01836
6.18600 4.99334
6.18700 4.96987
6.18800 5.08320
6.18900 5.05833
6.19000 5.01917
6.19100 5.02284
6.19200 5.08611
6.19300 4.95319
6.19400 4.94559
6.19500 4.99664
6.19600 4.95135
6.19700 5.04546
6.19800 5.03729
6.19900 5.03813
6.20000 4.99094
6.20100 4.97316
6.20200 5.02280
6.20300 4.89922
6.20400 4.92603
6.20500 4.95161
6.20600 4.93301
6.20700 5.00201
6.20800 4.94467
6.20900 5.03405
6.21000 4.99597
6.21100 4.91935
6.21200 4.87912
6.21300 5.09255
6.21400 5.01572
6.21500 5.02161
6.21600 4.97574
6.21700 4.95181
6.21800 5.06620
6.21900 4.94162
6.22000 4.97920
6.22100 4.99974
6.22200 4.95611
6.22300 4.97258
6.22400 4.97291
6.22500 4.97493
6.22600 5.07595
6.22700 5.00190
6.22800 5.04849
6.22900 4.95586
6.23000 4.97190
6.23100 4.96798
6.23200 4.92094
6.23300 4.99955
6.23400 4.92845
6.23500 4.94081
6.23600 4.99900
6.23700 5.01363
6.23800 4.95955
6.23900 5.00647
6.24000 5.05829
6.24100 5.07100
6.24200 5.04443
6.24300 4.98390
6.24400 5.06256
6.24500 4.98526
6.24600 4.98428
6.24700 5.04734
6.24800 5.01807
6.24900 5.02453
6.25000 4.95838
6.25100 4.98636
6.25200 5.01567
6.25300 5.02604
6.25400 5.02769
6.25500 4.91168
6.25600 5.11155
6.25700 5.03997
6.25800 4.95936
6.25900 5.05896
6.26000 4.99411
6.26100 4.98152
6.26200 5.08233
6.26300 4.94537
6.26400 4.95057
6.26500 4.95770
6.26600 4.97211
6.26700 5.16242
6.26800 4.97868
6.26900 4.95101
6.27000 5.00962
6.27100 5.03848
6.27200 5.06394
6.27300 4.95847
6.27400 5.09904
6.27500 5.01061
6.27600 4.95852
6.27700 4.96297
6.27800 5.02564
6.27900 5.00240
6.28000 4.98031
6.28100 5.00927
6.28200 5.11829
6.28300 5.07393
6.28400 4.97715
6.28500 4.96631
6.28600 5.05166
6.28700 4.94875
6.28800 4.90968
6.28900 4.95321
6.29000 4.93489
6.29100 4.92670
6.29200 4.98846
6.29300 4.96030
6.29400 4.98292
6.29500 5.01778
6.29600 4.97330
6.29700 4.92698
6.29800 4.95317
6.29900 5.04221
6.30000 4.94554
6.30100 4.94292
6.30200 5.02068
6.30300 4.95281
6.30400 4.95266
6.30500 5.01220
6.30600 4.99292
6.30700 4.97176
6.30800 4.97899
6.30900 5.05355
6.31000 5.01650
6.31100 4.96500
6.31200 4.97873
6.31300 5.07953
6.31400 4.98876
6.31500 5.01772
6.31600 5.01562
6.31700 4.97502
6.31800 5.00894
6.31900 4.95313
6.32000 4.98738
6.32100 5.05872
6.32200 4.99263
6.32300 5.07764
6.32400 5.01121
6.32500 5.02688
6.32600 5.00733
6.32700 4.95701
6.32800 5.05471
6.32900 5.07196
6.33000 5.01657
6.33100 5.00173
6.33200 4.98915
6.33300 5.02627
6.33400 5.05490
6.33500 5.04663
6.33600 5.01463
6.33700 5.00267
6.33800 5.00844
6.33900 4.99367
6.34000 4.94780
6.34100 5.10245
6.34200 4.96054
6.34300 4.95375
6.34400 5.07245
6.34500 5.02601
6.34600 5.02829
6.34700 4.97468
6.34800 5.00042
6.34900 5.03996
6.35000 5.13942
6.35100 5.02795
6.35200 5.00800
6.35300 5.03452
6.35400 5.00350
6.35500 4.96199
6.35600 4.91176
6.35700 5.02583
6.35800 4.92817
6.35900 5.06042
6.36000 4.97391
6.36100 4.97682
6.36200 4.93991
6.36300 4.94578
6.36400 4.96623
6.36500 5.01377
6.36600 4.97388
6.36700 4.99018
6.36800 4.97077
6.36900 5.02317
6.37000 5.01723
6.37100 5.02106
6.37200 4.94646
6.37300 4.95776
6.37400 4.93187
6.37500 5.03244
6.37600 4.86536
6.37700 5.07316
6.37800 4.98191
6.37900 4.96447
6.38000 5.00605
6.38100 4.98357
6.38200 4.97895
6.38300 5.01614
6.38400 5.02646
6.38500 4.97093
6.38600 5.07720
6.38700 4.93143
6.38800 5.03993
6.38900 5.01007
6.39000 4.94597
6.39100 5.04026
6.39200 5.06312
6.39300 4.91872
6.39400 5.02710
6.39500 4.99264
6.39600 5.00883
6.39700 4.91396
6.39800 5.02822
6.39900 5.05621
6.40000 5.01173
6.40100 4.96357
6.40200 4.98048
6.40300 5.01369
6.40400 4.98765
6.40500 4.92951
6.40600 4.93858
6.40700 4.92306
6.40800 4.99938
6.40900 5.08946
6.41000 5.06390
6.41100 4.98597
6.41200 4.98739
6.41300 5.04438
6.41400 5.03170
6.41500 5.06082
6.41600 5.01977
6.41700 4.97819
6.41800 5.02747
6.41900 5.08570
6.42000 5.01178
6.42100 5.10134
6.42200 4.95475
6.42300 4.98322
6.42400 5.01010
6.42500 4.99335
6.42600 5.04467
6.42700 5.01465
6.42800 5.03174
6.42900 5.07389
6.43000 4.93938
6.43100 4.98464
6.43200 5.09835
6.43300 4.98205
6.43400 4.94544
6.43500 4.95673
6.43600 4.94099
6.43700 4.99088
6.43800 5.01142
6.43900 5.01525
6.44000 5.03630
6.44100 4.99080
6.44200 5.03914
6.44300 5.05404
6.44400 4.92867
6.44500 4.94890
6.44600 5.02179
6.44700 4.93975
6.44800 5.05221
6.44900 4.96844
6.45000 4.96686
6.45100 5.00529
6.45200 5.11474
6.45300 4.94200
6.45400 4.99600
6.45500 4.96089
6.45600 5.02667
6.45700 4.99091
6.45800 4.99501
6.45900 5.02114
6.46000 4.98630
6.46100 4.99965
6.46200 5.02398
6.46300 4.99624
6.46400 4.98529
6.46500 4.95426
6.46600 5.01906
6.46700 5.00455
6.46800 4.99104
6.46900 4.96652
6.47000 4.97383
6.47100 4.94966
6.47200 5.08625
6.47300 5.02924
6.47400 5.09828
6.47500 4.91221
6.47600 4.91866
6.47700 5.01265
6.47800 4.98882
6.47900 4.97478
6.48000 4.96768
6.48100 4.98524
6.48200 4.86940
6.48300 5.12009
6.48400 4.98154
6.48500 4.98782
6.48600 5.04553
6.48700 4.98976
6.48800 5.01519
6.48900 5.03426
6.49000 5.03767
6.49100 5.02610
6.49200 5.05457
6.49300 5.05575
6.49400 5.00741
6.49500 5.02878
6.49600 4.97580
6.49700 5.04226
6.49800 4.93750
6.49900 4.93290
6.50000 4.96437
6.50100 5.02787
6.50200 4.97382
6.50300 4.98688
6.50400 5.06560
6.50500 5.08515
6.50600 5.11243
6.50700 5.05959
6.50800 5.03794
6.50900 5.03106
6.51000 4.95135
6.51100 5.01284
6.51200 4.99987
6.51300 5.05798
6.51400 5.03233
6.51500 4.95896
6.51600 4.99058
6.51700 5.03227
6.51800 5.01389
6.51900 4.97445
6.52000 5.04754
6.52100 4.91097
6.52200 5.03240
6.52300 4.96118
6.52400 4.92982
6.52500 4.98625
6.52600 5.05911
6.52700 4.92378
6.52800 4.99322
6.52900 5.00150
6.53000 4.97895
6.53100 4.98060
6.53200 4.99494
6.53300 5.01089
6.53400 5.07335
6.53500 4.86426
6.53600 5.01324
6.53700 5.04476
6.53800 4.91337
6.53900 5.03180
6.54000 5.04855
6.54100 4.98029
6.54200 5.01294
6.54300 4.97088
6.54400 4.93854
6.54500 4.97318
6.54600 4.96615
6.54700 5.04671
6.54800 4.96852
6.54900 5.03328
6.55000 5.04455
6.55100 5.05952
6.55200 5.00248
6.55300 5.02571
6.55400 4.96117
6.55500 4.94977
6.55600 5.07970
6.55700 5.05366
6.55800 4.94976
6.55900 4.95741
6.56000 5.08569
6.56100 5.01540
6.56200 5.05915
6.56300 5.07508
6.56400 4.99332
6.56500 5.04637
6.56600 4.94268
6.56700 4.99892
6.56800 5.04043
6.56900 5.06970
6.57000 5.00141
6.57100 5.02752
6.57200 4.95919
6.57300 5.04668
6.57400 4.93552
6.57500 4.98317
6.57600 4.99341
6.57700 4.95429
6.57800 4.97044
6.57900 4.98490
6.58000 5.04789
6.58100 5.03186
6.58200 5.01748
6.58300 5.01846
6.58400 5.01981
6.58500 4.95308
6.58600 4.98383
6.58700 4.98923
6.58800 5.03782
6.58900 5.01592
6.59000 5.02759
6.59100 4.94207
6.59200 5.07886
6.59300 4.96850
6.59400 4.95116
6.59500 5.00175
6.59600 5.01336
6.59700 4.99004
6.59800 5.07283
6.59900 4.97226
6.60000 4.97587
6.60100 4.93360
6.60200 5.06424
6.60300 4.98151
6.60400 4.97967
6.60500 4.90880
6.60600 4.95698
6.60700 4.97262
6.60800 5.01792
6.60900 5.04436
6.61000 5.05420
6.61100 4.96183
6.61200 5.00956
6.61300 5.07459
6.61400 5.03087
6.61500 5.04080
6.61600 5.06395
6.61700 5.02781
6.61800 5.00576
6.61900 5.12683
6.62000 4.92861
6.62100 5.01355
6.62200 5.03554
6.62300 5.00856
6.62400 5.00351
6.62500 4.98387
6.62600 5.05785
6.62700 4.91424
6.62800 4.94657
6.62900 4.93342
6.63000 4.96795
6.63100 4.97509
6.63200 5.02005
6.63300 5.05136
6.63400 4.96091
6.63500 5.00403
6.63600 5.10571
6.63700 5.04118
6.63800 4.92343
6.63900 5.03951
6.64000 5.00704
6.64100 5.00528
6.64200 5.02036
6.64300 5.04446
6.64400 5.01741
6.64500 5.05258
6.64600 5.02070
6.64700 5.04743
6.64800 5.03099
6.64900 4.95981
6.65000 4.92874
6.65100 5.09658
6.65200 4.95991
6.65300 4.94864
6.65400 5.05427
6.65500 5.05815
6.65600 4.99365
6.65700 5.06672
6.65800 4.97612
6.65900 4.98356
6.66000 4.93452
6.66100 5.10440
6.66200 5.00860
6.66300 5.03882
6.66400 4.92331
6.66500 5.02756
6.66600 4.91368
6.66700 4.96987
6.66800 5.03715
6.66900 5.07533
6.67000 5.08385
6.67100 5.00220
6.67200 4.93910
6.67300 5.02299
6.67400 4.98192
6.67500 5.04055
6.67600 5.02856
6.67700 5.09175
6.67800 5.03664
6.67900 4.99779
6.68000 5.02799
6.68100 4.98991
6.68200 4.98160
6.68300 4.97561
6.68400 4.99262
6.68500 4.97363
6.68600 5.00632
6.68700 4.92999
6.68800 4.98064
6.68900 5.03318
6.69000 4.96510
6.69100 4.95271
6.69200 5.09292
6.69300 4.97749
6.69400 5.09075
6.69500 4.99975
6.69600 5.02829
6.69700 5.04732
6.69800 4.97142
6.69900 4.96403
6.70000 5.00749
6.70100 5.00024
6.70200 5.04096
6.70300 4.97957
6.70400 4.97026
6.70500 5.01480
6.70600 4.96608
6.70700 4.95720
6.70800 5.01750
6.70900 4.98298
6.71000 4.93634
6.71100 5.04575
6.71200 4.99113
6.71300 4.89062
6.71400 4.96409
6.71500 5.05179
6.71600 5.00212
6.71700 4.96816
6.71800 5.01258
6.71900 4.96825
6.72000 4.98390
6.72100 5.02041
6.72200 4.95374
6.72300 5.09168
6.72400 4.87183
6.72500 4.92387
6.72600 5.04580
6.72700 5.01799
6.72800 0.29509
6.72900 0.23405
6.73000 0.25800
6.73100 0.23565
6.73200 0.19245
6.73300 0.11245
6.73400 0.18777
6.73500 0.22362
6.73600 0.21463
6.73700 0.15615
6.73800 0.24953
6.73900 0.18113
6.74000 0.15270
6.74100 0.20565
6.74200 0.19900
6.74300 0.14337
6.74400 0.15380
6.74500 0.21037
6.74600 0.28994
6.74700 0.07821
6.74800 4.88183
6.74900 4.96643
6.75000 4.97991
6.75100 5.04172
6.75200 4.92083
6.75300 5.01539
6.75400 5.01866
6.75500 5.04684
6.75600 4.97102
6.75700 4.96201
6.75800 4.99035
6.75900 4.97612
6.76000 4.97713
6.76100 4.97762
6.76200 5.03848
6.76300 4.99023
6.76400 4.99313
6.76500 5.03299
6.76600 4.98966
6.76700 5.01467
6.76800 4.92985
6.76900 5.00766
6.77000 5.00562
6.77100 4.97211
6.77200 4.97638
6.77300 4.96226
6.77400 5.06163
6.77500 4.99679
6.77600 4.96884
6.77700 4.97151
6.77800 4.95597
6.77900 5.01384
6.78000 5.01013
6.78100 4.96277
6.78200 4.96659
6.78300 5.01576
6.78400 4.94579
6.78500 5.07456
6.78600 5.00867
6.78700 4.97536
6.78800 5.01435
6.78900 4.91215
6.79000 5.02920
6.79100 4.97239
6.79200 5.04897
6.79300 5.04541
6.79400 4.96316
6.79500 5.07423
6.79600 4.98725
6.79700 4.98809
6.79800 5.05419
6.79900 5.04947
6.80000 4.97113
6.80100 5.01097
6.80200 4.97286
6.80300 4.95639
6.80400 4.96862
6.80500 5.02104
6.80600 4.91289
6.80700 5.01329
6.80800 4.96215
6.80900 4.98772
6.81000 5.06200
6.81100 5.02296
6.81200 4.98303
6.81300 5.08896
6.81400 4.92329
6.81500 5.00332
6.81600 5.04778
6.81700 4.93578
6.81800 5.02434
6.81900 4.98865
6.82000 5.08150
6.82100 5.04396
6.82200 5.02828
6.82300 4.92685
6.82400 4.98744
6.82500 5.08265
6.82600 5.04036
6.82700 4.96582
6.82800 4.99043
6.82900 4.91253
6.83000 5.00671
6.83100 4.95131
6.83200 4.92991
6.83300 4.95131
6.83400 5.03864
6.83500 4.92401
6.83600 4.86073
6.83700 5.10559
6.83800 4.97762
6.83900 4.97746
6.84000 4.94280
6.84100 5.05718
6.84200 5.03382
6.84300 5.03732
6.84400 5.02346
6.84500 5.04470
6.84600 5.02110
6.84700 4.99132
6.84800 5.05034
6.84900 5.01189
6.85000 4.97321
6.85100 5.01753
6.85200 4.90481
6.85300 5.00726
6.85400 4.96669
6.85500 4.92586
6.85600 5.02869
6.85700 5.09849
6.85800 5.06235
6.85900 5.03032
6.86000 4.96192
6.86100 4.93023
6.86200 4.98320
6.86300 4.96621
6.86400 5.01167
6.86500 5.08587
6.86600 5.04130
6.86700 5.01823
6.86800 5.01974
6.86900 4.92461
6.87000 5.03628
6.87100 5.00981
6.87200 4.96418
6.87300 4.99704
6.87400 4.99057
6.87500 5.03051
6.87600 4.97630
6.87700 5.05670
6.87800 5.00284
6.87900 4.97675
6.88000 5.07059
6.88100 4.99281
6.88200 5.00089
6.88300 4.94846
6.88400 5.05930
6.88500 4.99942
6.88600 5.02838
6.88700 4.98693
6.88800 5.01475
6.88900 4.93742
6.89000 4.97823
6.89100 4.93751
6.89200 4.98503
6.89300 5.03747
6.89400 4.97534
6.89500 4.99674
6.89600 5.01027
6.89700 5.08334
6.89800 5.04097
6.89900 4.91959
6.90000 5.06709
6.90100 4.91674
6.90200 4.92674
6.90300 5.01067
6.90400 5.07767
6.90500 4.96044
6.90600 4.93999
6.90700 4.98351
6.90800 5.00768
6.90900 5.06690
6.91000 5.00333
6.91100 4.98020
6.91200 4.97887
6.91300 5.00609
6.91400 5.02313
6.91500 4.95004
6.91600 4.98982
6.91700 5.03609
6.91800 5.10925
6.91900 5.02275
6.92000 4.88866
6.92100 4.97018
6.92200 5.01920
6.92300 4.98198
6.92400 5.05740
6.92500 4.98598
6.92600 5.02558
6.92700 5.02312
6.92800 4.97626
6.92900 4.97301
6.93000 4.98115
6.93100 4.94465
6.93200 5.00105
6.93300 4.96477
6.93400 4.99890
6.93500 4.94576
6.93600 5.07859
6.93700 5.02492
6.93800 5.06745
6.93900 4.96739
6.94000 4.98062
6.94100 5.02316
6.94200 5.01623
6.94300 5.01451
6.94400 5.03925
6.94500 5.02393
6.94600 5.05608
6.94700 4.97305
6.94800 5.04899
6.94900 4.82470
6.95000 5.01528
6.95100 4.98667
6.95200 4.97495
6.95300 4.99828
6.95400 4.99427
6.95500 5.01813
6.95600 4.94890
6.95700 4.96936
6.95800 5.01776
6.95900 4.97348
6.96000 4.97816
6.96100 5.02503
6.96200 5.00916
6.96300 4.97154
6.96400 4.96032
6.96500 5.02574
6.96600 5.03681
6.96700 5.02990
6.96800 5.02478
6.96900 4.98514
6.97000 4.95881
6.97100 4.99564
6.97200 4.99123
6.97300 4.96793
6.97400 5.01091
6.97500 5.14171
6.97600 4.97386
6.97700 4.98162
6.97800 5.03378
6.97900 4.96287
6.98000 4.97793
6.98100 4.97713
6.98200 4.99549
6.98300 5.03900
6.98400 5.02472
6.98500 4.92808
6.98600 4.98272
6.98700 4.94936
6.98800 5.01403
6.98900 4.97418
6.99000 5.05124
6.99100 5.09361
6.99200 4.98354
6.99300 5.00776
6.99400 5.03624
6.99500 4.96464
6.99600 4.92611
6.99700 5.02182
6.99800 5.01356
6.99900 4.90562
7.00000 4.99375
7.00100 4.97258
7.00200 4.96599
7.00300 4.99886
7.00400 4.92609
7.00500 4.92861
7.00600 5.05851
7.00700 5.02816
7.00800 4.99302
7.00900 5.00248
7.01000 5.01225
7.01100 4.99896
7.01200 5.11280
7.01300 4.96893
7.01400 5.02705
7.01500 4.94112
7.01600 5.02819
7.01700 5.08399
7.01800 4.99492
7.01900 4.95992
7.02000 4.91821
7.02100 5.05284
7.02200 4.96396
7.02300 5.00867
7.02400 5.03249
7.02500 4.95172
7.02600 5.00140
7.02700 5.06458
7.02800 4.95712
7.02900 4.98422
7.03000 4.99978
7.03100 4.91905
7.03200 4.97733
7.03300 5.04272
7.03400 5.09805
7.03500 4.95273
7.03600 5.00189
7.03700 5.01658
7.03800 4.98473
7.03900 4.96911
7.04000 4.98860
7.04100 4.97734
7.04200 4.95817
7.04300 4.98739
7.04400 4.99243
7.04500 4.88757
7.04600 5.00569
7.04700 4.98949
7.04800 5.00239
7.04900 4.90096
7.05000 5.09628
7.05100 4.99961
7.05200 4.91960
7.05300 5.05212
7.05400 5.03029
7.05500 4.97248
7.05600 5.05986
7.05700 5.02658
7.05800 4.95004
7.05900 4.96663
7.06000 5.01997
7.06100 5.08038
7.06200 4.97770
7.06300 5.06866
7.06400 5.00800
7.06500 4.96395
7.06600 5.06511
7.06700 4.95527
7.06800 4.99020
7.06900 4.89515
7.07000 4.98324
7.07100 5.03981
7.07200 4.93755
7.07300 4.92390
7.07400 5.07656
7.07500 5.03163
7.07600 4.96307
7.07700 4.99616
7.07800 5.09487
7.07900 4.94130
7.08000 5.04822
7.08100 5.02682
7.08200 5.01781
7.08300 4.99583
7.08400 5.03861
7.08500 4.95424
7.08600 5.00449
7.08700 5.06764
7.08800 4.99192
7.08900 5.00763
7.09000 5.04441
7.09100 4.91841
7.09200 4.89601
7.09300 5.06902
7.09400 5.01596
7.09500 5.02473
7.09600 4.97850
7.09700 5.00342
7.09800 5.03967
7.09900 4.99599
7.10000 4.97237
7.10100 4.95567
7.10200 4.92500
7.10300 4.87878
7.10400 4.97944
7.10500 4.97705
7.10600 5.12217
7.10700 4.96844
7.10800 4.94283
7.10900 5.09299
7.11000 4.96299
7.11100 4.98259
7.11200 5.04866
7.11300 5.05000
7.11400 5.05063
7.11500 5.03369
7.11600 4.95392
7.11700 4.96855
7.11800 4.97777
7.11900 5.03234
7.12000 4.98854
7.12100 5.05535
7.12200 5.01466
7.12300 5.01890
7.12400 4.89192
7.12500 5.01054
7.12600 4.95106
7.12700 5.04707
7.12800 4.99443
7.12900 5.03934
7.13000 5.03611
7.13100 4.97542
7.13200 4.96765
7.13300 5.05644
7.13400 5.07010
7.13500 4.96370
7.13600 4.92320
7.13700 5.04664
7.13800 4.93158
7.13900 5.00128
7.14000 4.89983
7.14100 5.05763
7.14200 5.02267
7.14300 4.98376
7.14400 4.94209
7.14500 4.86411
7.14600 4.99922
7.14700 5.03720
7.14800 5.01496
7.14900 4.93810
7.15000 5.04035
7.15100 5.02075
7.15200 4.92439
7.15300 4.91834
7.15400 4.95489
7.15500 5.06496
7.15600 4.97204
7.15700 5.09166
7.15800 5.06667
7.15900 4.91994
7.16000 4.99130
7.16100 5.17045
7.16200 5.00395
7.16300 5.04001
7.16400 5.02249
7.16500 4.99061
7.16600 4.96747
7.16700 5.01848
7.16800 5.02617
7.16900 5.03454
7.17000 5.04699
7.17100 4.94902
7.17200 4.95744
7.17300 5.04258
7.17400 5.01215
7.17500 4.90787
7.17600 4.95549
7.17700 5.12302
7.17800 4.98581
7.17900 4.98988
7.18000 5.02161
7.18100 5.02765
7.18200 4.93378
7.18300 4.96833
7.18400 5.08123
7.18500 4.95445
7.18600 5.00635
7.18700 5.07561
7.18800 4.99803
7.18900 4.99946
7.19000 4.95783
7.19100 4.96485
7.19200 5.06012
7.19300 5.03245
7.19400 5.01649
7.19500 4.97847
7.19600 5.08573
7.19700 5.09215
7.19800 5.01128
7.19900 4.96109
7.20000 4.94845
7.20100 5.11729
7.20200 5.13322
7.20300 4.97040
7.20400 5.01310
7.20500 4.90154
7.20600 4.96218
7.20700 5.09945
7.20800 5.04252
7.20900 5.04510
7.21000 4.98622
7.21100 4.95069
7.21200 4.98679
7.21300 5.05942
7.21400 5.02240
7.21500 5.03559
7.21600 5.03569
7.21700 4.96540
7.21800 5.00879
7.21900 4.95668
7.22000 4.94898
7.22100 5.02707
7.22200 4.93589
7.22300 5.07804
7.22400 5.01347
7.22500 4.93428
7.22600 4.97313
7.22700 4.94732
7.22800 5.05012
7.22900 5.03105
7.23000 5.00505
7.23100 5.08625
7.23200 5.00483
7.23300 4.98999
7.23400 4.95585
7.23500 4.94172
7.23600 5.02188
7.23700 5.04360
7.23800 4.99796
7.23900 5.01701
7.24000 5.00545
7.24100 5.08858
7.24200 5.01346
7.24300 5.06107
7.24400 4.99329
7.24500 4.95930
7.24600 4.92363
7.24700 4.94697
7.24800 5.02267
7.24900 4.95094
7.25000 5.05640
7.25100 4.98136
7.25200 4.90711
7.25300 5.00948
7.25400 4.97566
7.25500 5.09508
7.25600 5.03521
7.25700 4.94955
7.25800 5.00480
7.25900 4.92847
7.26000 4.92213
7.26100 4.99626
7.26200 5.02670
7.26300 4.97498
7.26400 5.05792
7.26500 4.90830
7.26600 5.02813
7.26700 5.01243
7.26800 4.92496
7.26900 5.02179
7.27000 4.98442
7.27100 5.05968
7.27200 4.92127
7.27300 5.03379
7.27400 4.98555
7.27500 5.07683
7.27600 5.12932
7.27700 4.98096
7.27800 4.98599
7.27900 4.99500
7.28000 4.99582
7.28100 5.05043
7.28200 4.97178
7.28300 4.96158
7.28400 4.99687
7.28500 4.99934
7.28600 5.07220
7.28700 4.97232
7.28800 4.96928
7.28900 5.02886
7.29000 5.02582
7.29100 4.94838
7.29200 4.98121
7.29300 4.93035
7.29400 5.03738
7.29500 4.95721
7.29600 4.96482
7.29700 4.97802
7.29800 4.95243
7.29900 5.00095
7.30000 5.04253
7.30100 5.01258
7.30200 5.10510
7.30300 5.00536
7.30400 4.91395
7.30500 4.99631
7.30600 4.96789
7.30700 5.04547
7.30800 4.98731
7.30900 5.01591
7.31000 4.92808
7.31100 4.96242
7.31200 5.00515
7.31300 4.98111
7.31400 4.99894
7.31500 5.07983
7.31600 4.93559
7.31700 4.93726
7.31800 5.06413
7.31900 5.00926
7.32000 4.96344
7.32100 5.01768
7.32200 5.04500
7.32300 4.96181
7.32400 5.04503
7.32500 4.99119
7.32600 5.06930
7.32700 4.88873
7.32800 5.09272
7.32900 4.99400
7.33000 5.05817
7.33100 4.96936
7.33200 5.02443
7.33300 5.05504
7.33400 5.00443
7.33500 4.97950
7.33600 4.96336
7.33700 4.96380
7.33800 5.03964
7.33900 4.95173
7.34000 5.03528
7.34100 5.00185
7.34200 4.98837
7.34300 4.96505
7.34400 4.97640
7.34500 4.89838
7.34600 5.03088
7.34700 4.97668
7.34800 5.06130
7.34900 4.96060
7.35000 4.95887
7.35100 4.99671
7.35200 4.97963
7.35300 4.94181
7.35400 4.89733
7.35500 4.95688
7.35600 4.96782
7.35700 5.03423
7.35800 5.03657
7.35900 4.94816
7.36000 5.03822
7.36100 4.94790
7.36200 4.96487
7.36300 4.97767
7.36400 4.95468
7.36500 5.03717
7.36600 5.07717
7.36700 4.94822
7.36800 5.01895
7.36900 4.99898
7.37000 5.02399
7.37100 4.97104
7.37200 5.06255
7.37300 5.03299
7.37400 5.02711
7.37500 5.10355
7.37600 4.96526
7.37700 4.99747
7.37800 5.03564
7.37900 5.05186
7.38000 5.00446
7.38100 5.03386
7.38200 5.07390
7.38300 4.99134
7.38400 4.98789
7.38500 5.00413
7.38600 4.87717
7.38700 5.02969
7.38800 5.02796
7.38900 5.09998
7.39000 4.93134
7.39100 5.01623
7.39200 5.02181
7.39300 5.03565
7.39400 4.94062
7.39500 4.84594
7.39600 5.00272
7.39700 5.01348
7.39800 5.01358
7.39900 4.96629
7.40000 4.95848
7.40100 4.99510
7.40200 4.95309
7.40300 4.95281
7.40400 5.01372
7.40500 5.02787
7.40600 4.94485
7.40700 4.90847
7.40800 4.94889
7.40900 5.03452
7.41000 4.98422
7.41100 5.03455
7.41200 5.03102
7.41300 5.05819
7.41400 4.98261
7.41500 5.00613
7.41600 5.04332
7.41700 4.97843
7.41800 4.95122
7.41900 5.05514
7.42000 5.07578
7.42100 4.95689
7.42200 5.02664
7.42300 5.02268
7.42400 5.01134
7.42500 4.98090
7.42600 4.95831
7.42700 4.94078
7.42800 5.04885
7.42900 4.99998
7.43000 5.02900
7.43100 4.90933
7.43200 5.04948
7.43300 5.04796
7.43400 5.01484
7.43500 5.10352
7.43600 5.01081
7.43700 5.00820
7.43800 0.15290
7.43900 0.16790
7.44000 0.22376
7.44100 0.21618
7.44200 0.25845
7.44300 0.17044
7.44400 0.22482
7.44500 0.15392
7.44600 0.19098
7.44700 0.16829
7.44800 0.08833
7.44900 0.23893
7.45000 0.15384
7.45100 0.15520
7.45200 0.20685
7.45300 0.14112
7.45400 0.15180
7.45500 0.07055
7.45600 0.19795
7.45700 0.23090
7.45800 4.97657
7.45900 5.05388
7.46000 5.07219
7.46100 5.03293
7.46200 4.98308
7.46300 5.03489
7.46400 5.03534
7.46500 5.00582
7.46600 5.05482
7.46700 5.02088
7.46800 4.93877
7.46900 4.98607
7.47000 5.00367
7.47100 4.93732
7.47200 4.92674
7.47300 5.00244
7.47400 5.02292
7.47500 4.94742
7.47600 5.02384
7.47700 4.95005
7.47800 4.93694
7.47900 5.04325
7.48000 5.00567
7.48100 4.90695
7.48200 4.91635
7.48300 5.00162
7.48400 4.95350
7.48500 4.95467
7.48600 4.92769
7.48700 4.98404
7.48800 5.11273
7.48900 4.91564
7.49000 5.08024
7.49100 4.95300
7.49200 4.93683
7.49300 5.03988
7.49400 4.98484
7.49500 4.98307
7.49600 5.05329
7.49700 5.09653
7.49800 5.01616
7.49900 4.94322
7.50000 4.94236
7.50100 4.99116
7.50200 5.04687
7.50300 5.01744
7.50400 5.01055
7.50500 5.05248
7.50600 4.88577
7.50700 5.04098
7.50800 5.00017
7.50900 4.99718
7.51000 5.01769
7.51100 4.98202
7.51200 4.94271
7.51300 4.89653
7.51400 5.01380
7.51500 4.93594
7.51600 4.99238
7.51700 4.91154
7.51800 4.99508
7.51900 5.02115
7.52000 4.97817
7.52100 5.01772
7.52200 4.96042
7.52300 4.97298
7.52400 5.00723
7.52500 4.99806
7.52600 5.02181
7.52700 5.00448
7.52800 5.04752
7.52900 5.08105
7.53000 5.03120
7.53100 5.04730
7.53200 5.01770
7.53300 4.94696
7.53400 5.04250
7.53500 5.04328
7.53600 4.94461
7.53700 4.99149
7.53800 4.92254
7.53900 5.01607
7.54000 5.07468
7.54100 5.00786
7.54200 4.96481
7.54300 5.05446
7.54400 5.02644
7.54500 5.01011
7.54600 5.04147
7.54700 4.98906
7.54800 5.05449
7.54900 4.89480
7.55000 5.02654
7.55100 4.95900
7.55200 5.01864
7.55300 4.96050
7.55400 4.91831
7.55500 5.02537
7.55600 4.93229
7.55700 4.87787
7.55800 4.98757
7.55900 5.06525
7.56000 5.08815
7.56100 5.07617
7.56200 4.90392
7.56300 4.99627
7.56400 4.94970
7.56500 5.00887
7.56600 4.90327
7.56700 5.03042
7.56800 5.00860
7.56900 5.06317
7.57000 5.05989
7.57100 5.00387
7.57200 4.91810
7.57300 5.02769
7.57400 4.96556
7.57500 5.00109
7.57600 5.05809
7.57700 4.90212
7.57800 4.98430
7.57900 4.94884
7.58000 5.00979
7.58100 5.02116
7.58200 5.01502
7.58300 5.01942
7.58400 4.95800
7.58500 4.96863
7.58600 4.99411
7.58700 5.00825
7.58800 4.99276
7.58900 4.95142
7.59000 4.98182
7.59100 5.00684
7.59200 4.94101
7.59300 4.95155
7.59400 5.02308
7.59500 5.11288
7.59600 5.00649
7.59700 4.94260
7.59800 5.07846
7.59900 5.02595
7.60000 4.94711
7.60100 5.01321
7.60200 5.01916
7.60300 5.05085
7.60400 4.95214
7.60500 5.05178
7.60600 4.97926
7.60700 5.01309
7.60800 4.93762
7.60900 5.06083
7.61000 5.00997
7.61100 4.95455
7.61200 5.02056
7.61300 5.03479
7.61400 5.04663
7.61500 5.04115
7.61600 4.90429
7.61700 4.94394
7.61800 4.99446
7.61900 5.00726
7.62000 4.93577
7.62100 5.05190
7.62200 5.02126
7.62300 4.90777
7.62400 4.93609
7.62500 5.05709
7.62600 4.90580
7.62700 5.10238
7.62800 5.08009
7.62900 4.93436
7.63000 5.01757
7.63100 5.04937
7.63200 4.92679
7.63300 4.90078
7.63400 5.07254
7.63500 4.98352
7.63600 4.90993
7.63700 5.05047
7.63800 5.04972
7.63900 5.01677
7.64000 4.99085
7.64100 4.94545
7.64200 4.90957
7.64300 5.03289
7.64400 5.01889
7.64500 4.92022
7.64600 4.94698
7.64700 4.95179
7.64800 4.96955
7.64900 4.98789
7.65000 5.06649
7.65100 4.99620
7.65200 5.04862
7.65300 4.99772
7.65400 5.04300
7.65500 4.98597
7.65600 5.04018
7.65700 4.95581
7.65800 4.90603
7.65900 5.04677
7.66000 4.92832
7.66100 4.93523
7.66200 5.06904
7.66300 4.97634
7.66400 4.99740
7.66500 5.00751
7.66600 5.01930
7.66700 5.04428
7.66800 4.98032
7.66900 4.94574
7.67000 5.04318
7.67100 4.98755
7.67200 4.96778
7.67300 5.02600
7.67400 5.02966
7.67500 5.00451
7.67600 4.88769
7.67700 5.09936
7.67800 4.99108
7.67900 4.92187
7.68000 5.02202
7.68100 5.06064
7.68200 5.05353
7.68300 5.01430
7.68400 5.01857
7.68500 4.90340
7.68600 4.85598
7.68700 5.05791
7.68800 5.00592
7.68900 5.00521
7.69000 4.91506
7.69100 5.07904
7.69200 4.96222
7.69300 5.03533
7.69400 4.92177
7.69500 4.88413
7.69600 5.00476
7.69700 5.01995
7.69800 4.93577
7.69900 5.11779
7.70000 4.96676
7.70100 5.06460
7.70200 5.05161
7.70300 4.92141
7.70400 5.01875
7.70500 4.95149
7.70600 5.00572
7.70700 4.98919
7.70800 5.04579
7.70900 4.95845
7.71000 5.02411
7.71100 5.03461
7.71200 5.05346
7.71300 4.95537
7.71400 5.03258
7.71500 5.03474
7.71600 5.05137
7.71700 4.87726
7.71800 4.89881
7.71900 4.89614
7.72000 4.96804
7.72100 4.93021
7.72200 4.97262
7.72300 4.98152
7.72400 5.04811
7.72500 5.04110
7.72600 4.96877
7.72700 4.98622
7.72800 4.90491
7.72900 4.96335
7.73000 4.98374
7.73100 4.96818
7.73200 5.09346
7.73300 4.86627
7.73400 4.96366
7.73500 4.99301
7.73600 5.03699
7.73700 5.01236
7.73800 4.90762
7.73900 4.94426
7.74000 5.01871
7.74100 4.99995
7.74200 5.05049
7.74300 5.02318
7.74400 4.98350
7.74500 4.97646
7.74600 5.03038
7.74700 4.95898
7.74800 4.98055
7.74900 5.05229
7.75000 4.97267
7.75100 5.01759
7.75200 4.86386
7.75300 4.95403
7.75400 4.99466
7.75500 5.02151
7.75600 4.98639
7.75700 4.99726
7.75800 4.95152
7.75900 4.99043
7.76000 5.03340
7.76100 4.94652
7.76200 4.92462
7.76300 5.04501
7.76400 5.08642
7.76500 5.06560
7.76600 4.96148
7.76700 4.98129
7.76800 4.97362
7.76900 5.02304
7.77000 5.03547
7.77100 4.95838
7.77200 5.02665
7.77300 5.01482
7.77400 5.06990
7.77500 4.98802
7.77600 5.01277
7.77700 4.90710
7.77800 4.97423
7.77900 5.02806
7.78000 4.93198
7.78100 4.95415
7.78200 4.99356
7.78300 4.97860
7.78400 4.94907
7.78500 4.96773
7.78600 5.02289
7.78700 5.06709
7.78800 5.04254
7.78900 5.01150
7.79000 5.06484
7.79100 4.91945
7.79200 5.05388
7.79300 5.00115
7.79400 4.99202
7.79500 4.96449
7.79600 4.99617
7.79700 5.01929
7.79800 4.96357
7.79900 4.94932
7.80000 5.01827
7.80100 5.07394
7.80200 5.05456
7.80300 5.05302
7.80400 4.96371
7.80500 4.97266
7.80600 4.97737
7.80700 5.09256
7.80800 4.97429
7.80900 5.05636
7.81000 5.03832
7.81100 4.95475
7.81200 5.02026
7.81300 5.06655
7.81400 5.03259
7.81500 5.01129
7.81600 5.05348
7.81700 4.92775
7.81800 4.97293
7.81900 5.00078
7.82000 5.03516
7.82100 5.06119
7.82200 4.96778
7.82300 5.00156
7.82400 5.06007
7.82500 5.05699
7.82600 4.96783
7.82700 4.95234
7.82800 4.98060
7.82900 5.01684
7.83000 4.87765
7.83100 5.06957
7.83200 4.98811
7.83300 5.05044
7.83400 5.07284
7.83500 4.97775
7.83600 4.92473
7.83700 4.91353
7.83800 5.08151
7.83900 4.96528
7.84000 4.99631
7.84100 4.92944
7.84200 4.97200
7.84300 5.01192
7.84400 5.02419
7.84500 4.99709
7.84600 4.94668
7.84700 4.98692
7.84800 4.98380
7.84900 5.05880
7.85000 4.96800
7.85100 4.93540
7.85200 5.01839
7.85300 4.95215
7.85400 5.06363
7.85500 5.06388
7.85600 4.97903
7.85700 4.97806
7.85800 5.03093
7.85900 4.91624
7.86000 5.05035
7.86100 5.06455
7.86200 5.01008
7.86300 5.00309
7.86400 4.96634
7.86500 4.95543
7.86600 5.01790
7.86700 5.01414
7.86800 4.96943
7.86900 5.04949
7.87000 4.98042
7.87100 5.04783
7.87200 4.94928
7.87300 5.01546
7.87400 5.03042
7.87500 5.04894
7.87600 4.98419
7.87700 5.00126
7.87800 5.00541
7.87900 5.05490
7.88000 4.95488
7.88100 4.98843
7.88200 4.90990
7.88300 5.08164
7.88400 5.00895
7.88500 4.98226
7.88600 4.99348
7.88700 5.03800
7.88800 4.98317
7.88900 5.01276
7.89000 4.92702
7.89100 4.93564
7.89200 5.05778
7.89300 5.00156
7.89400 4.91812
7.89500 5.00418
7.89600 5.03797
7.89700 5.07712
7.89800 4.95978
7.89900 5.00778
7.90000 4.95818
7.90100 4.91388
7.90200 4.94891
7.90300 4.99596
7.90400 4.97180
7.90500 4.98571
7.90600 4.97317
7.90700 5.00887
7.90800 5.11090
7.90900 5.02693
7.91000 5.04927
7.91100 5.09764
7.91200 4.92894
7.91300 4.93728
7.91400 4.95786
7.91500 4.93366
7.91600 5.05304
7.91700 4.93891
7.91800 4.96506
7.91900 5.04686
7.92000 4.95641
7.92100 5.01184
7.92200 5.04034
7.92300 4.96584
7.92400 5.05877
7.92500 5.03233
7.92600 5.02070
7.92700 4.99209
7.92800 4.95088
7.92900 5.09659
7.93000 4.97103
7.93100 4.98644
7.93200 4.99372
7.93300 4.99141
7.93400 5.02818
7.93500 4.96077
7.93600 4.99813
7.93700 5.04808
7.93800 4.94592
7.93900 4.99800
7.94000 4.93644
7.94100 4.99229
7.94200 5.01130
7.94300 4.95756
7.94400 5.09436
7.94500 4.92836
7.94600 5.05813
7.94700 4.99157
7.94800 5.01539
7.94900 4.95014
7.95000 5.02982
7.95100 5.02081
7.95200 4.91727
7.95300 4.99102
7.95400 4.98783
7.95500 5.04188
7.95600 4.93799
7.95700 5.03648
7.95800 5.01595
7.95900 5.07606
7.96000 4.93279
7.96100 5.04815
7.96200 4.86451
7.96300 4.93399
7.96400 4.98309
7.96500 4.94108
7.96600 5.03665
7.96700 4.97369
7.96800 5.00331
7.96900 4.99683
7.97000 5.03401
7.97100 4.96350
7.97200 5.05040
7.97300 4.98945
7.97400 5.02089
7.97500 5.02993
7.97600 5.02513
7.97700 4.96014
7.97800 4.97158
7.97900 4.96988
7.98000 5.01150
7.98100 5.00957
7.98200 4.89076
7.98300 4.89573
7.98400 5.03772
7.98500 4.94195
7.98600 5.02178
7.98700 4.95939
7.98800 5.01865
7.98900 5.01268
7.99000 4.94623
7.99100 5.05782
7.99200 5.05846
7.99300 5.02679
7.99400 4.90832
7.99500 4.96218
7.99600 5.02362
7.99700 5.04649
7.99800 4.95806
7.99900 4.87072
8.00000 4.94796
8.00100 5.03253
8.00200 4.95874
8.00300 5.07153
8.00400 4.98313
8.00500 5.08053
8.00600 4.94191
8.00700 4.99712
8.00800 5.03730
8.00900 4.95478
8.01000 5.17199
8.01100 5.06086
8.01200 4.97828
8.01300 5.02392
8.01400 4.98250
8.01500 4.98923
8.01600 5.06539
8.01700 5.00913
8.01800 5.08417
8.01900 4.99660
8.02000 5.04387
8.02100 5.03056
8.02200 5.05880
8.02300 4.98339
8.02400 5.02234
8.02500 5.02031
8.02600 4.92682
8.02700 5.04092
8.02800 5.01526
8.02900 4.96003
8.03000 5.03469
8.03100 5.04665
8.03200 4.97867
8.03300 5.02420
8.03400 5.06970
8.03500 5.01766
8.03600 5.00312
8.03700 4.99103
8.03800 4.95264
8.03900 5.05183
8.04000 4.99269
8.04100 4.95348
8.04200 4.85421
8.04300 4.99869
8.04400 4.96606
8.04500 4.98820
8.04600 4.99946
8.04700 4.98771
8.04800 5.02003
8.04900 5.04838
8.05000 4.97748
8.05100 5.01471
8.05200 4.97212
8.05300 5.03896
8.05400 4.98774
8.05500 4.98632
8.05600 5.01441
8.05700 5.00015
8.05800 4.96945
8.05900 5.01148
8.06000 5.03410
8.06100 4.99594
8.06200 4.97095
8.06300 5.05811
8.06400 5.00305
8.06500 4.95705
8.06600 4.95358
8.06700 4.98884
8.06800 5.05625
8.06900 5.06014
8.07000 5.03430
8.07100 4.93938
8.07200 4.98078
8.07300 5.06457
8.07400 5.04063
8.07500 5.01178
8.07600 5.04000
8.07700 4.98656
8.07800 5.01805
8.07900 5.02453
8.08000 4.96030
8.08100 5.05065
8.08200 4.98215
8.08300 5.03370
8.08400 4.95193
8.08500 5.07248
8.08600 5.11038
8.08700 4.97360
8.08800 5.03558
8.08900 4.95477
8.09000 5.09441
8.09100 4.93524
8.09200 4.98436
8.09300 4.97545
8.09400 5.08593
8.09500 4.94908
8.09600 5.01850
8.09700 5.05458
8.09800 5.01557
8.09900 4.97803
8.10000 5.01548
8.10100 4.97539
8.10200 5.03292
8.10300 5.02881
8.10400 5.01158
8.10500 5.04641
8.10600 4.97887
8.10700 4.98538
8.10800 5.01234
8.10900 5.02726
8.11000 4.97779
8.11100 5.02832
8.11200 5.03051
8.11300 5.00320
8.11400 4.99253
8.11500 4.97620
8.11600 5.06466
8.11700 4.96285
8.11800 5.08018
8.11900 4.98350
8.12000 4.92618
8.12100 5.03239
8.12200 5.00700
8.12300 4.97680
8.12400 4.99246
8.12500 4.98804
8.12600 5.03268
8.12700 4.94145
8.12800 4.94880
8.12900 5.05924
8.13000 5.02561
8.13100 4.98944
8.13200 5.07367
8.13300 4.97401
8.13400 5.10257
8.13500 4.96359
8.13600 5.01397
8.13700 5.01102
8.13800 5.07317
8.13900 5.03074
8.14000 5.02478
8.14100 5.03215
8.14200 5.04808
8.14300 5.05218
8.14400 4.97039
8.14500 4.97497
8.14600 5.01239
8.14700 0.12173
8.14800 0.11646
8.14900 0.21490
8.15000 0.21978
8.15100 0.18135
8.15200 0.16054
8.15300 0.15492
8.15400 0.20867
8.15500 0.28458
8.15600 0.18112
8.15700 0.21939
8.15800 0.19431
8.15900 0.18574
8.16000 0.23776
8.16100 0.12158
8.16200 0.17118
8.16300 0.21480
8.16400 0.20398
8.16500 0.12006
8.16600 0.28452
8.16700 5.11835
8.16800 4.96862
8.16900 5.04546
8.17000 5.02247
8.17100 5.00404
8.17200 4.93304
8.17300 5.03427
8.17400 5.01674
8.17500 4.95322
8.17600 5.04798
8.17700 4.96857
8.17800 5.05443
8.17900 5.00631
8.18000 4.97816
8.18100 5.10225
8.18200 5.07027
8.18300 5.03486
8.18400 4.95505
8.18500 4.98084
8.18600 5.02787
8.18700 4.97360
8.18800 4.96760
8.18900 5.02180
8.19000 5.01457
8.19100 4.93575
8.19200 5.04116
8.19300 5.00166
8.19400 5.10221
8.19500 4.99791
8.19600 4.99354
8.19700 4.96426
8.19800 5.03106
8.19900 4.98318
8.20000 5.00547
8.20100 5.05287
8.20200 5.06922
8.20300 5.01284
8.20400 4.98675
8.20500 4.99333
8.20600 4.94888
8.20700 5.06743
8.20800 5.03135
8.20900 4.93560
8.21000 4.94080
8.21100 4.96784
8.21200 5.07875
8.21300 4.93063
8.21400 4.99517
8.21500 5.00730
8.21600 4.94654
8.21700 4.98459
8.21800 5.07500
8.21900 5.05731
8.22000 4.92829
8.22100 5.01977
8.22200 4.99931
8.22300 5.05459
8.22400 4.93923
8.22500 5.00365
8.22600 5.03383
8.22700 4.94466
8.22800 4.99717
8.22900 4.99650
8.23000 5.02010
8.23100 4.96953
8.23200 5.12885
8.23300 5.03202
8.23400 4.94684
8.23500 4.96011
8.23600 4.94511
8.23700 5.00449
8.23800 5.00245
8.23900 5.03582
8.24000 5.01512
8.24100 4.96602
8.24200 4.97733
8.24300 5.02883
8.24400 5.03673
8.24500 4.93590
8.24600 4.97478
8.24700 5.04068
8.24800 4.96865
8.24900 5.00564
8.25000 4.95727
8.25100 5.05616
8.25200 4.98442
8.25300 4.97715
8.25400 5.02302
8.25500 4.99333
8.25600 5.01473
8.25700 5.06238
8.25800 5.00113
8.25900 5.00612
8.26000 5.07709
8.26100 4.99497
8.26200 4.99258
8.26300 5.04776
8.26400 4.94167
8.26500 5.06171
8.26600 4.99508
8.26700 4.96987
8.26800 4.98014
8.26900 4.96623
8.27000 5.03713
8.27100 4.97235
8.27200 4.89861
8.27300 4.96845
8.27400 5.03427
8.27500 4.98855
8.27600 4.96831
8.27700 4.94674
8.27800 5.05657
8.27900 4.97127
8.28000 5.02910
8.28100 4.89990
8.28200 4.98496
8.28300 4.95527
8.28400 4.98546
8.28500 5.00654
8.28600 4.97786
8.28700 5.01821
8.28800 5.05498
8.28900 5.00420
8.29000 4.94161
8.29100 5.04774
8.29200 4.96472
8.29300 4.99850
8.29400 5.05245
8.29500 5.00513
8.29600 4.99178
8.29700 4.98882
8.29800 4.93858
8.29900 4.97841
8.30000 4.93812
8.30100 5.02085
8.30200 4.97630
8.30300 4.99898
8.30400 5.05146
8.30500 5.03978
8.30600 5.01455
8.30700 5.04097
8.30800 5.03506
8.30900 4.99944
8.31000 5.03124
8.31100 5.06852
8.31200 4.98667
8.31300 5.01246
8.31400 4.92098
8.31500 4.95801
8.31600 5.00533
8.31700 4.97891
8.31800 5.01133
8.31900 4.98566
8.32000 4.99075
8.32100 4.99715
8.32200 4.96904
8.32300 5.03321
8.32400 4.96399
8.32500 5.00213
8.32600 5.06258
8.32700 5.00614
8.32800 4.96945
8.32900 4.97429
8.33000 5.02803
8.33100 5.03320
8.33200 4.96528
8.33300 4.96882
8.33400 5.09886
8.33500 4.95816
8.33600 5.07506
8.33700 5.00944
8.33800 4.96826
8.33900 4.98780
8.34000 4.98227
8.34100 4.98222
8.34200 5.01855
8.34300 4.91545
8.34400 5.05246
8.34500 5.02246
8.34600 4.95996
8.34700 4.92210
8.34800 5.08357
8.34900 4.92051
8.35000 5.01493
8.35100 5.02739
8.35200 4.93982
8.35300 5.05925
8.35400 4.92268
8.35500 4.91133
8.35600 4.93680
8.35700 4.95787
8.35800 5.06865
8.35900 4.93847
8.36000 5.09358
8.36100 5.00845
8.36200 5.04947
8.36300 5.02520
8.36400 4.96177
8.36500 4.98443
8.36600 5.02221
8.36700 5.02039
8.36800 5.09884
8.36900 4.95372
8.37000 4.93203
8.37100 4.93783
8.37200 4.93299
8.37300 4.99007
8.37400 5.01544
8.37500 5.09649
8.37600 5.00458
8.37700 4.96815
8.37800 5.00606
8.37900 5.09926
8.38000 4.97360
8.38100 4.95534
8.38200 5.02343
8.38300 5.03552
8.38400 5.03598
8.38500 5.03055
8.38600 5.04967
8.38700 5.09125
8.38800 5.09229
8.38900 5.05141
8.39000 5.01905
8.39100 4.95911
8.39200 4.96850
8.39300 4.93108
8.39400 4.97106
8.39500 5.00750
8.39600 5.04160
8.39700 4.93970
8.39800 5.06794
8.39900 4.99007
8.40000 4.90615
8.40100 5.01611
8.40200 4.95281
8.40300 4.95554
8.40400 4.99586
8.40500 4.94354
8.40600 5.00189
8.40700 5.00778
8.40800 5.05514
8.40900 4.95209
8.41000 4.93830
8.41100 5.12780
8.41200 4.96809
8.41300 5.06602
8.41400 4.99241
8.41500 4.98082
8.41600 5.10688
8.41700 5.04257
8.41800 4.97781
8.41900 4.98746
8.42000 5.03650
8.42100 4.99225
8.42200 5.02708
8.42300 4.98369
8.42400 4.99278
8.42500 5.01354
8.42600 4.99141
8.42700 4.93216
8.42800 5.00557
8.42900 4.95096
8.43000 4.98048
8.43100 4.97733
8.43200 4.94703
8.43300 5.09527
8.43400 4.92434
8.43500 5.05953
8.43600 4.93741
8.43700 4.97519
8.43800 5.04389
8.43900 5.00078
8.44000 5.01005
8.44100 5.09510
8.44200 5.03287
8.44300 5.06244
8.44400 5.01020
8.44500 5.00375
8.44600 5.00207
8.44700 5.08197
8.44800 4.84274
8.44900 5.02020
8.45000 5.02569
8.45100 4.91556
8.45200 5.01157
8.45300 4.98796
8.45400 4.95169
8.45500 5.00980
8.45600 4.94299
8.45700 5.07327
8.45800 4.93521
8.45900 4.93961
8.46000 4.97721
8.46100 4.99851
8.46200 5.03177
8.46300 5.01448
8.46400 5.00287
8.46500 4.86961
8.46600 4.97691
8.46700 4.99482
8.46800 5.04647
8.46900 4.94726
8.47000 5.01872
8.47100 4.97928
8.47200 4.95906
8.47300 4.99803
8.47400 4.98814
8.47500 5.00558
8.47600 4.99555
8.47700 5.04399
8.47800 5.03976
8.47900 4.94596
8.48000 5.07515
8.48100 5.06825
8.48200 5.04270
8.48300 5.00921
8.48400 5.09650
8.48500 4.98164
8.48600 5.01252
8.48700 4.95281
8.48800 5.01008
8.48900 5.05955
8.49000 4.97952
8.49100 5.04090
8.49200 4.95322
8.49300 5.02666
8.49400 5.08355
8.49500 4.98881
8.49600 4.99647
8.49700 5.05625
8.49800 5.05211
8.49900 4.99842
8.50000 5.01301
8.50100 5.00304
8.50200 5.04880
8.50300 5.03392
8.50400 5.01562
8.50500 4.96493
8.50600 4.92657
8.50700 4.90688
8.50800 5.02216
8.50900 5.15373
8.51000 5.03212
8.51100 5.04697
8.51200 4.99835
8.51300 5.02161
8.51400 4.94936
8.51500 5.00644
8.51600 4.94217
8.51700 5.03134
8.51800 4.93931
8.51900 5.05234
8.52000 5.00150
8.52100 5.03608
8.52200 5.02280
8.52300 4.93172
8.52400 4.93854
8.52500 5.05524
8.52600 5.02331
8.52700 5.04383
8.52800 5.10701
8.52900 5.03810
8.53000 5.08430
8.53100 4.99529
8.53200 4.97102
8.53300 5.01308
8.53400 5.00941
8.53500 5.01917
8.53600 5.04340
8.53700 5.04618
8.53800 5.06796
8.53900 4.98350
8.54000 4.97076
8.54100 5.02677
8.54200 5.04464
8.54300 5.01944
8.54400 5.01784
8.54500 5.09804
8.54600 5.02890
8.54700 4.95144
8.54800 4.97828
8.54900 5.08628
8.55000 5.04612
8.55100 4.93309
8.55200 4.95862
8.55300 5.02182
8.55400 4.98566
8.55500 5.02684
8.55600 4.94880
8.55700 5.00111
8.55800 5.01747
8.55900 5.03402
8.56000 5.00757
8.56100 5.00041
8.56200 4.99856
8.56300 5.02972
8.56400 5.03661
8.56500 4.96823
8.56600 4.96458
8.56700 5.00799
8.56800 4.94810
8.56900 4.98941
8.57000 5.12053
8.57100 5.02675
8.57200 4.97840
8.57300 4.97598
8.57400 4.96763
8.57500 4.94860
8.57600 4.98741
8.57700 5.03785
8.57800 5.04843
8.57900 5.04121
8.58000 4.90259
8.58100 5.01356
8.58200 4.96245
8.58300 5.00794
8.58400 4.99621
8.58500 4.98300
8.58600 4.93805
8.58700 4.99495
8.58800 4.99862
8.58900 5.02388
8.59000 5.00245
8.59100 4.95443
8.59200 5.07459
8.59300 5.08138
8.59400 4.98465
8.59500 4.93420
8.59600 5.11590
8.59700 5.08170
8.59800 5.03821
8.59900 4.92175
8.60000 5.08629
8.60100 5.05543
8.60200 4.96889
8.60300 4.88042
8.60400 5.07308
8.60500 4.96982
8.60600 5.00762
8.60700 5.03519
8.60800 5.05774
8.60900 4.99052
8.61000 5.03469
8.61100 5.01746
8.61200 4.99410
8.61300 5.02992
8.61400 4.99147
8.61500 4.99148
8.61600 4.99422
8.61700 4.92403
8.61800 4.96893
8.61900 4.94496
8.62000 5.03567
8.62100 4.92386
8.62200 5.09704
8.62300 5.00868
8.62400 4.99882
8.62500 4.93632
8.62600 4.97499
8.62700 5.08233
8.62800 5.00310
8.62900 4.91999
8.63000 5.04297
8.63100 5.08261
8.63200 4.97645
8.63300 4.99729
8.63400 5.07754
8.63500 4.87857
8.63600 5.06170
8.63700 4.96709
8.63800 5.02081
8.63900 5.06220
8.64000 5.04152
8.64100 5.02731
8.64200 5.06544
8.64300 4.96780
8.64400 5.00998
8.64500 4.96286
8.64600 5.01780
8.64700 4.97625
8.64800 4.95337
8.64900 4.95354
8.65000 5.04802
8.65100 4.91157
8.65200 4.93225
8.65300 4.90555
8.65400 4.93640
8.65500 4.90437
8.65600 4.93053
8.65700 4.93669
8.65800 5.07363
8.65900 4.99961
8.66000 4.95500
8.66100 4.89953
8.66200 4.95757
8.66300 5.06390
8.66400 4.97471
8.66500 5.03790
8.66600 5.01183
8.66700 4.99759
8.66800 4.98114
8.66900 4.98706
8.67000 4.97619
8.67100 4.95936
8.67200 4.99693
8.67300 5.04605
8.67400 5.02286
8.67500 4.91782
8.67600 5.02477
8.67700 5.01463
8.67800 4.96713
8.67900 5.03868
8.68000 5.02660
8.68100 5.08926
8.68200 4.88839
8.68300 5.03300
8.68400 4.94101
8.68500 5.00260
8.68600 5.02208
8.68700 5.07009
8.68800 5.00643
8.68900 4.95580
8.69000 5.03677
8.69100 5.02197
8.69200 5.05450
8.69300 4.86146
8.69400 4.99906
8.69500 4.84643
8.69600 5.00947
8.69700 4.99438
8.69800 4.95449
8.69900 5.01721
8.70000 5.00647
8.70100 5.05020
8.70200 5.06816
8.70300 5.00209
8.70400 4.98655
8.70500 4.95844
8.70600 5.05935
8.70700 4.99323
8.70800 4.98605
8.70900 5.02879
8.71000 4.96754
8.71100 4.98588
8.71200 4.99767
8.71300 5.04623
8.71400 4.94468
8.71500 4.93838
8.71600 4.96635
8.71700 4.96212
8.71800 4.95741
8.71900 5.03441
8.72000 4.97190
8.72100 5.08807
8.72200 5.04582
8.72300 4.99879
8.72400 4.99150
8.72500 5.03191
8.72600 5.11805
8.72700 5.01977
8.72800 4.94999
8.72900 4.99995
8.73000 5.16752
8.73100 4.95160
8.73200 4.98342
8.73300 5.00071
8.73400 4.97063
8.73500 5.06595
8.73600 4.96558
8.73700 4.99322
8.73800 5.02417
8.73900 5.02709
8.74000 4.98652
8.74100 5.00590
8.74200 4.99434
8.74300 4.82654
8.74400 5.03560
8.74500 5.00914
8.74600 4.99085
8.74700 5.04412
8.74800 4.90837
8.74900 5.06201
8.75000 4.96919
8.75100 4.95024
8.75200 4.94665
8.75300 5.01740
8.75400 4.96640
8.75500 5.03533
8.75600 4.92714
8.75700 5.05931
8.75800 4.98797
8.75900 5.09056
8.76000 5.01965
8.76100 4.97735
8.76200 4.98571
8.76300 4.90336
8.76400 4.98628
8.76500 4.93528
8.76600 4.96517
8.76700 5.10620
8.76800 4.94517
8.76900 5.02733
8.77000 5.02534
8.77100 4.98362
8.77200 4.99302
8.77300 4.96488
8.77400 5.09019
8.77500 5.02711
8.77600 5.05122
8.77700 4.90913
8.77800 4.99051
8.77900 4.94282
8.78000 5.05425
8.78100 4.98399
8.78200 4.95927
8.78300 5.00316
8.78400 5.00681
8.78500 4.99389
8.78600 5.07914
8.78700 5.04832
8.78800 5.00908
8.78900 5.02947
8.79000 4.98080
8.79100 4.92755
8.79200 4.99747
8.79300 4.87864
8.79400 5.04546
8.79500 4.97660
8.79600 4.90202
8.79700 5.00472
8.79800 5.13374
8.79900 4.96403
8.80000 4.99177
8.80100 5.02312
8.80200 4.93861
8.80300 5.07651
8.80400 4.97972
8.80500 5.01604
8.80600 5.04262
8.80700 4.99316
8.80800 5.03589
8.80900 4.91990
8.81000 4.92847
8.81100 5.00951
8.81200 4.96480
8.81300 4.96788
8.81400 4.99984
8.81500 5.03100
8.81600 5.06652
8.81700 5.09749
8.81800 5.07309
8.81900 5.04914
8.82000 4.95865
8.82100 4.95645
8.82200 4.93897
8.82300 4.98047
8.82400 5.01448
8.82500 5.10456
8.82600 4.96602
8.82700 5.03545
8.82800 4.97559
8.82900 4.99992
8.83000 4.91290
8.83100 5.12635
8.83200 5.01547
8.83300 5.00250
8.83400 5.00668
8.83500 4.93102
8.83600 5.04786
8.83700 5.02320
8.83800 5.05073
8.83900 5.08708
8.84000 5.04566
8.84100 4.98077
8.84200 4.99044
8.84300 4.93237
8.84400 5.12621
8.84500 4.93501
8.84600 5.06869
8.84700 4.96064
8.84800 5.01986
8.84900 5.00546
8.85000 4.95636
8.85100 5.05362
8.85200 5.04457
8.85300 5.01342
8.85400 5.05132
8.85500 5.09666
8.85600 0.14864
8.85700 0.18118
8.85800 0.13728
8.85900 0.16722
8.86000 0.19090
8.86100 0.19165
8.86200 0.20938
8.86300 0.28918
8.86400 0.25041
8.86500 0.18564
8.86600 0.23338
8.86700 0.17618
8.86800 0.25508
8.86900 0.18309
8.87000 0.19762
8.87100 0.13324
8.87200 0.17815
8.87300 0.30543
8.87400 0.07401
8.87500 0.19784
8.87600 4.96975
8.87700 4.97451
8.87800 5.06602
8.87900 4.96242
8.88000 4.92216
8.88100 4.98991
8.88200 4.99347
8.88300 5.03318
8.88400 5.07147
8.88500 5.03690
8.88600 5.04337
8.88700 4.96649
8.88800 4.95557
8.88900 5.01400
8.89000 5.02716
8.89100 5.04158
8.89200 5.02591
8.89300 4.97109
8.89400 4.96359
8.89500 5.06089
8.89600 5.04432
8.89700 4.90421
8.89800 5.02561
8.89900 5.02130
8.90000 4.95801
8.90100 4.93564
8.90200 5.04243
8.90300 5.02194
8.90400 4.93002
8.90500 4.99606
8.90600 5.06032
8.90700 4.97746
8.90800 5.08511
8.90900 4.92966
8.91000 5.06609
8.91100 4.98807
8.91200 4.95078
8.91300 4.98357
8.91400 5.04357
8.91500 4.93359
8.91600 5.05673
8.91700 5.03465
8.91800 4.87914
8.91900 5.01409
8.92000 5.06113
8.92100 4.96215
8.92200 4.86395
8.92300 5.04120
8.92400 5.05305
8.92500 5.07787
8.92600 4.94985
8.92700 4.94447
8.92800 4.96987
8.92900 5.06408
8.93000 4.94956
8.93100 5.00238
8.93200 4.91341
8.93300 5.07516
8.93400 4.99820
8.93500 5.00530
8.93600 5.17399
8.93700 5.05275
8.93800 5.02934
8.93900 5.00003
8.94000 4.98976
8.94100 4.92150
8.94200 5.04552
8.94300 4.98807
8.94400 4.98947
8.94500 4.91796
8.94600 5.06450
8.94700 5.00780
8.94800 5.00903
8.94900 4.97482
8.95000 5.02930
8.95100 5.04618
8.95200 5.03096
8.95300 4.94488
8.95400 4.90928
8.95500 4.99388
8.95600 5.02540
8.95700 4.87037
8.95800 4.95132
8.95900 4.97196
8.96000 5.00123
8.96100 5.05699
8.96200 4.97734
8.96300 5.04599
8.96400 4.98261
8.96500 5.04928
8.96600 4.96557
8.96700 4.99856
8.96800 5.04458
8.96900 4.99863
8.97000 4.87460
8.97100 4.98204
8.97200 5.02224
8.97300 5.00019
8.97400 4.94181
8.97500 4.97131
8.97600 5.03525
8.97700 5.04415
8.97800 5.02239
8.97900 4.96184
8.98000 4.94978
8.98100 5.10865
8.98200 4.94010
8.98300 5.05972
8.98400 5.00498
8.98500 5.02793
8.98600 5.01771
8.98700 4.98473
8.98800 5.03168
8.98900 4.94939
8.99000 4.97967
8.99100 5.00821
8.99200 4.86363
8.99300 5.06802
8.99400 4.98910
8.99500 4.98299
8.99600 4.94269
8.99700 4.98672
8.99800 4.92329
8.99900 4.94181
9.00000 4.95952
9.00100 4.99598
9.00200 4.99278
9.00300 4.96000
9.00400 4.96898
9.00500 5.02592
9.00600 4.95702
9.00700 5.07330
9.00800 5.02873
9.00900 4.96203
9.01000 4.92591
9.01100 5.00130
9.01200 5.04921
9.01300 5.00221
9.01400 5.00053
9.01500 4.91913
9.01600 5.03721
9.01700 4.93894
9.01800 5.07558
9.01900 4.99824
9.02000 5.07987
9.02100 5.03070
9.02200 4.89510
9.02300 4.99146
9.02400 5.02679
9.02500 5.06938
9.02600 4.98927
9.02700 5.02247
9.02800 4.90996
9.02900 5.00649
9.03000 4.98595
9.03100 5.02817
9.03200 4.99211
9.03300 4.98485
9.03400 4.99019
9.03500 5.02949
9.03600 5.07044
9.03700 5.04379
9.03800 5.05449
9.03900 4.94634
9.04000 4.92480
9.04100 4.94153
9.04200 4.94270
9.04300 5.02504
9.04400 4.99115
9.04500 4.98304
9.04600 5.11466
9.04700 4.98399
9.04800 5.04416
9.04900 5.00118
9.05000 4.94226
9.05100 4.91181
9.05200 4.96753
9.05300 5.01990
9.05400 5.02577
9.05500 5.06397
9.05600 5.02626
9.05700 5.09491
9.05800 4.96301
9.05900 4.96355
9.06000 5.04030
9.06100 4.99214
9.06200 5.05517
9.06300 5.08272
9.06400 5.01973
9.06500 4.98293
9.06600 4.87280
9.06700 4.98735
9.06800 5.01573
9.06900 4.93160
9.07000 5.02295
9.07100 5.01383
9.07200 5.01052
9.07300 5.04910
9.07400 5.08036
9.07500 4.94818
9.07600 4.99322
9.07700 5.01785
9.07800 5.08217
9.07900 5.00585
9.08000 5.03476
9.08100 5.00800
9.08200 5.01333
9.08300 5.01495
9.08400 5.06109
9.08500 5.03004
9.08600 5.05003
9.08700 5.00877
9.08800 4.98764
9.08900 4.99889
9.09000 5.05285
9.09100 5.00732
9.09200 4.92314
9.09300 5.02546
9.09400 4.94168
9.09500 4.88622
9.09600 4.99538
9.09700 5.08771
9.09800 5.04383
9.09900 5.03127
9.10000 4.95755
9.10100 4.94351
9.10200 4.94584
9.10300 4.97864
9.10400 4.96073
9.10500 5.00350
9.10600 5.01050
9.10700 4.95232
9.10800 5.02544
9.10900 4.88642
9.11000 4.96819
9.11100 4.97016
9.11200 4.95967
9.11300 4.98708
9.11400 4.98613
9.11500 5.01116
9.11600 5.01835
9.11700 4.90928
9.11800 5.04464
9.11900 5.02094
9.12000 5.06237
9.12100 5.07285
9.12200 5.08900
9.12300 5.06610
9.12400 4.99950
9.12500 5.07562
9.12600 5.00246
9.12700 4.98275
9.12800 5.00603
9.12900 5.09480
9.13000 5.05629
9.13100 5.01048
9.13200 5.00326
9.13300 4.95720
9.13400 5.04898
9.13500 4.81679
9.13600 5.00729
9.13700 4.98421
9.13800 4.96994
9.13900 5.04566
9.14000 4.98637
9.14100 5.07843
9.14200 4.93695
9.14300 5.10995
9.14400 4.97122
9.14500 5.03800
9.14600 4.97238
9.14700 4.97115
9.14800 5.00298
9.14900 5.03888
9.15000 4.97436
9.15100 4.96409
9.15200 4.97332
9.15300 4.93291
9.15400 4.93512
9.15500 5.00912
9.15600 5.04250
9.15700 5.04057
9.15800 4.99642
9.15900 5.00930
9.16000 4.87038
9.16100 4.95644
9.16200 4.97605
9.16300 5.02034
9.16400 5.02111
9.16500 4.99338
9.16600 5.00077
9.16700 5.11071
9.16800 4.95532
9.16900 5.00292
9.17000 4.97605
9.17100 4.96558
9.17200 4.98259
9.17300 5.00657
9.17400 4.96103
9.17500 5.09437
9.17600 4.99023
9.17700 4.99031
9.17800 5.07870
9.17900 5.07771
9.18000 5.06599
9.18100 5.05794
9.18200 4.90444
9.18300 4.97217
9.18400 4.98486
9.18500 4.96063
9.18600 5.07495
9.18700 5.04787
9.18800 4.95447
9.18900 4.92801
9.19000 4.91747
9.19100 4.93393
9.19200 5.00575
9.19300 5.02954
9.19400 4.96913
9.19500 5.07498
9.19600 4.98697
9.19700 5.01877
9.19800 4.93969
9.19900 4.98304
9.20000 4.93237
9.20100 4.99952
9.20200 5.03948
9.20300 4.98819
9.20400 4.99127
9.20500 5.05846
9.20600 4.97643
9.20700 5.05508
9.20800 5.01494
9.20900 4.96541
9.21000 4.95421
9.21100 5.00915
9.21200 5.04637
9.21300 4.98839
9.21400 4.93266
9.21500 4.97164
9.21600 5.04664
9.21700 5.01531
9.21800 4.98732
9.21900 4.99547
9.22000 5.10060
9.22100 4.86419
9.22200 4.93378
9.22300 5.05436
9.22400 5.03257
9.22500 5.02032
9.22600 4.95741
9.22700 5.04584
9.22800 4.95873
9.22900 4.96938
9.23000 4.95277
9.23100 5.02728
9.23200 4.93591
9.23300 5.02697
9.23400 4.97003
9.23500 5.03244
9.23600 4.97543
9.23700 5.08209
9.23800 4.98315
9.23900 4.99245
9.24000 4.97073
9.24100 4.96889
9.24200 4.99491
9.24300 5.00603
9.24400 4.91661
9.24500 4.96103
9.24600 5.00308
9.24700 4.95852
9.24800 4.99554
9.24900 5.04010
9.25000 5.04361
9.25100 5.06070
9.25200 5.02689
9.25300 5.06898
9.25400 4.91594
9.25500 4.96613
9.25600 4.94874
9.25700 4.96796
9.25800 5.03549
9.25900 4.99363
9.26000 4.89888
9.26100 5.09369
9.26200 5.04339
9.26300 5.00167
9.26400 4.97348
9.26500 4.94980
9.26600 4.94117
9.26700 4.93789
9.26800 5.03286
9.26900 4.91898
9.27000 5.02936
9.27100 5.06158
9.27200 4.99448
9.27300 5.05951
9.27400 5.03406
9.27500 4.99875
9.27600 4.99732
9.27700 5.08623
9.27800 5.09083
9.27900 4.93522
9.28000 5.00595
9.28100 4.91844
9.28200 4.97949
9.28300 5.06353
9.28400 5.00996
9.28500 4.96326
9.28600 5.03895
9.28700 5.03565
9.28800 5.03155
9.28900 5.04932
9.29000 5.01376
9.29100 5.01310
9.29200 5.02604
9.29300 5.03321
9.29400 5.12491
9.29500 4.94490
9.29600 4.95108
9.29700 4.95146
9.29800 4.90506
9.29900 4.94711
9.30000 4.93676
9.30100 5.03480
9.30200 5.04467
9.30300 4.92441
9.30400 4.98917
9.30500 4.92658
9.30600 4.95743
9.30700 5.00498
9.30800 4.98039
9.30900 4.98187
9.31000 5.06529
9.31100 5.01721
9.31200 4.95536
9.31300 4.95169
9.31400 4.91753
9.31500 4.98652
9.31600 5.06143
9.31700 5.04839
9.31800 4.98009
9.31900 4.93780
9.32000 4.96595
9.32100 4.91860
9.32200 4.86423
9.32300 4.86357
9.32400 4.99952
9.32500 4.95256
9.32600 4.91243
9.32700 5.03072
9.32800 5.02955
9.32900 5.06230
9.33000 4.99474
9.33100 4.95740
9.33200 5.02939
9.33300 4.93653
9.33400 4.97332
9.33500 5.05090
9.33600 4.93481
9.33700 4.99673
9.33800 4.97284
9.33900 4.92810
9.34000 5.08010
9.34100 4.93009
9.34200 4.95618
9.34300 4.98649
9.34400 5.04683
9.34500 5.01303
9.34600 4.95373
9.34700 4.94965
9.34800 5.02973
9.34900 4.98896
9.35000 4.98451
9.35100 4.99487
9.35200 5.00855
9.35300 4.98098
9.35400 5.05784
9.35500 5.09820
9.35600 4.95053
9.35700 4.97565
9.35800 5.03493
9.35900 5.01495
9.36000 4.97120
9.36100 4.95012
9.36200 4.96225
9.36300 5.03020
9.36400 5.04037
9.36500 4.94855
9.36600 5.00983
9.36700 4.93830
9.36800 5.05725
9.36900 4.97760
9.37000 4.96806
9.37100 4.94531
9.37200 5.02457
9.37300 5.04491
9.37400 4.92659
9.37500 5.05327
9.37600 4.95554
9.37700 4.97601
9.37800 4.95793
9.37900 5.04631
9.38000 5.09372
9.38100 4.96100
9.38200 5.04810
9.38300 4.98406
9.38400 5.08458
9.38500 5.01113
9.38600 4.97062
9.38700 5.07834
9.38800 5.00822
9.38900 5.01893
9.39000 5.04653
9.39100 4.97866
9.39200 5.01782
9.39300 5.02168
9.39400 5.01887
9.39500 4.91024
9.39600 4.99748
9.39700 5.04243
9.39800 5.04088
9.39900 4.97642
9.40000 5.00403
9.40100 4.96930
9.40200 4.96886
9.40300 4.93618
9.40400 5.00551
9.40500 5.03665
9.40600 5.00813
9.40700 5.03718
9.40800 5.00800
9.40900 5.01625
9.41000 5.00399
9.41100 5.01016
9.41200 4.94449
9.41300 4.98707
9.41400 4.94666
9.41500 4.94073
9.41600 5.09576
9.41700 4.95838
9.41800 4.94564
9.41900 4.80811
9.42000 4.99221
9.42100 4.99830
9.42200 4.89175
9.42300 4.98674
9.42400 5.02408
9.42500 4.94183
9.42600 5.04428
9.42700 4.99202
9.42800 5.02197
9.42900 4.95585
9.43000 5.00268
9.43100 5.02522
9.43200 5.03732
9.43300 4.96792
9.43400 4.97159
9.43500 5.05695
9.43600 4.96873
9.43700 4.96999
9.43800 4.99564
9.43900 4.94613
9.44000 5.05266
9.44100 4.92108
9.44200 4.96120
9.44300 5.02317
9.44400 4.99556
9.44500 4.94477
9.44600 5.03144
9.44700 5.01958
9.44800 5.00452
9.44900 4.95356
9.45000 5.01510
9.45100 4.89836
9.45200 5.04137
9.45300 5.03123
9.45400 4.90747
9.45500 4.92281
9.45600 4.94977
9.45700 4.99281
9.45800 5.07652
9.45900 4.98345
9.46000 5.06012
9.46100 5.02148
9.46200 4.99312
9.46300 4.94703
9.46400 5.04602
9.46500 5.02406
9.46600 4.92785
9.46700 4.96281
9.46800 5.05916
9.46900 4.95743
9.47000 5.04572
9.47100 5.01591
9.47200 5.01858
9.47300 4.98168
9.47400 5.00124
9.47500 5.06239
9.47600 5.03343
9.47700 4.85476
9.47800 4.95480
9.47900 5.05455
9.48000 4.93141
9.48100 4.97439
9.48200 4.95748
9.48300 5.06051
9.48400 4.94640
9.48500 5.02798
9.48600 5.02592
9.48700 5.08676
9.48800 5.02744
9.48900 5.00723
9.49000 5.01681
9.49100 4.99772
9.49200 4.99425
9.49300 5.04464
9.49400 4.90072
9.49500 4.94153
9.49600 5.01973
9.49700 5.07719
9.49800 5.00368
9.49900 4.98006
9.50000 4.98348
9.50100 4.92841
9.50200 5.01431
9.50300 5.05304
9.50400 5.03650
9.50500 5.02532
9.50600 5.05979
9.50700 4.99113
9.50800 5.02839
9.50900 5.00583
9.51000 4.95152
9.51100 4.98580
9.51200 4.99696
9.51300 5.07513
9.51400 5.01431
9.51500 5.00785
9.51600 5.07033
9.51700 4.92454
9.51800 4.92094
9.51900 4.99863
9.52000 5.02452
9.52100 5.01469
9.52200 5.02623
9.52300 5.01802
9.52400 4.88120
9.52500 4.99494
9.52600 4.94856
9.52700 5.04220
9.52800 5.03898
9.52900 4.94651
9.53000 4.97921
9.53100 4.94654
9.53200 5.08587
9.53300 5.02102
9.53400 5.07550
9.53500 5.05399
9.53600 4.99714
9.53700 5.01275
9.53800 4.93977
9.53900 4.99839
9.54000 4.98765
9.54100 4.95637
9.54200 4.91662
9.54300 5.02332
9.54400 4.95247
9.54500 4.83179
9.54600 4.97979
9.54700 5.05244
9.54800 5.05151
9.54900 5.01661
9.55000 4.96836
9.55100 4.99759
9.55200 5.01916
9.55300 4.95235
9.55400 4.95198
9.55500 4.96014
9.55600 4.98715
9.55700 4.98676
9.55800 4.95557
9.55900 5.01381
9.56000 5.00413
9.56100 5.03814
9.56200 4.92709
9.56300 5.06605
9.56400 4.88350
9.56500 0.20143
9.56600 0.22435
9.56700 0.24616
9.56800 0.22856
9.56900 0.29911
9.57000 0.18444
9.57100 0.11973
9.57200 0.07238
9.57300 0.17563
9.57400 0.18258
9.57500 0.12392
9.57600 0.23885
9.57700 0.24760
9.57800 0.20441
9.57900 0.20341
9.58000 0.13177
9.58100 0.22080
9.58200 0.25485
9.58300 0.17745
9.58400 0.18230
9.58500 4.94370
9.58600 5.02584
9.58700 4.95150
9.58800 5.01333
9.58900 4.94191
9.59000 4.97578
9.59100 5.01653
9.59200 4.98299
9.59300 4.99964
9.59400 4.97506
9.59500 4.92789
9.59600 5.04030
9.59700 4.90217
9.59800 4.97732
9.59900 5.02908
9.60000 4.98071
9.60100 5.01307
9.60200 4.94039
9.60300 5.02331
9.60400 5.06116
9.60500 5.00729
9.60600 4.93081
9.60700 4.95920
9.60800 5.07782
9.60900 5.03294
9.61000 4.97841
9.61100 4.97232
9.61200 5.00712
9.61300 4.99929
9.61400 5.03809
9.61500 5.01592
9.61600 5.02548
9.61700 5.08039
9.61800 4.97923
9.61900 4.92919
9.62000 4.97143
9.62100 5.05534
9.62200 5.00067
9.62300 4.98147
9.62400 4.98366
9.62500 4.89988
9.62600 4.99662
9.62700 4.94142
9.62800 5.07911
9.62900 4.95022
9.63000 4.94798
9.63100 4.96866
9.63200 5.03245
9.63300 4.94104
9.63400 5.00355
9.63500 4.94722
9.63600 5.11905
9.63700 5.04222
9.63800 4.99193
9.63900 4.98315
9.64000 5.01604
9.64100 4.92461
9.64200 5.00856
9.64300 5.07597
9.64400 4.92355
9.64500 4.93275
9.64600 4.93248
9.64700 5.01064
9.64800 4.96912
9.64900 5.00588
9.65000 5.06431
9.65100 5.01834
9.65200 4.98037
9.65300 5.05664
9.65400 4.93115
9.65500 4.97176
9.65600 5.04062
9.65700 4.99695
9.65800 5.10011
9.65900 4.92011
9.66000 4.94646
9.66100 4.99894
9.66200 5.00242
9.66300 5.04735
9.66400 5.02061
9.66500 5.03639
9.66600 5.03164
9.66700 4.94330
9.66800 4.98480
9.66900 4.97425
9.67000 5.10454
9.67100 5.00556
9.67200 5.05253
9.67300 4.99033
9.67400 5.01235
9.67500 5.02819
9.67600 4.96241
9.67700 4.96808
9.67800 5.02112
9.67900 5.02309
9.68000 5.05520
9.68100 4.97334
9.68200 5.04188
9.68300 5.05124
9.68400 4.98065
9.68500 4.96154
9.68600 4.96389
9.68700 5.01896
9.68800 4.89659
9.68900 5.07052
9.69000 4.89316
9.69100 4.95612
9.69200 4.97618
9.69300 4.99662
9.69400 4.96186
9.69500 4.92671
9.69600 4.97765
9.69700 5.08122
9.69800 4.98958
9.69900 5.04791
9.70000 4.94830
9.70100 5.02416
9.70200 5.08126
9.70300 5.00988
9.70400 4.94673
9.70500 5.05597
9.70600 5.06389
9.70700 5.05403
9.70800 4.98322
9.70900 4.99278
9.71000 4.98071
9.71100 4.97360
9.71200 4.87953
9.71300 5.02975
9.71400 4.99373
9.71500 4.91657
9.71600 5.03078
9.71700 4.91546
9.71800 5.02132
9.71900 5.03413
9.72000 5.06971
9.72100 4.92145
9.72200 4.98937
9.72300 5.01997
9.72400 4.95293
9.72500 5.03714
9.72600 4.97052
9.72700 5.05494
9.72800 5.00576
9.72900 5.04897
9.73000 5.02615
9.73100 4.96714
9.73200 5.01178
9.73300 5.02352
9.73400 5.01815
9.73500 5.04916
9.73600 5.02423
9.73700 5.04943
9.73800 4.96494
9.73900 5.06717
9.74000 5.02490
9.74100 4.97964
9.74200 5.00425
9.74300 4.95216
9.74400 4.96511
9.74500 5.04371
9.74600 5.05049
9.74700 4.98723
9.74800 4.90055
9.74900 4.94952
9.75000 5.03473
9.75100 5.02004
9.75200 5.02168
9.75300 4.94211
9.75400 4.98275
9.75500 5.01498
9.75600 5.02427
9.75700 4.97771
9.75800 4.98875
9.75900 5.01660
9.76000 4.96194
9.76100 4.95001
9.76200 5.03236
9.76300 5.00374
9.76400 4.93590
9.76500 5.05907
9.76600 5.07705
9.76700 5.02752
9.76800 4.98797
9.76900 5.00689
9.77000 5.02237
9.77100 4.97544
9.77200 5.01859
9.77300 4.95762
9.77400 4.99468
9.77500 4.93185
9.77600 4.97119
9.77700 4.98074
9.77800 4.89474
9.77900 5.00121
9.78000 5.01444
9.78100 5.03354
9.78200 5.02638
9.78300 5.00004
9.78400 4.93884
9.78500 5.05928
9.78600 4.98504
9.78700 4.90750
9.78800 4.95148
9.78900 4.98802
9.79000 5.01514
9.79100 5.00369
9.79200 5.06768
9.79300 4.92206
9.79400 4.98630
9.79500 4.92841
9.79600 4.94150
9.79700 5.04808
9.79800 4.99924
9.79900 5.08895
9.80000 5.06061
9.80100 5.04332
9.80200 5.03464
9.80300 4.96014
9.80400 4.97012
9.80500 4.98528
9.80600 4.96590
9.80700 4.99304
9.80800 5.08910
9.80900 5.01804
9.81000 4.98393
9.81100 4.97538
9.81200 5.00708
9.81300 5.06698
9.81400 5.00635
9.81500 4.98174
9.81600 5.07210
9.81700 4.98347
9.81800 4.95382
9.81900 4.96993
9.82000 4.97468
9.82100 4.95605
9.82200 5.00880
9.82300 5.08243
9.82400 4.99170
9.82500 4.91480
9.82600 5.02068
9.82700 5.03187
9.82800 4.96248
9.82900 4.95602
9.83000 5.03849
9.83100 5.10550
9.83200 4.97645
9.83300 5.10063
9.83400 5.08052
9.83500 5.02117
9.83600 4.98194
9.83700 4.90721
9.83800 5.01310
9.83900 4.95060
9.84000 5.06112
9.84100 4.98180
9.84200 5.05292
9.84300 4.96838
9.84400 5.03199
9.84500 4.97940
9.84600 5.04282
9.84700 4.93747
9.84800 4.96883
9.84900 4.96008
9.85000 4.99500
9.85100 5.11305
9.85200 5.01415
9.85300 4.98283
9.85400 4.95787
9.85500 5.11808
9.85600 5.10701
9.85700 5.00074
9.85800 4.94227
9.85900 4.90265
9.86000 5.05008
9.86100 5.07034
9.86200 4.95487
9.86300 4.99919
9.86400 5.02005
9.86500 5.03293
9.86600 4.94736
9.86700 4.97272
9.86800 4.96629
9.86900 4.92932
9.87000 5.01937
9.87100 4.96967
9.87200 5.07387
9.87300 5.02072
9.87400 4.97905
9.87500 4.99192
9.87600 4.97726
9.87700 5.13113
9.87800 4.98832
9.87900 4.95535
9.88000 4.98247
9.88100 4.97272
9.88200 4.95758
9.88300 5.03154
9.88400 5.01502
9.88500 5.01017
9.88600 5.04782
9.88700 5.05226
9.88800 4.97956
9.88900 5.05823
9.89000 5.02057
9.89100 4.99505
9.89200 5.02179
9.89300 5.00230
9.89400 4.94028
9.89500 4.99045
9.89600 4.91448
9.89700 5.02670
9.89800 4.94383
9.89900 5.00568
9.90000 5.00812
9.90100 4.95165
9.90200 5.05207
9.90300 4.97263
9.90400 5.01083
9.90500 4.96016
9.90600 5.04414
9.90700 5.07831
9.90800 5.02435
9.90900 5.02901
9.91000 4.96539
9.91100 5.01674
9.91200 4.98348
9.91300 5.07463
9.91400 4.96907
9.91500 5.02977
9.91600 5.01206
9.91700 5.07374
9.91800 5.03444
9.91900 4.90383
9.92000 5.06802
9.92100 4.95280
9.92200 5.04133
9.92300 4.91599
9.92400 5.00172
9.92500 5.02901
9.92600 4.87449
9.92700 4.92373
9.92800 5.11579
9.92900 4.98661
9.93000 5.09302
9.93100 5.01003
9.93200 4.96967
9.93300 4.97792
9.93400 4.98283
9.93500 4.99333
9.93600 5.02909
9.93700 5.00023
9.93800 5.06546
9.93900 5.00017
9.94000 4.95812
9.94100 5.02394
9.94200 4.98355
9.94300 5.05314
9.94400 5.01191
9.94500 4.97205
9.94600 5.02111
9.94700 4.96527
9.94800 4.99877
9.94900 4.94286
9.95000 5.11016
9.95100 4.98532
9.95200 4.94619
9.95300 4.88677
9.95400 5.07124
9.95500 5.08006
9.95600 5.01506
9.95700 4.96144
9.95800 5.00927
9.95900 4.97092
9.96000 4.95553
9.96100 5.02438
9.96200 5.03392
9.96300 4.95829
9.96400 5.04951
9.96500 4.97487
9.96600 4.84552
9.96700 4.93227
9.96800 5.03347
9.96900 5.00865
9.97000 5.04522
9.97100 5.02641
9.97200 5.06932
9.97300 4.94909
9.97400 5.04313
9.97500 5.10102
9.97600 4.97985
9.97700 4.93668
9.97800 4.99532
9.97900 5.02347
9.98000 5.03437
9.98100 5.02825
9.98200 5.15440
9.98300 4.95742
9.98400 4.96282
9.98500 5.03615
9.98600 4.97293
9.98700 4.97747
9.98800 5.00560
9.98900 5.08105
9.99000 4.96945
9.99100 4.93021
9.99200 5.01901
9.99300 5.02370
9.99400 5.07794
9.99500 4.99956
9.99600 4.99514
9.99700 4.98502
9.99800 4.99680
9.99900 4.95531
10.00000 4.99822
10.00100 4.93756
10.00200 5.03072
10.00300 4.99596
10.00400 5.01506
10.00500 4.96677
10.00600 4.99896
10.00700 4.97123
10.00800 5.09062
10.00900 5.02803
10.01000 4.98781
10.01100 5.02671
10.01200 5.03345
10.01300 5.00708
10.01400 4.93784
10.01500 5.09216
10.01600 4.99735
10.01700 4.98016
10.01800 4.97796
10.01900 5.03964
10.02000 4.98330
10.02100 5.02735
10.02200 5.01321
10.02300 5.02539
10.02400 5.05135
10.02500 4.97170
10.02600 4.91608
10.02700 4.97661
10.02800 5.00901
10.02900 5.02309
10.03000 5.02227
10.03100 4.94950
10.03200 4.97819
10.03300 4.98436
10.03400 4.91951
10.03500 4.91404
10.03600 5.06583
10.03700 4.93799
10.03800 4.99344
10.03900 4.96431
10.04000 4.99411
10.04100 4.99066
10.04200 4.96213
10.04300 4.93115
10.04400 4.98627
10.04500 5.13196
10.04600 5.03063
10.04700 4.96847
10.04800 5.03754
10.04900 5.06337
10.05000 4.95524
10.05100 4.99653
10.05200 5.02703
10.05300 4.98713
10.05400 4.97787
10.05500 5.03281
10.05600 4.99204
10.05700 4.98365
10.05800 4.98174
10.05900 5.01761
10.06000 5.04317
10.06100 4.97614
10.06200 5.06242
10.06300 4.86656
10.06400 5.00288
10.06500 5.03335
10.06600 5.09242
10.06700 5.07163
10.06800 4.91035
10.06900 4.99254
10.07000 5.00427
10.07100 4.93254
10.07200 4.93368
10.07300 4.95787
10.07400 4.96756
10.07500 5.02016
10.07600 5.00639
10.07700 4.91807
10.07800 4.95716
10.07900 4.91205
10.08000 5.06485
10.08100 4.97398
10.08200 4.98201
10.08300 5.00055
10.08400 4.97279
10.08500 5.06327
10.08600 5.02051
10.08700 5.03901
10.08800 4.98633
10.08900 5.02791
10.09000 4.96397
10.09100 5.03284
10.09200 5.00721
10.09300 5.04647
10.09400 4.96882
10.09500 5.00608
10.09600 4.87766
10.09700 4.92649
10.09800 5.00124
10.09900 4.95019
10.10000 4.99217
10.10100 5.09255
10.10200 4.95825
10.10300 5.04613
10.10400 4.95978
10.10500 4.99643
10.10600 5.02097
10.10700 4.98360
10.10800 4.97122
10.10900 5.04526
10.11000 5.06447
10.11100 4.93398
10.11200 4.97169
10.11300 5.01930
10.11400 5.07291
10.11500 5.10443
10.11600 4.98994
10.11700 5.05485
10.11800 5.06431
10.11900 4.96991
10.12000 4.99910
10.12100 4.97425
10.12200 5.03522
10.12300 4.98956
10.12400 5.02774
10.12500 4.96159
10.12600 4.94483
10.12700 5.00940
10.12800 4.99370
10.12900 5.08019
10.13000 5.03027
10.13100 5.06966
10.13200 5.04200
10.13300 5.04589
10.13400 4.89202
10.13500 4.95992
10.13600 4.95958
10.13700 4.99477
10.13800 5.01095
10.13900 5.03921
10.14000 5.00885
10.14100 4.88486
10.14200 5.08233
10.14300 4.99862
10.14400 5.01548
10.14500 4.98241
10.14600 5.04776
10.14700 5.03494
10.14800 4.93973
10.14900 4.98509
10.15000 5.03418
10.15100 5.03521
10.15200 5.06412
10.15300 4.98810
10.15400 5.01659
10.15500 4.99745
10.15600 5.01105
10.15700 4.98052
10.15800 5.05365
10.15900 4.95207
10.16000 5.01102
10.16100 4.95173
10.16200 5.03117
10.16300 5.00935
10.16400 5.13049
10.16500 4.97529
10.16600 5.10680
10.16700 4.98462
10.16800 5.04138
10.16900 5.03466
10.17000 4.94441
10.17100 5.00982
10.17200 5.05476
10.17300 4.94362
10.17400 5.06835
10.17500 4.92855
10.17600 5.02509
10.17700 4.96032
10.17800 4.96178
10.17900 5.03964
10.18000 5.04667
10.18100 5.03318
10.18200 4.98451
10.18300 5.02483
10.18400 4.99271
10.18500 5.04791
10.18600 4.90897
10.18700 5.01134
10.18800 5.06076
10.18900 4.98143
10.19000 4.97665
10.19100 4.95038
10.19200 5.00390
10.19300 4.98330
10.19400 5.03933
10.19500 4.94317
10.19600 5.01530
10.19700 4.96841
10.19800 4.92658
10.19900 4.94558
10.20000 4.90867
10.20100 4.88144
10.20200 4.96197
10.20300 5.10449
10.20400 4.95903
10.20500 5.01250
10.20600 4.97652
10.20700 4.93723
10.20800 5.01471
10.20900 4.91805
10.21000 5.05213
10.21100 4.95001
10.21200 5.08368
10.21300 5.04311
10.21400 5.01204
10.21500 4.99375
10.21600 4.98493
10.21700 4.98963
10.21800 5.01568
10.21900 5.02899
10.22000 5.01047
10.22100 4.98173
10.22200 5.01499
10.22300 4.96783
10.22400 5.05561
10.22500 4.96759
10.22600 5.04208
10.22700 4.97162
10.22800 5.02675
10.22900 5.00558
10.23000 5.01711
10.23100 5.05344
10.23200 4.98656
10.23300 4.96347
10.23400 4.99818
10.23500 5.05843
10.23600 5.10780
10.23700 4.97816
10.23800 4.90261
10.23900 4.95750
10.24000 5.05129
10.24100 5.03428
10.24200 5.07714
10.24300 5.04697
10.24400 5.09635
10.24500 5.05762
10.24600 5.03481
10.24700 5.10403
10.24800 5.02488
10.24900 5.01562
10.25000 5.05982
10.25100 4.94006
10.25200 4.97491
10.25300 4.97496
10.25400 5.02070
10.25500 5.01471
10.25600 4.92576
10.25700 5.06590
10.25800 5.03283
10.25900 4.87807
10.26000 5.02808
10.26100 4.95220
10.26200 4.93881
10.26300 4.95092
10.26400 5.10059
10.26500 4.96483
10.26600 5.03870
10.26700 5.01524
10.26800 5.12358
10.26900 5.01856
10.27000 4.97277
10.27100 5.04989
10.27200 5.08182
10.27300 5.01022
10.27400 5.05279
10.27500 0.15535
10.27600 0.13713
10.27700 0.25513
10.27800 0.20051
10.27900 0.23003
10.28000 0.17377
10.28100 0.15501
10.28200 0.17917
10.28300 0.17748
10.28400 0.18542
10.28500 0.17944
10.28600 0.16407
10.28700 0.22363
10.28800 0.15410
10.28900 0.07213
10.29000 0.20445
10.29100 0.26433
10.29200 0.24689
10.29300 0.23775
10.29400 0.17582
10.29500 4.94732
10.29600 4.92298
10.29700 4.99790
10.29800 4.99236
10.29900 5.04756
10.30000 5.07327
10.30100 4.93607
10.30200 4.98241
10.30300 4.96227
10.30400 5.01854
10.30500 5.02254
10.30600 4.99149
10.30700 5.03531
10.30800 4.96363
10.30900 5.07228
10.31000 5.04705
10.31100 5.06178
10.31200 5.05989
10.31300 5.00130
10.31400 4.88731
10.31500 5.11266
10.31600 4.93530
10.31700 4.97300
10.31800 5.07785
10.31900 5.00854
10.32000 5.00824
10.32100 5.06071
10.32200 4.90469
10.32300 5.04004
10.32400 4.91510
10.32500 4.98154
10.32600 5.07229
10.32700 5.02056
10.32800 5.01754
10.32900 4.93952
10.33000 5.01123
10.33100 4.96476
10.33200 4.96697
10.33300 5.05807
10.33400 4.99518
10.33500 5.02133
10.33600 4.97876
10.33700 5.04831
10.33800 4.91840
10.33900 4.93762
10.34000 4.98779
10.34100 4.91894
10.34200 5.01005
10.34300 5.02201
10.34400 4.98955
10.34500 5.01535
10.34600 5.00288
10.34700 5.11894
10.34800 5.02963
10.34900 4.92039
10.35000 5.03679
10.35100 4.92397
10.35200 5.06612
10.35300 5.08024
10.35400 4.92179
10.35500 4.99471
10.35600 4.96820
10.35700 4.97547
10.35800 4.96042
10.35900 5.02876
10.36000 5.01288
10.36100 4.96188
10.36200 4.87775
10.36300 4.99233
10.36400 4.96184
10.36500 5.10155
10.36600 4.99328
10.36700 5.02332
10.36800 4.96100
10.36900 4.88060
10.37000 4.98885
10.37100 4.90955
10.37200 5.05811
10.37300 5.02083
10.37400 5.08809
10.37500 4.97663
10.37600 4.98978
10.37700 5.08815
10.37800 5.02445
10.37900 5.00724
10.38000 5.00981
10.38100 4.97458
10.38200 4.95175
10.38300 4.99601
10.38400 4.97064
10.38500 4.94046
10.38600 4.96614
10.38700 4.96958
10.38800 4.92700
10.38900 4.99382
10.39000 5.03802
10.39100 4.95122
10.39200 5.01215
10.39300 4.97389
10.39400 4.95866
10.39500 5.00288
10.39600 4.91831
10.39700 5.01651
10.39800 4.97250
10.39900 4.97327
10.40000 5.00039
10.40100 5.08166
10.40200 4.98814
10.40300 5.02592
10.40400 4.96924
10.40500 4.94406
10.40600 4.98591
10.40700 5.03565
10.40800 5.01781
10.40900 4.98733
10.41000 5.06870
10.41100 4.99986
10.41200 5.07803
10.41300 4.96123
10.41400 4.99715
10.41500 4.98319
10.41600 4.99846
10.41700 5.01836
10.41800 5.01683
10.41900 4.96005
10.42000 4.92946
10.42100 4.96560
10.42200 4.97095
10.42300 4.99191
10.42400 5.00928
10.42500 4.98224
10.42600 5.04233
10.42700 4.97739
10.42800 4.91996
10.42900 5.06412
10.43000 5.04498
10.43100 4.98248
10.43200 5.04495
10.43300 4.85891
10.43400 4.97640
10.43500 4.90834
10.43600 5.00103
10.43700 4.98633
10.43800 4.99304
10.43900 4.99402
10.44000 4.97156
10.44100 4.98621
10.44200 4.94972
10.44300 5.00253
10.44400 4.99898
10.44500 4.93883
10.44600 5.08647
10.44700 4.93330
10.44800 4.96983
10.44900 4.93191
10.45000 4.88398
10.45100 4.98376
10.45200 5.05644
10.45300 5.05551
10.45400 4.97940
10.45500 5.06015
10.45600 5.01521
10.45700 4.98330
10.45800 4.92484
10.45900 5.06175
10.46000 5.07919
10.46100 5.02962
10.46200 4.97374
10.46300 5.02725
10.46400 5.01311
10.46500 4.98278
10.46600 4.99146
10.46700 4.97266
10.46800 5.04140
10.46900 4.95525
10.47000 4.89858
10.47100 5.02384
10.47200 5.00514
10.47300 5.04297
10.47400 4.97574
10.47500 5.01192
10.47600 5.05736
10.47700 4.97477
10.47800 4.94586
10.47900 4.96595
10.48000 5.05733
10.48100 4.95778
10.48200 4.99918
10.48300 4.99554
10.48400 5.02911
10.48500 5.00294
10.48600 5.03295
10.48700 4.95431
10.48800 5.08540
10.48900 5.19668
10.49000 5.01180
10.49100 4.99041
10.49200 4.92661
10.49300 5.05467
10.49400 4.95159
10.49500 5.04845
10.49600 5.08075
10.49700 5.05618
10.49800 5.08260
10.49900 4.93771
10.50000 4.91607
10.50100 5.07183
10.50200 5.00782
10.50300 5.01814
10.50400 4.95878
10.50500 4.95628
10.50600 4.94892
10.50700 4.91348
10.50800 5.03815
10.50900 5.04950
10.51000 5.02387
10.51100 5.04283
10.51200 4.97977
10.51300 4.90228
10.51400 4.95670
10.51500 5.05869
10.51600 5.04890
10.51700 4.97398
10.51800 5.00044
10.51900 5.04895
10.52000 5.00230
10.52100 4.95639
10.52200 4.96599
10.52300 5.01508
10.52400 4.96923
10.52500 5.03096
10.52600 4.98497
10.52700 5.01863
10.52800 4.97154
10.52900 5.00847
10.53000 5.02304
10.53100 5.03050
10.53200 5.03872
10.53300 5.11127
10.53400 5.02536
10.53500 4.99146
10.53600 5.01344
10.53700 4.91383
10.53800 4.98135
10.53900 4.96519
10.54000 5.05116
10.54100 5.01003
10.54200 5.07006
10.54300 5.01765
10.54400 4.96970
10.54500 5.01079
10.54600 4.96151
10.54700 5.01957
10.54800 5.02723
10.54900 4.99039
10.55000 4.97210
10.55100 4.94913
10.55200 5.02754
10.55300 4.94582
10.55400 5.05842
10.55500 5.05745
10.55600 5.00614
10.55700 5.02930
10.55800 5.06523
10.55900 5.02744
10.56000 4.99736
10.56100 4.97635
10.56200 5.00382
10.56300 5.01220
10.56400 5.00348
10.56500 5.02869
10.56600 4.90865
10.56700 4.94179
10.56800 4.94265
10.56900 5.00577
10.57000 4.96481
10.57100 4.97286
10.57200 5.06837
10.57300 5.10302
10.57400 5.00464
10.57500 4.96348
10.57600 4.95519
10.57700 5.00586
10.57800 4.91201
10.57900 5.01749
10.58000 4.94787
10.58100 5.07930
10.58200 4.96864
10.58300 4.98961
10.58400 4.94943
10.58500 5.04550
10.58600 4.92991
10.58700 5.00183
10.58800 4.98096
10.58900 4.99734
10.59000 4.99546
10.59100 4.99654
10.59200 5.01973
10.59300 5.00555
10.59400 5.00248
10.59500 4.96825
10.59600 4.94783
10.59700 4.95318
10.59800 4.95876
10.59900 4.90560
10.60000 4.98620
10.60100 4.97557
10.60200 4.98343
10.60300 5.01881
10.60400 5.03581
10.60500 4.96803
10.60600 4.97074
10.60700 4.96736
10.60800 5.05654
10.60900 4.98615
10.61000 4.93822
10.61100 4.96522
10.61200 5.05444
10.61300 5.02398
10.61400 5.00248
10.61500 5.01125
10.61600 4.93383
10.61700 4.96575
10.61800 5.07855
10.61900 4.95901
10.62000 4.99614
10.62100 5.03894
10.62200 4.95587
10.62300 5.02023
10.62400 4.88903
10.62500 4.97593
10.62600 4.94847
10.62700 4.94410
10.62800 4.95423
10.62900 4.97268
10.63000 4.87111
10.63100 5.03540
10.63200 4.95036
10.63300 5.07648
10.63400 5.01169
10.63500 5.01014
10.63600 5.05801
10.63700 4.98193
10.63800 5.04247
10.63900 4.93311
10.64000 5.03577
10.64100 4.95112
10.64200 5.01884
10.64300 5.04252
10.64400 5.02342
10.64500 4.96562
10.64600 5.03992
10.64700 4.95188
10.64800 5.01807
10.64900 4.99660
10.65000 5.04084
10.65100 5.05235
10.65200 4.99659
10.65300 4.95541
10.65400 4.95732
10.65500 4.97472
10.65600 4.97824
10.65700 4.98396
10.65800 4.98905
10.65900 4.96112
10.66000 4.94891
10.66100 4.89426
10.66200 4.97008
10.66300 5.06649
10.66400 4.93300
10.66500 4.98681
10.66600 4.96006
10.66700 4.92156
10.66800 4.99699
10.66900 4.98656
10.67000 5.01978
10.67100 5.07986
10.67200 4.93246
10.67300 5.16710
10.67400 5.03079
10.67500 5.01860
10.67600 5.03719
10.67700 5.00976
10.67800 5.05947
10.67900 4.95285
10.68000 4.92346
10.68100 4.94135
10.68200 4.99548
10.68300 5.00528
10.68400 4.97364
10.68500 5.06568
10.68600 5.03797
10.68700 5.03211
10.68800 5.03237
10.68900 5.01720
10.69000 5.09206
10.69100 4.94521
10.69200 5.07099
10.69300 5.05306
10.69400 4.90856
10.69500 4.98482
10.69600 5.00156
10.69700 5.06432
10.69800 5.00324
10.69900 5.00339
10.70000 4.97853
10.70100 4.99199
10.70200 5.06383
10.70300 4.98302
10.70400 4.95394
10.70500 4.98423
10.70600 4.98857
10.70700 4.91863
10.70800 4.96389
10.70900 5.00143
10.71000 5.01678
10.71100 4.99366
10.71200 5.04293
10.71300 4.95165
10.71400 5.01119
10.71500 5.00597
10.71600 4.87959
10.71700 5.04101
10.71800 5.01387
10.71900 5.00857
10.72000 5.03224
10.72100 4.93529
10.72200 4.91805
10.72300 4.92260
10.72400 4.95648
10.72500 5.05707
10.72600 5.03467
10.72700 4.99675
10.72800 4.96943
10.72900 5.03361
10.73000 4.91589
10.73100 5.05358
10.73200 4.97115
10.73300 5.02192
10.73400 4.99239
10.73500 4.94073
10.73600 5.02828
10.73700 5.10650
10.73800 5.00589
10.73900 4.99084
10.74000 4.95825
10.74100 4.99245
10.74200 5.04731
10.74300 4.91289
10.74400 5.01813
10.74500 4.93639
10.74600 5.02829
10.74700 5.05660
10.74800 4.98248
10.74900 4.92787
10.75000 4.97873
10.75100 5.04174
10.75200 4.97282
10.75300 4.97474
10.75400 4.97287
10.75500 5.04910
10.75600 5.00788
10.75700 5.00789
10.75800 4.93048
10.75900 5.07639
10.76000 5.04992
10.76100 4.93666
10.76200 4.90703
10.76300 4.99808
10.76400 4.98427
10.76500 5.03322
10.76600 4.99369
10.76700 5.07480
10.76800 5.05893
10.76900 4.99842
10.77000 4.99352
10.77100 5.06638
10.77200 5.00621
10.77300 5.00181
10.77400 5.02373
10.77500 5.02575
10.77600 5.07143
10.77700 4.91564
10.77800 4.96584
10.77900 4.95745
10.78000 5.09534
10.78100 5.03010
10.78200 5.00191
10.78300 5.05071
10.78400 4.88410
10.78500 4.98565
10.78600 4.97980
10.78700 4.90680
10.78800 4.99193
10.78900 4.94983
10.79000 4.95982
10.79100 5.03863
10.79200 5.05196
10.79300 5.00681
10.79400 5.02219
10.79500 4.96218
10.79600 5.04025
10.79700 5.02430
10.79800 4.96407
10.79900 4.93439
10.80000 5.03897
10.80100 4.97510
10.80200 4.99204
10.80300 5.04600
10.80400 4.99514
10.80500 5.08902
10.80600 4.99198
10.80700 4.86279
10.80800 5.04851
10.80900 4.98657
10.81000 4.91637
10.81100 5.00130
10.81200 4.98631
10.81300 4.98260
10.81400 5.09541
10.81500 4.92223
10.81600 4.97229
10.81700 4.94357
10.81800 4.93462
10.81900 5.00966
10.82000 5.03210
10.82100 5.03958
10.82200 5.00308
10.82300 4.91159
10.82400 5.00204
10.82500 5.00677
10.82600 4.93148
10.82700 4.99744
10.82800 5.07439
10.82900 5.05385
10.83000 4.98926
10.83100 4.98342
10.83200 4.99544
10.83300 4.98023
10.83400 5.04002
10.83500 4.92925
10.83600 4.99179
10.83700 5.00580
10.83800 4.95141
10.83900 5.05337
10.84000 5.02024
10.84100 5.05446
10.84200 5.02178
10.84300 4.95903
10.84400 4.96156
10.84500 5.05572
10.84600 4.97115
10.84700 5.06023
10.84800 5.02985
10.84900 4.98554
10.85000 5.00373
10.85100 5.04145
10.85200 5.00154
10.85300 4.97548
10.85400 5.05705
10.85500 5.01631
10.85600 5.04111
10.85700 4.99022
10.85800 5.01452
10.85900 4.96855
10.86000 4.95762
10.86100 4.96947
10.86200 4.93806
10.86300 5.02026
10.86400 5.00780
10.86500 5.06514
10.86600 5.03552
10.86700 4.94371
10.86800 5.00900
10.86900 5.02739
10.87000 4.87074
10.87100 4.98172
10.87200 4.99376
10.87300 4.98274
10.87400 5.07431
10.87500 4.98190
10.87600 5.05035
10.87700 4.95315
10.87800 5.00824
10.87900 4.99276
10.88000 5.06385
10.88100 4.97479
10.88200 4.93361
10.88300 5.09224
10.88400 4.91625
10.88500 5.01542
10.88600 4.96918
10.88700 4.99912
10.88800 5.02665
10.88900 4.89085
10.89000 5.03961
10.89100 4.99299
10.89200 5.04774
10.89300 4.98905
10.89400 5.07265
10.89500 5.01763
10.89600 4.96461
10.89700 5.02369
10.89800 5.02361
10.89900 4.99256
10.90000 4.94893
10.90100 4.94730
10.90200 4.95945
10.90300 4.96491
10.90400 4.96738
10.90500 4.94925
10.90600 4.97183
10.90700 4.95835
10.90800 5.06929
10.90900 4.95186
10.91000 4.99352
10.91100 4.93753
10.91200 5.06465
10.91300 4.99247
10.91400 5.04902
10.91500 4.94133
10.91600 4.98417
10.91700 4.93774
10.91800 5.07134
10.91900 5.11020
10.92000 4.99048
10.92100 5.03193
10.92200 4.99644
10.92300 5.07687
10.92400 4.98262
10.92500 5.01686
10.92600 4.95650
10.92700 4.98623
10.92800 4.99233
10.92900 5.04605
10.93000 5.01754
10.93100 4.97420
10.93200 5.02533
10.93300 5.01671
10.93400 4.95993
10.93500 4.98103
10.93600 5.03300
10.93700 4.98011
10.93800 4.96875
10.93900 5.06452
10.94000 4.99872
10.94100 4.99682
10.94200 5.08589
10.94300 4.96997
10.94400 5.01321
10.94500 4.93630
10.94600 5.03703
10.94700 4.94194
10.94800 4.92442
10.94900 5.00448
10.95000 5.00691
10.95100 5.09132
10.95200 5.01405
10.95300 4.98090
10.95400 4.98314
10.95500 4.97668
10.95600 5.02699
10.95700 4.97186
10.95800 4.96978
10.95900 4.98185
10.96000 5.04286
10.96100 4.97833
10.96200 5.01135
10.96300 4.90249
10.96400 5.00952
10.96500 5.03501
10.96600 4.94637
10.96700 4.91907
10.96800 5.06803
10.96900 5.03149
10.97000 4.92455
10.97100 4.98839
10.97200 5.00665
10.97300 5.05518
10.97400 5.05463
10.97500 5.04280
10.97600 5.07226
10.97700 4.98671
10.97800 5.00550
10.97900 4.97594
10.98000 5.03794
10.98100 5.11560
10.98200 5.01394
10.98300 4.97502
10.98400 0.11871
10.98500 0.25949
10.98600 0.25207
10.98700 0.27216
10.98800 0.11843
10.98900 0.22475
10.99000 0.12063
10.99100 0.09007
10.99200 0.17564
10.99300 0.17177
10.99400 0.16953
10.99500 0.18812
10.99600 0.19956
10.99700 0.27312
10.99800 0.15568
10.99900 0.13965
11.00000 0.13563
11.00100 0.18953
11.00200 0.10415
11.00300 0.23351
11.00400 4.94337
11.00500 4.95971
11.00600 4.94597
11.00700 4.99732
11.00800 4.94635
11.00900 4.98289
11.01000 5.02912
11.01100 5.05377
11.01200 5.05940
11.01300 4.96816
11.01400 5.01425
11.01500 4.93600
11.01600 5.01654
11.01700 4.99677
11.01800 4.98179
11.01900 5.04537
11.02000 5.05802
11.02100 4.92562
11.02200 5.01437
11.02300 4.97769
11.02400 5.02096
11.02500 4.97762
11.02600 5.00788
11.02700 5.08009
11.02800 5.03984
11.02900 4.93034
11.03000 5.08158
11.03100 4.90422
11.03200 4.94764
11.03300 4.96587
11.03400 4.99788
11.03500 5.02393
11.03600 5.01084
11.03700 5.00260
11.03800 4.99658
11.03900 4.97866
11.04000 5.02127
11.04100 4.95922
11.04200 5.08372
11.04300 4.93407
11.04400 4.96923
11.04500 5.08413
11.04600 5.01599
11.04700 4.95025
11.04800 5.03756
11.04900 5.03923
11.05000 5.00373
11.05100 4.99991
11.05200 5.07501
11.05300 4.95159
11.05400 5.01662
11.05500 5.00229
11.05600 4.90644
11.05700 4.99773
11.05800 4.95214
11.05900 5.02358
11.06000 5.03602
11.06100 5.08454
11.06200 4.95921
11.06300 5.06671
11.06400 4.90721
11.06500 4.93736
11.06600 5.08073
11.06700 4.97894
11.06800 5.01680
11.06900 4.96955
11.07000 4.91003
11.07100 5.04651
11.07200 4.97022
11.07300 5.04961
11.07400 4.99481
11.07500 5.04184
11.07600 5.12343
11.07700 5.01379
11.07800 5.01924
11.07900 4.93054
11.08000 5.03293
11.08100 4.92887
11.08200 4.95767
11.08300 4.96804
11.08400 5.00271
11.08500 4.93547
11.08600 5.03113
11.08700 4.92950
11.08800 5.08153
11.08900 5.00886
11.09000 4.99311
11.09100 5.00240
11.09200 4.98633
11.09300 5.00684
11.09400 4.93550
11.09500 5.01317
11.09600 5.05795
11.09700 4.86689
11.09800 4.90578
11.09900 5.08929
11.10000 5.02514
11.10100 4.94823
11.10200 4.95457
11.10300 4.95844
11.10400 4.94845
11.10500 5.03653
11.10600 4.97264
11.10700 4.94312
11.10800 4.92218
11.10900 4.99223
11.11000 5.01654
11.11100 5.08692
11.11200 4.90122
11.11300 5.00641
11.11400 4.92084
11.11500 5.06298
11.11600 4.90272
11.11700 5.00950
11.11800 5.03855
11.11900 4.98062
11.12000 4.95876
11.12100 5.01645
11.12200 5.06096
11.12300 5.03786
11.12400 5.02184
11.12500 5.10191
11.12600 5.01175
11.12700 5.01377
11.12800 4.95734
11.12900 4.99132
11.13000 5.03600
11.13100 4.96049
11.13200 4.98668
11.13300 5.01968
11.13400 4.97638
11.13500 4.90248
11.13600 5.00757
11.13700 5.04318
11.13800 4.98671
11.13900 5.01999
11.14000 4.92319
11.14100 5.04485
11.14200 4.97500
11.14300 4.99910
11.14400 4.95409
11.14500 5.08082
11.14600 5.01144
11.14700 5.10986
11.14800 4.97547
11.14900 5.02167
11.15000 5.02139
11.15100 4.91361
11.15200 4.97429
11.15300 4.97864
11.15400 5.08144
11.15500 5.01600
11.15600 4.95667
11.15700 5.01966
11.15800 4.90684
11.15900 5.01078
11.16000 5.00458
11.16100 5.06970
11.16200 4.99728
11.16300 4.91484
11.16400 5.03059
11.16500 5.11064
11.16600 4.96737
11.16700 5.00448
11.16800 4.96198
11.16900 5.00595
11.17000 4.92211
11.17100 5.06019
11.17200 5.11641
11.17300 4.95076
11.17400 5.01700
11.17500 4.97301
11.17600 5.00526
11.17700 5.05561
11.17800 5.03868
11.17900 5.08011
11.18000 5.02236
11.18100 5.01499
11.18200 5.14456
11.18300 5.06014
11.18400 5.02115
11.18500 4.98018
11.18600 5.02827
11.18700 5.06133
11.18800 5.03789
11.18900 5.00202
11.19000 5.00415
11.19100 5.00583
11.19200 4.95896
11.19300 4.95246
11.19400 4.92565
11.19500 4.97405
11.19600 5.07178
11.19700 5.00696
11.19800 4.94416
11.19900 4.95953
11.20000 4.90610
11.20100 5.00948
11.20200 5.04931
11.20300 4.95145
11.20400 4.95542
11.20500 4.98928
11.20600 5.02260
11.20700 5.01842
11.20800 4.99910
11.20900 5.03098
11.21000 4.98767
11.21100 5.01223
11.21200 5.07435
11.21300 4.97838
11.21400 4.98211
11.21500 5.04944
11.21600 4.98366
11.21700 5.00064
11.21800 4.92376
11.21900 4.96906
11.22000 5.00064
11.22100 5.01623
11.22200 5.03613
11.22300 5.04222
11.22400 5.02313
11.22500 5.00825
11.22600 5.03046
11.22700 5.03110
11.22800 5.07329
11.22900 4.99676
11.23000 5.00875
11.23100 5.08043
11.23200 5.04463
11.23300 4.94629
11.23400 4.98891
11.23500 4.99867
11.23600 5.00651
11.23700 4.94347
11.23800 4.91867
11.23900 5.04166
11.24000 4.99984
11.24100 5.01124
11.24200 4.96799
11.24300 5.05119
11.24400 4.96623
11.24500 5.10021
11.24600 4.99386
11.24700 5.09394
11.24800 5.01633
11.24900 5.01260
11.25000 5.06464
11.25100 4.99609
11.25200 5.01750
11.25300 5.04231
11.25400 4.92407
11.25500 5.01203
11.25600 4.98718
11.25700 5.04211
11.25800 4.97581
11.25900 5.03958
11.26000 4.97272
11.26100 4.95525
11.26200 4.98065
11.26300 5.08066
11.26400 4.93905
11.26500 4.95943
11.26600 5.02673
11.26700 4.93351
11.26800 5.03798
11.26900 4.97203
11.27000 4.97329
11.27100 4.92169
11.27200 4.97914
11.27300 5.05149
11.27400 4.98138
11.27500 5.01393
11.27600 5.02389
11.27700 5.04133
11.27800 4.96587
11.27900 5.03228
11.28000 5.07020
11.28100 5.00628
11.28200 4.95918
11.28300 4.99887
11.28400 4.93705
11.28500 5.02472
11.28600 4.93360
11.28700 4.98002
11.28800 5.03949
11.28900 4.94316
11.29000 4.98645
11.29100 5.04402
11.29200 4.93839
11.29300 4.97845
11.29400 4.99261
11.29500 4.93195
11.29600 5.02002
11.29700 5.04590
11.29800 5.03986
11.29900 4.96055
11.30000 5.05503
11.30100 5.03536
11.30200 4.99229
11.30300 5.02744
11.30400 4.98253
11.30500 5.00765
11.30600 5.05240
11.30700 5.01697
11.30800 5.05923
11.30900 4.98160
11.31000 4.99525
11.31100 4.95681
11.31200 5.00630
11.31300 5.01930
11.31400 4.88143
11.31500 4.93304
11.31600 5.01021
11.31700 4.98753
11.31800 4.91464
11.31900 4.98004
11.32000 5.07268
11.32100 5.01525
11.32200 4.92992
11.32300 4.99023
11.32400 4.90682
11.32500 4.98867
11.32600 4.97796
11.32700 5.03731
11.32800 4.97338
11.32900 4.95453
11.33000 4.99980
11.33100 5.09907
11.33200 4.96454
11.33300 5.03092
11.33400 4.95766
11.33500 4.95328
11.33600 5.01168
11.33700 4.97956
11.33800 5.03500
11.33900 5.02840
11.34000 5.03152
11.34100 4.99860
11.34200 5.04300
11.34300 4.99955
11.34400 5.02757
11.34500 4.91716
11.34600 4.99958
11.34700 5.00731
11.34800 5.02383
11.34900 4.99897
11.35000 5.03373
11.35100 4.97218
11.35200 4.95265
11.35300 5.00755
11.35400 4.98734
11.35500 5.00267
11.35600 4.91473
11.35700 4.93201
11.35800 5.06843
11.35900 5.03484
11.36000 5.01889
11.36100 5.07315
11.36200 5.00182
11.36300 5.05678
11.36400 4.97908
11.36500 5.10738
11.36600 4.88603
11.36700 4.99814
11.36800 4.88317
11.36900 5.01147
11.37000 5.04194
11.37100 5.02188
11.37200 5.00991
11.37300 5.00371
11.37400 4.98261
11.37500 4.97415
11.37600 5.01023
11.37700 5.01025
11.37800 5.07414
11.37900 5.01784
11.38000 5.02956
11.38100 5.01771
11.38200 4.97259
11.38300 4.95918
11.38400 5.05930
11.38500 4.94532
11.38600 5.02049
11.38700 5.04091
11.38800 4.96636
11.38900 5.09057
11.39000 5.02678
11.39100 4.99762
11.39200 4.98317
11.39300 5.07391
11.39400 4.93253
11.39500 5.02353
11.39600 4.98516
11.39700 5.07588
11.39800 5.00964
11.39900 4.97928
11.40000 5.05829
11.40100 4.98130
11.40200 5.06576
11.40300 5.03793
11.40400 5.01661
11.40500 5.04852
11.40600 4.98213
11.40700 5.03306
11.40800 4.97659
11.40900 5.01520
11.41000 4.93826
11.41100 5.06256
11.41200 4.90357
11.41300 4.94218
11.41400 5.02003
11.41500 5.00751
11.41600 5.04274
11.41700 4.92523
11.41800 4.97427
11.41900 5.01583
11.42000 4.98603
11.42100 5.00055
11.42200 5.02241
11.42300 5.00157
11.42400 4.95216
11.42500 4.91464
11.42600 4.97143
11.42700 4.94466
11.42800 4.91369
11.42900 5.02535
11.43000 5.04644
11.43100 4.99213
11.43200 5.06804
11.43300 5.06531
11.43400 5.02439
11.43500 4.90881
11.43600 4.98843
11.43700 5.07156
11.43800 4.97532
11.43900 5.04349
11.44000 5.03215
11.44100 4.96983
11.44200 4.97364
11.44300 5.01323
11.44400 4.93223
11.44500 5.00826
11.44600 5.00327
11.44700 4.96826
11.44800 4.97396
11.44900 4.93488
11.45000 4.91255
11.45100 4.94600
11.45200 5.11385
11.45300 4.99894
11.45400 5.00111
11.45500 4.97760
11.45600 5.01813
11.45700 5.07000
11.45800 4.97378
11.45900 4.98137
11.46000 5.02681
11.46100 5.01449
11.46200 5.03071
11.46300 4.89433
11.46400 4.96326
11.46500 5.09784
11.46600 4.96455
11.46700 5.02903
11.46800 5.06313
11.46900 5.03739
11.47000 5.03537
11.47100 4.96907
11.47200 4.88833
11.47300 4.98993
11.47400 5.03270
11.47500 5.00464
11.47600 5.01601
11.47700 4.97240
11.47800 4.96896
11.47900 4.98675
11.48000 5.02601
11.48100 5.13202
11.48200 5.00416
11.48300 4.98351
11.48400 5.00795
11.48500 5.03338
11.48600 5.02093
11.48700 5.00191
11.48800 4.96698
11.48900 4.98581
11.49000 5.04595
11.49100 5.04990
11.49200 4.94818
11.49300 5.04403
11.49400 4.94978
11.49500 5.10888
11.49600 5.02491
11.49700 5.04858
11.49800 4.99936
11.49900 5.00896
11.50000 5.07610
11.50100 4.89788
11.50200 4.98229
11.50300 5.06839
11.50400 4.97886
11.50500 5.00651
11.50600 4.95551
11.50700 5.06991
11.50800 4.90886
11.50900 4.87913
11.51000 5.00851
11.51100 5.01956
11.51200 4.96987
11.51300 4.90648
11.51400 5.01137
11.51500 4.99706
11.51600 4.99668
11.51700 4.96224
11.51800 4.96427
11.51900 5.05311
11.52000 5.04499
11.52100 5.00145
11.52200 5.00698
11.52300 5.03539
11.52400 5.08513
11.52500 4.89746
11.52600 5.05414
11.52700 4.99088
11.52800 4.95161
11.52900 4.98432
11.53000 5.01470
11.53100 4.98257
11.53200 5.00029
11.53300 4.99759
11.53400 4.95460
11.53500 5.00704
11.53600 4.99675
11.53700 5.00219
11.53800 5.02614
11.53900 5.02375
11.54000 4.99672
11.54100 5.01574
11.54200 5.03402
11.54300 5.01385
11.54400 5.06398
11.54500 4.96532
11.54600 4.95442
11.54700 4.90504
11.54800 5.03384
11.54900 4.98466
11.55000 4.98253
11.55100 5.07351
11.55200 5.04464
11.55300 4.98369
11.55400 4.98750
11.55500 5.01058
11.55600 5.05802
11.55700 4.99701
11.55800 5.00739
11.55900 4.91220
11.56000 5.02379
11.56100 4.98971
11.56200 4.94582
11.56300 4.92264
11.56400 5.03235
11.56500 4.92445
11.56600 5.11199
11.56700 4.89128
11.56800 4.97330
11.56900 4.92107
11.57000 4.97497
11.57100 5.07326
11.57200 4.95314
11.57300 4.91195
11.57400 5.01962
11.57500 5.03371
11.57600 5.00669
11.57700 4.90754
11.57800 5.02107
11.57900 4.94375
11.58000 4.99268
11.58100 5.08458
11.58200 4.94119
11.58300 5.05613
11.58400 5.02039
11.58500 4.91945
11.58600 5.09651
11.58700 4.94487
11.58800 4.99197
11.58900 4.97607
11.59000 5.04366
11.59100 4.96379
11.59200 4.94125
11.59300 5.05818
11.59400 4.97626
11.59500 5.01357
11.59600 5.01893
11.59700 5.04773
11.59800 4.98583
11.59900 4.97955
11.60000 4.99348
11.60100 4.98727
11.60200 5.02641
11.60300 4.98947
11.60400 4.94746
11.60500 4.95808
11.60600 5.00160
11.60700 5.00512
11.60800 4.97287
11.60900 4.98282
11.61000 5.00577
11.61100 5.01152
11.61200 4.97062
11.61300 4.96600
11.61400 5.05631
11.61500 4.94619
11.61600 4.99510
11.61700 5.01432
11.61800 4.96832
11.61900 5.03322
11.62000 4.94571
11.62100 5.05495
11.62200 5.03543
11.62300 4.99417
11.62400 5.02149
11.62500 4.97845
11.62600 5.03496
11.62700 5.05012
11.62800 4.96446
11.62900 5.01844
11.63000 4.99138
11.63100 5.06120
11.63200 4.96268
11.63300 5.04663
11.63400 5.00790
11.63500 5.00992
11.63600 4.97409
11.63700 5.03783
11.63800 5.07348
11.63900 4.96510
11.64000 5.05077
11.64100 5.10017
11.64200 4.89384
11.64300 5.06346
11.64400 5.01204
11.64500 4.97479
11.64600 4.93486
11.64700 4.98040
11.64800 4.99644
11.64900 5.04202
11.65000 4.92913
11.65100 5.04448
11.65200 4.96161
11.65300 5.06301
11.65400 4.99586
11.65500 4.94982
11.65600 4.99794
11.65700 4.96843
11.65800 5.05384
11.65900 4.98641
11.66000 4.96934
11.66100 5.00872
11.66200 5.08939
11.66300 4.98543
11.66400 4.97850
11.66500 4.93508
11.66600 5.04660
11.66700 4.94673
11.66800 4.96853
11.66900 4.97736
11.67000 5.01335
11.67100 5.04255
11.67200 4.93791
11.67300 4.96042
11.67400 5.02591
11.67500 5.02791
11.67600 5.02283
11.67700 5.06703
11.67800 5.09165
11.67900 4.98532
11.68000 4.93526
11.68100 4.94402
11.68200 4.97331
11.68300 5.02416
11.68400 4.93870
11.68500 4.98564
11.68600 5.00875
11.68700 5.02626
11.68800 5.08190
11.68900 5.09591
11.69000 4.87889
11.69100 4.95952
11.69200 5.05227
11.69300 0.27075
11.69400 0.20042
11.69500 0.21390
11.69600 0.21442
11.69700 0.18225
11.69800 0.24867
11.69900 0.13975
11.70000 0.15049
11.70100 0.26393
11.70200 0.20709
11.70300 0.14413
11.70400 0.10872
11.70500 0.29149
11.70600 0.22845
11.70700 0.14148
11.70800 0.15794
11.70900 0.18778
11.71000 0.24465
11.71100 0.23029
11.71200 0.11700
11.71300 5.07835
11.71400 5.04283
11.71500 4.98470
11.71600 4.92115
11.71700 4.98702
11.71800 5.03583
11.71900 4.95085
11.72000 5.04031
11.72100 5.02482
11.72200 4.97590
11.72300 5.02463
11.72400 5.06297
11.72500 5.01394
11.72600 4.95938
11.72700 4.98749
11.72800 4.96844
11.72900 4.99245
11.73000 5.07112
11.73100 4.95243
11.73200 5.11170
11.73300 4.93871
11.73400 5.15049
11.73500 5.06656
11.73600 5.00071
11.73700 4.96438
11.73800 5.02217
11.73900 4.88465
11.74000 4.94793
11.74100 5.08840
11.74200 4.99219
11.74300 5.00480
11.74400 4.87832
11.74500 4.97622
11.74600 4.91723
11.74700 4.96021
11.74800 4.96025
11.74900 4.94812
11.75000 5.07852
11.75100 4.95701
11.75200 5.00764
11.75300 5.04654
11.75400 5.06731
11.75500 5.02280
11.75600 4.92241
11.75700 5.05915
11.75800 5.00617
11.75900 5.05268
11.76000 5.03012
11.76100 5.02550
11.76200 5.00140
11.76300 4.99233
11.76400 4.92033
11.76500 4.93457
11.76600 5.00764
11.76700 5.00735
11.76800 5.01252
11.76900 5.02077
11.77000 4.99395
11.77100 4.96373
11.77200 4.94736
11.77300 5.00510
11.77400 4.97107
11.77500 4.95425
11.77600 4.98129
11.77700 5.00893
11.77800 4.94591
11.77900 5.03042
11.78000 5.09475
11.78100 4.98976
11.78200 5.05252
11.78300 5.03040
11.78400 4.96373
11.78500 5.10653
11.78600 4.99841
11.78700 5.00208
11.78800 5.00223
11.78900 5.01191
11.79000 5.02397
11.79100 5.02679
11.79200 4.99913
11.79300 4.98340
11.79400 5.06927
11.79500 5.00580
11.79600 4.93857
11.79700 4.99479
11.79800 5.02567
11.79900 5.02014
11.80000 4.97907
11.80100 4.99107
11.80200 4.94321
11.80300 5.01380
11.80400 5.03191
11.80500 5.09561
11.80600 4.96163
11.80700 5.01357
11.80800 5.00415
11.80900 4.89397
11.81000 5.06648
11.81100 5.05685
11.81200 5.02468
11.81300 5.01896
11.81400 4.99088
11.81500 5.01803
11.81600 5.01143
11.81700 5.01369
11.81800 4.95442
11.81900 4.90250
11.82000 4.91350
11.82100 5.04729
11.82200 5.09386
11.82300 5.05630
11.82400 4.99924
11.82500 4.93801
11.82600 5.00768
11.82700 4.96416
11.82800 5.01598
11.82900 5.00482
11.83000 4.93711
11.83100 5.03856
11.83200 5.03108
11.83300 5.04724
11.83400 5.00517
11.83500 4.97662
11.83600 5.05780
11.83700 5.00288
11.83800 5.03913
11.83900 4.99730
11.84000 4.94671
11.84100 4.97979
11.84200 4.93501
11.84300 4.95420
11.84400 4.97851
11.84500 4.96917
11.84600 5.11292
11.84700 4.95372
11.84800 4.97994
11.84900 5.02025
11.85000 5.10214
11.85100 5.00328
11.85200 5.02888
11.85300 4.98856
11.85400 4.95445
11.85500 4.96839
11.85600 5.04529
11.85700 4.99463
11.85800 5.00146
11.85900 4.99853
11.86000 5.06277
11.86100 5.07918
11.86200 5.00237
11.86300 4.97528
11.86400 4.98082
11.86500 4.92715
11.86600 4.98558
11.86700 5.02947
11.86800 5.02799
11.86900 4.97123
11.87000 4.99920
11.87100 4.97991
11.87200 5.00204
11.87300 5.04991
11.87400 5.01316
11.87500 4.96335
11.87600 4.98010
11.87700 4.96579
11.87800 5.00591
11.87900 4.98347
11.88000 4.93372
11.88100 4.97040
11.88200 5.03457
11.88300 4.94402
11.88400 4.94923
11.88500 5.01405
11.88600 5.10103
11.88700 5.01525
11.88800 4.95817
11.88900 4.98396
11.89000 5.02378
11.89100 5.07385
11.89200 5.07513
11.89300 4.94903
11.89400 4.97516
11.89500 4.98811
11.89600 5.00014
11.89700 5.03089
11.89800 5.01700
11.89900 4.99443
11.90000 5.07452
11.90100 5.00413
11.90200 4.92783
11.90300 5.00049
11.90400 4.97680
11.90500 4.99069
11.90600 5.09195
11.90700 5.02489
11.90800 4.93547
11.90900 5.00729
11.91000 5.02316
11.91100 4.97856
11.91200 5.04309
11.91300 4.97615
11.91400 5.03424
11.91500 4.97146
11.91600 4.96007
11.91700 5.04240
11.91800 4.92633
11.91900 5.10119
11.92000 4.99277
11.92100 4.89851
11.92200 4.93922
11.92300 4.95546
11.92400 4.88991
11.92500 5.07559
11.92600 5.13193
11.92700 4.96524
11.92800 5.02444
11.92900 5.10050
11.93000 4.97763
11.93100 5.03322
11.93200 5.04877
11.93300 4.91922
11.93400 5.01535
11.93500 5.05571
11.93600 5.00628
11.93700 5.00996
11.93800 5.06151
11.93900 5.06707
11.94000 4.99707
11.94100 4.90448
11.94200 4.98407
11.94300 4.99776
11.94400 5.00175
11.94500 5.00941
11.94600 4.96564
11.94700 5.00204
11.94800 4.92828
11.94900 5.11341
11.95000 4.98338
11.95100 4.97780
11.95200 5.06866
11.95300 4.99268
11.95400 5.01027
11.95500 5.11016
11.95600 4.95538
11.95700 5.00221
11.95800 5.01729
11.95900 5.04512
11.96000 4.96302
11.96100 4.97593
11.96200 4.91524
11.96300 5.04340
11.96400 4.98184
11.96500 4.97320
11.96600 5.01480
11.96700 5.05548
11.96800 4.96246
11.96900 4.90450
11.97000 4.95105
11.97100 5.02634
11.97200 5.01081
11.97300 4.95923
11.97400 5.01595
11.97500 4.98048
11.97600 5.00090
11.97700 4.95784
11.97800 4.93087
11.97900 5.00966
11.98000 5.02262
11.98100 4.99940
11.98200 4.91890
11.98300 5.03152
11.98400 5.04959
11.98500 4.96980
11.98600 4.99283
11.98700 4.99440
11.98800 4.98211
11.98900 4.99851
11.99000 5.04665
11.99100 5.02701
11.99200 4.90990
11.99300 4.98371
11.99400 4.98914
11.99500 4.94358
11.99600 4.87363
11.99700 5.04139
11.99800 5.01845
11.99900 5.01984
12.00000 4.98448
12.00100 5.06113
12.00200 5.08329
12.00300 5.05914
12.00400 5.03432
12.00500 5.08041
12.00600 5.00988
12.00700 5.02954
12.00800 4.93854
12.00900 4.98178
12.01000 5.05087
12.01100 5.04505
12.01200 5.03266
12.01300 4.99718
12.01400 4.91587
12.01500 4.97415
12.01600 5.04214
12.01700 4.91951
12.01800 5.01649
12.01900 4.96189
12.02000 4.97289
12.02100 4.94226
12.02200 5.06548
12.02300 5.00805
12.02400 4.99860
12.02500 5.12283
12.02600 4.96495
12.02700 5.01189
12.02800 5.03553
12.02900 5.01064
12.03000 5.00696
12.03100 4.92883
12.03200 4.96546
12.03300 4.96192
12.03400 4.94424
12.03500 5.01486
12.03600 4.92553
12.03700 5.04842
12.03800 5.04608
12.03900 4.98912
12.04000 5.00288
12.04100 5.01889
12.04200 4.94410
12.04300 4.98957
12.04400 5.05604
12.04500 4.99173
12.04600 5.07122
12.04700 5.03315
12.04800 4.98491
12.04900 4.98342
12.05000 5.04531
12.05100 4.99328
12.05200 5.04391
12.05300 4.88958
12.05400 4.97744
12.05500 4.92134
12.05600 5.02038
12.05700 4.99546
12.05800 5.06012
12.05900 4.95531
12.06000 5.06897
12.06100 5.05284
12.06200 4.96546
12.06300 5.07183
12.06400 5.05235
12.06500 4.95167
12.06600 5.01742
12.06700 5.00570
12.06800 5.01896
12.06900 4.99697
12.07000 5.05456
12.07100 4.99094
12.07200 5.01892
12.07300 4.98796
12.07400 4.97197
12.07500 4.90729
12.07600 5.01968
12.07700 4.99457
12.07800 5.01150
12.07900 5.00047
12.08000 4.96587
12.08100 4.94857
12.08200 4.99781
12.08300 4.92192
12.08400 4.95859
12.08500 5.00240
12.08600 4.98917
12.08700 4.99980
12.08800 4.93484
12.08900 4.97283
12.09000 4.94449
12.09100 5.04973
12.09200 4.99690
12.09300 4.99483
12.09400 5.03164
12.09500 5.06040
12.09600 4.94177
12.09700 5.01579
12.09800 4.95176
12.09900 4.95688
12.10000 4.97669
12.10100 4.96290
12.10200 5.03692
12.10300 5.00944
12.10400 4.94206
12.10500 4.96743
12.10600 4.97137
12.10700 5.05453
12.10800 5.06219
12.10900 5.11388
12.11000 4.91724
12.11100 4.98711
12.11200 5.09875
12.11300 5.00618
12.11400 5.02045
12.11500 5.00689
12.11600 4.98853
12.11700 5.10143
12.11800 4.94358
12.11900 5.10260
12.12000 4.99457
12.12100 5.10011
12.12200 4.96758
12.12300 4.99567
12.12400 4.93488
12.12500 4.99560
12.12600 5.02733
12.12700 5.01283
12.12800 5.01277
12.12900 4.98048
12.13000 5.03243
12.13100 5.03661
12.13200 5.13063
12.13300 4.96776
12.13400 5.05395
12.13500 5.08087
12.13600 5.08248
12.13700 5.01630
12.13800 5.00791
12.13900 5.02234
12.14000 5.04165
12.14100 4.98689
12.14200 5.01287
12.14300 5.05104
12.14400 5.05403
12.14500 5.01070
12.14600 4.95762
12.14700 5.03502
12.14800 4.98976
12.14900 4.96099
12.15000 5.02260
12.15100 4.97465
12.15200 4.96010
12.15300 4.99385
12.15400 4.90839
12.15500 4.99665
12.15600 5.02221
12.15700 4.98581
12.15800 4.98599
12.15900 4.98753
12.16000 5.05427
12.16100 5.11489
12.16200 4.95259
12.16300 4.93020
12.16400 5.05088
12.16500 4.93504
12.16600 4.95560
12.16700 5.02814
12.16800 4.99349
12.16900 4.95597
12.17000 5.03866
12.17100 4.92447
12.17200 5.07208
12.17300 4.95630
12.17400 5.00954
12.17500 4.98333
12.17600 5.06569
12.17700 4.95225
12.17800 4.95955
12.17900 5.03354
12.18000 5.07547
12.18100 4.99612
12.18200 5.01240
12.18300 5.04640
12.18400 4.99760
12.18500 5.03436
12.18600 4.92227
12.18700 4.95815
12.18800 5.03286
12.18900 5.00698
12.19000 4.95343
12.19100 4.97057
12.19200 5.05615
12.19300 4.92944
12.19400 4.96225
12.19500 5.06545
12.19600 5.03297
12.19700 4.97763
12.19800 4.98833
12.19900 5.02154
12.20000 4.92175
12.20100 5.07463
12.20200 4.94698
12.20300 4.98862
12.20400 5.02938
12.20500 4.97881
12.20600 5.07227
12.20700 4.99310
12.20800 4.99996
12.20900 5.08433
12.21000 4.96555
12.21100 4.97437
12.21200 5.05204
12.21300 4.95021
12.21400 4.99749
12.21500 5.03057
12.21600 5.01159
12.21700 5.03930
12.21800 4.99889
12.21900 5.02598
12.22000 4.94308
12.22100 4.92916
12.22200 5.10548
12.22300 4.99301
12.22400 5.08451
12.22500 4.93762
12.22600 4.99257
12.22700 5.02715
12.22800 5.10958
12.22900 5.07542
12.23000 4.96487
12.23100 5.07180
12.23200 5.03862
12.23300 5.02320
12.23400 5.09764
12.23500 5.00860
12.23600 4.99696
12.23700 4.89664
12.23800 5.03136
12.23900 4.92693
12.24000 5.04796
12.24100 4.91669
12.24200 4.97090
12.24300 5.08539
12.24400 4.99052
12.24500 4.97411
12.24600 5.04001
12.24700 4.91678
12.24800 5.04490
12.24900 5.01405
12.25000 5.03829
12.25100 4.96312
12.25200 4.97970
12.25300 4.91500
12.25400 5.09397
12.25500 4.99747
12.25600 4.93035
12.25700 4.97819
12.25800 4.92433
12.25900 4.92192
12.26000 4.98078
12.26100 4.98067
12.26200 4.96540
12.26300 5.07473
12.26400 4.96016
12.26500 5.02716
12.26600 4.96015
12.26700 5.00450
12.26800 4.90195
12.26900 4.96623
12.27000 4.93291
12.27100 5.06153
12.27200 4.98650
12.27300 4.95405
12.27400 5.05322
12.27500 5.08372
12.27600 4.99613
12.27700 4.97678
12.27800 5.02332
12.27900 5.01837
12.28000 4.94800
12.28100 4.95175
12.28200 5.15528
12.28300 4.97026
12.28400 5.02871
12.28500 4.98706
12.28600 4.93046
12.28700 5.01645
12.28800 4.97471
12.28900 4.97174
12.29000 5.07278
12.29100 5.00534
12.29200 5.00570
12.29300 4.88437
12.29400 5.01609
12.29500 4.99901
12.29600 4.96337
12.29700 4.97825
12.29800 5.02564
12.29900 4.95292
12.30000 4.99645
12.30100 4.90480
12.30200 4.96198
12.30300 4.96666
12.30400 4.99467
12.30500 5.12679
12.30600 5.16190
12.30700 4.93217
12.30800 5.07308
12.30900 5.05155
12.31000 5.07005
12.31100 5.05543
12.31200 4.99903
12.31300 5.02826
12.31400 5.05226
12.31500 4.95035
12.31600 4.99875
12.31700 5.01989
12.31800 5.09229
12.31900 5.04675
12.32000 4.95233
12.32100 5.02499
12.32200 4.99861
12.32300 4.98950
12.32400 5.00125
12.32500 4.98245
12.32600 5.03547
12.32700 5.03037
12.32800 5.00610
12.32900 5.02798
12.33000 4.95325
12.33100 5.02841
12.33200 5.02808
12.33300 4.99032
12.33400 5.01591
12.33500 4.96361
12.33600 5.01366
12.33700 4.96118
12.33800 5.09620
12.33900 4.97418
12.34000 5.03317
12.34100 4.99499
12.34200 5.05000
12.34300 4.97368
12.34400 5.00645
12.34500 4.98316
12.34600 5.00016
12.34700 5.01922
12.34800 5.12037
12.34900 5.07992
12.35000 4.95636
12.35100 5.01368
12.35200 5.05939
12.35300 5.07007
12.35400 5.04271
12.35500 5.01292
12.35600 5.01325
12.35700 5.04092
12.35800 4.98462
12.35900 5.04042
12.36000 5.03943
12.36100 5.00011
12.36200 4.93237
12.36300 5.01872
12.36400 4.97881
12.36500 5.01702
12.36600 4.98826
12.36700 5.00971
12.36800 4.98846
12.36900 5.05489
12.37000 4.95762
12.37100 5.06975
12.37200 5.01464
12.37300 4.98516
12.37400 5.05901
12.37500 5.12356
12.37600 4.95331
12.37700 4.97255
12.37800 5.01111
12.37900 5.03310
12.38000 5.01829
12.38100 5.03881
12.38200 4.98355
12.38300 5.06702
12.38400 5.01127
12.38500 5.12218
12.38600 4.97450
12.38700 5.00339
12.38800 5.01556
12.38900 4.98629
12.39000 5.05170
12.39100 4.94338
12.39200 4.97229
12.39300 5.10602
12.39400 4.99588
12.39500 4.99887
12.39600 5.07248
12.39700 4.96939
12.39800 4.91660
12.39900 4.98078
12.40000 4.94384
12.40100 5.08651
12.40200 0.22147
12.40300 0.17801
12.40400 0.24988
12.40500 0.24832
12.40600 0.13481
12.40700 0.22167
12.40800 0.15947
12.40900 0.24989
12.41000 0.26546
12.41100 0.24839
12.41200 0.21564
12.41300 0.19502
12.41400 0.27528
12.41500 0.17786
12.41600 0.31501
12.41700 0.18499
12.41800 0.19591
12.41900 0.12350
12.42000 0.25279
12.42100 0.18151
12.42200 4.99348
12.42300 4.98435
12.42400 5.03180
12.42500 4.95169
12.42600 4.94375
12.42700 4.99581
12.42800 5.00622
12.42900 4.98947
12.43000 4.97304
12.43100 5.12031
12.43200 4.96552
12.43300 4.99472
12.43400 5.01711
12.43500 5.06693
12.43600 5.01718
12.43700 4.86176
12.43800 5.07464
12.43900 4.98949
12.44000 4.99207
12.44100 4.97991
12.44200 4.98156
12.44300 5.04874
12.44400 5.02471
12.44500 5.01865
12.44600 4.98996
12.44700 5.03199
12.44800 5.03449
12.44900 4.99103
12.45000 4.95096
12.45100 5.08563
12.45200 5.04971
12.45300 4.94802
12.45400 5.01502
12.45500 5.03402
12.45600 5.05464
12.45700 5.04504
12.45800 4.99124
12.45900 5.02379
12.46000 5.10359
12.46100 5.01076
12.46200 5.04774
12.46300 5.05965
12.46400 5.02719
12.46500 4.97555
12.46600 4.95676
12.46700 5.02194
12.46800 5.01260
12.46900 4.99804
12.47000 4.92395
12.47100 4.94498
12.47200 5.00287
12.47300 5.08128
12.47400 4.97011
12.47500 4.98803
12.47600 4.95729
12.47700 5.09152
12.47800 5.05051
12.47900 4.94260
12.48000 4.98752
12.48100 4.95753
12.48200 5.00347
12.48300 4.99266
12.48400 5.08409
12.48500 4.94720
12.48600 4.97071
12.48700 4.98861
12.48800 4.98610
12.48900 5.01085
12.49000 5.00144
12.49100 5.03644
12.49200 4.91405
12.49300 4.99259
12.49400 4.99670
12.49500 5.10344
12.49600 5.01596
12.49700 4.93744
12.49800 5.00441
12.49900 4.95494
12.50000 5.01723
12.50100 4.94870
12.50200 5.03266
12.50300 4.98905
12.50400 4.94272
12.50500 4.98062
12.50600 5.08418
12.50700 4.92701
12.50800 4.98591
12.50900 5.02993
12.51000 5.04482
12.51100 4.96542
12.51200 5.02961
12.51300 5.05302
12.51400 4.97980
12.51500 5.04637
12.51600 4.93536
12.51700 5.04913
12.51800 5.02282
12.51900 4.94753
12.52000 4.91875
12.52100 5.06864
12.52200 4.96732
12.52300 5.07619
12.52400 5.03438
12.52500 5.01934
12.52600 5.01618
12.52700 5.02826
12.52800 5.00039
12.52900 4.94464
12.53000 5.00921
12.53100 5.01426
12.53200 4.99366
12.53300 4.94944
12.53400 4.95167
12.53500 4.97315
12.53600 4.99474
12.53700 4.96094
12.53800 5.06408
12.53900 4.97952
12.54000 5.01741
12.54100 4.95342
12.54200 5.01526
12.54300 5.01650
12.54400 5.00829
12.54500 4.94782
12.54600 5.03345
12.54700 4.97452
12.54800 5.03468
12.54900 4.97873
12.55000 4.98870
12.55100 5.04345
12.55200 5.00172
12.55300 5.00292
12.55400 4.95041
12.55500 5.02728
12.55600 5.02082
12.55700 5.04322
12.55800 5.03359
12.55900 5.02916
12.56000 5.03969
12.56100 5.00546
12.56200 4.96483
12.56300 4.97542
12.56400 4.98456
12.56500 4.97455
12.56600 4.95535
12.56700 5.02967
12.56800 4.89787
12.56900 5.04178
12.57000 4.97781
12.57100 5.02343
12.57200 4.98546
12.57300 4.98153
12.57400 4.89325
12.57500 4.94536
12.57600 4.98672
12.57700 4.98716
12.57800 5.01728
12.57900 4.98626
12.58000 5.04618
12.58100 5.07202
12.58200 4.96596
12.58300 4.92481
12.58400 4.96795
12.58500 5.03125
12.58600 5.05628
12.58700 4.98940
12.58800 5.02660
12.58900 4.98574
12.59000 4.87633
12.59100 4.94049
12.59200 4.98024
12.59300 5.07283
12.59400 4.94485
12.59500 4.97987
12.59600 4.99338
12.59700 4.98235
12.59800 4.99858
12.59900 5.08685
12.60000 4.92928
12.60100 5.03653
12.60200 5.01458
12.60300 4.99482
12.60400 4.96749
12.60500 4.96958
12.60600 5.07659
12.60700 5.06829
12.60800 4.97425
12.60900 4.96750
12.61000 5.00385
12.61100 5.02096
12.61200 5.02491
12.61300 4.97434
12.61400 4.93301
12.61500 4.92231
12.61600 4.97072
12.61700 5.06087
12.61800 4.96579
12.61900 5.01281
12.62000 4.97396
12.62100 4.99956
12.62200 5.05152
12.62300 5.03210
12.62400 4.99574
12.62500 5.01386
12.62600 4.94841
12.62700 4.92346
12.62800 5.00630
12.62900 4.95328
12.63000 4.99097
12.63100 4.97655
12.63200 4.99182
12.63300 5.08077
12.63400 5.02541
12.63500 5.09828
12.63600 5.00733
12.63700 4.99696
12.63800 4.99203
12.63900 5.11241
12.64000 5.03604
12.64100 5.07833
12.64200 5.07007
12.64300 5.02200
12.64400 4.99191
12.64500 4.95792
12.64600 4.99396
12.64700 5.05574
12.64800 5.04521
12.64900 4.97363
12.65000 4.96709
12.65100 5.01232
12.65200 5.03159
12.65300 5.06326
12.65400 5.11607
12.65500 4.93847
12.65600 4.94264
12.65700 4.94929
12.65800 5.02428
12.65900 5.04758
12.66000 5.01329
12.66100 5.00720
12.66200 4.96684
12.66300 4.98466
12.66400 4.97718
12.66500 5.02547
12.66600 4.95249
12.66700 5.01865
12.66800 5.00670
12.66900 4.94996
12.67000 4.98523
12.67100 5.06564
12.67200 5.06185
12.67300 5.03131
12.67400 5.03087
12.67500 4.89965
12.67600 4.96562
12.67700 5.07140
12.67800 5.00004
12.67900 5.04934
12.68000 5.07216
12.68100 4.88095
12.68200 5.00976
12.68300 5.04573
12.68400 4.98949
12.68500 5.06028
12.68600 4.99445
12.68700 4.99891
12.68800 5.01466
12.68900 5.04523
12.69000 4.98495
12.69100 5.02536
12.69200 5.00769
12.69300 4.99433
12.69400 4.95940
12.69500 4.98257
12.69600 4.99986
12.69700 4.92080
12.69800 4.93546
12.69900 4.99596
12.70000 5.01143
12.70100 5.03943
12.70200 4.96027
12.70300 4.97752
12.70400 5.02890
12.70500 5.02144
12.70600 4.97858
12.70700 5.08837
12.70800 4.92943
12.70900 4.99160
12.71000 5.01020
12.71100 4.96308
12.71200 5.03475
12.71300 5.07198
12.71400 5.02953
12.71500 5.00441
12.71600 5.03481
12.71700 4.98383
12.71800 5.02307
12.71900 5.03794
12.72000 5.05171
12.72100 4.91029
12.72200 4.96409
12.72300 5.02303
12.72400 5.03459
12.72500 5.00309
12.72600 4.97399
12.72700 4.99332
12.72800 4.95263
12.72900 4.94648
12.73000 5.02504
12.73100 4.96797
12.73200 4.95075
12.73300 5.09937
12.73400 4.98549
12.73500 4.95779
12.73600 5.00149
12.73700 5.15333
12.73800 4.99564
12.73900 5.05234
12.74000 5.08920
12.74100 5.04347
12.74200 4.96706
12.74300 4.99139
12.74400 5.05976
12.74500 5.07822
12.74600 4.87548
12.74700 5.05721
12.74800 4.98988
12.74900 5.02062
12.75000 5.04934
12.75100 4.97942
12.75200 5.02673
12.75300 5.12263
12.75400 5.09300
12.75500 4.93710
12.75600 5.03076
12.75700 4.92230
12.75800 4.93787
12.75900 5.03938
12.76000 4.95263
12.76100 4.97675
12.76200 5.01140
12.76300 5.03426
12.76400 4.93950
12.76500 4.95716
12.76600 4.99723
12.76700 4.93409
12.76800 5.03850
12.76900 5.04366
12.77000 5.06358
12.77100 4.96037
12.77200 5.02773
12.77300 4.93055
12.77400 4.99835
12.77500 4.95628
12.77600 5.01588
12.77700 4.98503
12.77800 4.92011
12.77900 5.05398
12.78000 4.91183
12.78100 5.07350
12.78200 5.05409
12.78300 5.04792
12.78400 5.01155
12.78500 5.03393
12.78600 4.96661
12.78700 4.95770
12.78800 4.88211
12.78900 5.02404
12.79000 4.93298
12.79100 4.97114
12.79200 4.95739
12.79300 5.04054
12.79400 5.01169
12.79500 4.89858
12.79600 5.01713
12.79700 5.03323
12.79800 4.96540
12.79900 4.93943
12.80000 5.01428
12.80100 4.94476
12.80200 4.99848
12.80300 5.02011
12.80400 5.06349
12.80500 4.89374
12.80600 4.97807
12.80700 4.92139
12.80800 4.99138
12.80900 4.94074
12.81000 4.92112
12.81100 4.96633
12.81200 5.02299
12.81300 4.95235
12.81400 4.97460
12.81500 4.98081
12.81600 5.10844
12.81700 5.05271
12.81800 4.90986
12.81900 4.97850
12.82000 5.02660
12.82100 5.04934
12.82200 5.07502
12.82300 5.05720
12.82400 4.96458
12.82500 4.98143
12.82600 5.07972
12.82700 4.95505
12.82800 4.93467
12.82900 5.00035
12.83000 4.96530
12.83100 4.97541
12.83200 4.98123
12.83300 5.02704
12.83400 5.07189
12.83500 4.96727
12.83600 4.98121
12.83700 4.97496
12.83800 4.96845
12.83900 5.02795
12.84000 4.95862
12.84100 5.08346
12.84200 4.93598
12.84300 5.04440
12.84400 5.10409
12.84500 5.04069
12.84600 4.97961
12.84700 4.95757
12.84800 4.93345
12.84900 4.97999
12.85000 4.99438
12.85100 4.96376
12.85200 5.05179
12.85300 4.97538
12.85400 4.99648
12.85500 4.97627
12.85600 5.01505
12.85700 5.00442
12.85800 4.92818
12.85900 4.92994
12.86000 5.03185
12.86100 5.02512
12.86200 4.98746
12.86300 4.90785
12.86400 5.02576
12.86500 5.03565
12.86600 5.10221
12.86700 4.99004
12.86800 4.99293
12.86900 5.06278
12.87000 4.97069
12.87100 5.03986
12.87200 4.98145
12.87300 5.02205
12.87400 5.04655
12.87500 4.95996
12.87600 5.01484
12.87700 5.02999
12.87800 4.96619
12.87900 5.03044
12.88000 5.03075
12.88100 4.97800
12.88200 4.95060
12.88300 5.03296
12.88400 4.98485
12.88500 5.00888
12.88600 5.09632
12.88700 4.98124
12.88800 5.06991
12.88900 5.04983
12.89000 5.02061
12.89100 4.94511
12.89200 4.99168
12.89300 5.00788
12.89400 5.00422
12.89500 4.99171
12.89600 4.92734
12.89700 4.87403
12.89800 4.96855
12.89900 4.90473
12.90000 4.94498
12.90100 4.97543
12.90200 5.02325
12.90300 4.98212
12.90400 4.96137
12.90500 4.99440
12.90600 4.89726
12.90700 5.00340
12.90800 4.96092
12.90900 4.99723
12.91000 4.99921
12.91100 4.97945
12.91200 5.08693
12.91300 4.97321
12.91400 5.00745
12.91500 5.03317
12.91600 5.00881
12.91700 5.11897
12.91800 4.97442
12.91900 4.98817
12.92000 4.98772
12.92100 5.04226
12.92200 4.95711
12.92300 4.97735
12.92400 4.97684
12.92500 5.03189
12.92600 5.02426
12.92700 5.01338
12.92800 5.03398
12.92900 5.03818
12.93000 4.98388
12.93100 4.99981
12.93200 5.02660
12.93300 5.09063
12.93400 4.96139
12.93500 5.00853
12.93600 4.96923
12.93700 5.00205
12.93800 5.01884
12.93900 4.99346
12.94000 5.11629
12.94100 5.02447
12.94200 4.88674
12.94300 4.98395
12.94400 4.95802
12.94500 5.12411
12.94600 4.97389
12.94700 5.01855
12.94800 4.96984
12.94900 4.99445
12.95000 4.98300
12.95100 4.98094
12.95200 4.95449
12.95300 5.06239
12.95400 5.02290
12.95500 5.00775
12.95600 5.05082
12.95700 5.03316
12.95800 4.99189
12.95900 5.01701
12.96000 5.01988
12.96100 4.94322
12.96200 4.93569
12.96300 4.99366
12.96400 4.94915
12.96500 5.04591
12.96600 5.02784
12.96700 4.95957
12.96800 5.02627
12.96900 4.97607
12.97000 5.05799
12.97100 4.96495
12.97200 4.94399
12.97300 5.09682
12.97400 4.91031
12.97500 5.00521
12.97600 4.94431
12.97700 5.02203
12.97800 4.99206
12.97900 5.04560
12.98000 5.04223
12.98100 4.92582
12.98200 4.96701
12.98300 4.93544
12.98400 4.88816
12.98500 4.96525
12.98600 4.95324
12.98700 4.92833
12.98800 5.06628
12.98900 5.06347
12.99000 4.97927
12.99100 5.02905
12.99200 5.08876
12.99300 4.99662
12.99400 4.97316
12.99500 5.01245
12.99600 4.99866
12.99700 5.05086
12.99800 5.00281
12.99900 4.94868
13.00000 4.96900
13.00100 4.98776
13.00200 4.94575
13.00300 4.97867
13.00400 4.89277
13.00500 5.02064
13.00600 5.03813
13.00700 5.02612
13.00800 4.91811
13.00900 4.95661
13.01000 5.01131
13.01100 4.85895
13.01200 5.00096
13.01300 5.03045
13.01400 5.03264
13.01500 4.94259
13.01600 5.05321
13.01700 5.07312
13.01800 5.01157
13.01900 5.04432
13.02000 5.05424
13.02100 5.04973
13.02200 4.93831
13.02300 5.06193
13.02400 4.98214
13.02500 4.97833
13.02600 4.94552
13.02700 4.97276
13.02800 4.95553
13.02900 4.98991
13.03000 5.03980
13.03100 4.96919
13.03200 4.93661
13.03300 5.03216
13.03400 5.11074
13.03500 4.97220
13.03600 4.92870
13.03700 4.97637
13.03800 5.03173
13.03900 5.00415
13.04000 4.96101
13.04100 4.98314
13.04200 4.98935
13.04300 5.05197
13.04400 4.94663
13.04500 5.05374
13.04600 4.96913
13.04700 5.03808
13.04800 5.02808
13.04900 4.97444
13.05000 4.99882
13.05100 4.98765
13.05200 5.00515
13.05300 5.00001
13.05400 5.03278
13.05500 4.92085
13.05600 4.96717
13.05700 5.08042
13.05800 4.95418
13.05900 4.99155
13.06000 4.90601
13.06100 5.10787
13.06200 5.05136
13.06300 5.05348
13.06400 5.03840
13.06500 5.07329
13.06600 5.04352
13.06700 4.92985
13.06800 4.94898
13.06900 4.92322
13.07000 4.95185
13.07100 5.03550
13.07200 4.97993
13.07300 4.99797
13.07400 4.99653
13.07500 5.06369
13.07600 5.02426
13.07700 5.09674
13.07800 5.05511
13.07900 4.96480
13.08000 4.95002
13.08100 4.97255
13.08200 5.01186
13.08300 4.96970
13.08400 4.93751
13.08500 5.03921
13.08600 4.99100
13.08700 5.09042
13.08800 4.98407
13.08900 5.08012
13.09000 4.96927
13.09100 4.90597
13.09200 4.96847
13.09300 5.11046
13.09400 5.05119
13.09500 5.03848
13.09600 5.00699
13.09700 4.96207
13.09800 5.08566
13.09900 5.00059
13.10000 5.00838
13.10100 4.97480
13.10200 4.99489
13.10300 5.00762
13.10400 5.03098
13.10500 5.03568
13.10600 5.00585
13.10700 5.02530
13.10800 4.92740
13.10900 5.00135
13.11000 4.96284
13.11100 4.98420
13.11200 0.28273
13.11300 0.18199
13.11400 0.16222
13.11500 0.22794
13.11600 0.14431
13.11700 0.12838
13.11800 0.22017
13.11900 0.20414
13.12000 0.16097
13.12100 0.14916
13.12200 0.14096
13.12300 0.16709
13.12400 0.32773
13.12500 0.16336
13.12600 0.15261
13.12700 0.20487
13.12800 0.26094
13.12900 0.08969
13.13000 0.15091
13.13100 0.22553
13.13200 4.96976
13.13300 5.01934
13.13400 4.97394
13.13500 4.99642
13.13600 4.95037
13.13700 4.98093
13.13800 5.00533
13.13900 4.99277
13.14000 5.08655
13.14100 5.00458
13.14200 4.95732
13.14300 4.94771
13.14400 4.92937
13.14500 5.00199
13.14600 5.01939
13.14700 5.03020
13.14800 4.89218
13.14900 4.91132
13.15000 5.04147
13.15100 5.13369
13.15200 5.04806
13.15300 5.04029
13.15400 4.97352
13.15500 4.97405
13.15600 5.01827
13.15700 4.95785
13.15800 4.92645
13.15900 5.01057
13.16000 4.93990
13.16100 4.94357
13.16200 4.87789
13.16300 5.02452
13.16400 5.02249
13.16500 5.00008
13.16600 4.95152
13.16700 4.95997
13.16800 4.98239
13.16900 5.00364
13.17000 4.97608
13.17100 4.96847
13.17200 4.97699
13.17300 4.94613
13.17400 4.94228
13.17500 5.00540
13.17600 4.96547
13.17700 5.00019
13.17800 5.02980
13.17900 4.95585
13.18000 5.01205
13.18100 5.01349
13.18200 4.99345
13.18300 5.08962
13.18400 4.98096
13.18500 5.08411
13.18600 5.04980
13.18700 5.00013
13.18800 5.04194
13.18900 4.99435
13.19000 5.08384
13.19100 5.02820
13.19200 5.09223
13.19300 4.96386
13.19400 4.96682
13.19500 5.13146
13.19600 5.00774
13.19700 4.97773
13.19800 4.94595
13.19900 5.01823
13.20000 5.04586
13.20100 5.05662
13.20200 5.00888
13.20300 4.95816
13.20400 5.01634
13.20500 4.98298
13.20600 4.91823
13.20700 5.03071
13.20800 4.95919
13.20900 4.96706
13.21000 5.02999
13.21100 4.99126
13.21200 4.96467
13.21300 4.92578
13.21400 5.09124
13.21500 4.92001
13.21600 5.02132
13.21700 4.99818
13.21800 4.94510
13.21900 4.98870
13.22000 4.99285
13.22100 5.02214
13.22200 5.01167
13.22300 5.06626
13.22400 5.03375
13.22500 4.95092
13.22600 5.06471
13.22700 5.01160
13.22800 4.91658
13.22900 5.07417
13.23000 4.96082
13.23100 4.98482
13.23200 5.01532
13.23300 5.03906
13.23400 5.01128
13.23500 5.08430
13.23600 4.95157
13.23700 4.97942
13.23800 4.98741
13.23900 5.09066
13.24000 5.07965
13.24100 4.93735
13.24200 5.05210
13.24300 4.99201
13.24400 4.86939
13.24500 5.04247
13.24600 4.90999
13.24700 4.89830
13.24800 5.03607
13.24900 5.03265
13.25000 4.98302
13.25100 4.94367
13.25200 4.99963
13.25300 4.95672
13.25400 4.98609
13.25500 4.97276
13.25600 4.99069
13.25700 4.94001
13.25800 4.96117
13.25900 5.02527
13.26000 4.92074
13.26100 5.02436
13.26200 5.00440
13.26300 4.94794
13.26400 4.94290
13.26500 4.95013
13.26600 4.97663
13.26700 4.95791
13.26800 5.04126
13.26900 4.95221
13.27000 5.01301
13.27100 4.96917
13.27200 5.02426
13.27300 5.03142
13.27400 4.94575
13.27500 4.97251
13.27600 5.00412
13.27700 5.04304
13.27800 5.00303
13.27900 5.03132
13.28000 4.98372
13.28100 4.98520
13.28200 4.93686
13.28300 4.90069
13.28400 4.95082
13.28500 5.02786
13.28600 5.01925
13.28700 4.97606
13.28800 5.04932
13.28900 5.02302
13.29000 4.91695
13.29100 5.03832
13.29200 4.99747
13.29300 4.97936
13.29400 4.96483
13.29500 5.01211
13.29600 5.03266
13.29700 4.96672
13.29800 5.01523
13.29900 4.92599
13.30000 4.97550
13.30100 5.03790
13.30200 5.04649
13.30300 4.97309
13.30400 5.04230
13.30500 4.98088
13.30600 4.99894
13.30700 4.96609
13.30800 5.17900
13.30900 4.99130
13.31000 4.98734
13.31100 4.97295
13.31200 5.05902
13.31300 5.09977
13.31400 4.95514
13.31500 5.00878
13.31600 4.97705
13.31700 5.01375
13.31800 4.97863
13.31900 5.09090
13.32000 4.97943
13.32100 5.04935
13.32200 5.05349
13.32300 4.98036
13.32400 5.06930
13.32500 5.00024
13.32600 4.97517
13.32700 4.95449
13.32800 5.01809
13.32900 5.02253
13.33000 4.94263
13.33100 4.99586
13.33200 4.92815
13.33300 4.90258
13.33400 5.06950
13.33500 4.93324
13.33600 4.93190
13.33700 5.01141
13.33800 4.95954
13.33900 4.98138
13.34000 4.97707
13.34100 4.97652
13.34200 5.03711
13.34300 5.03477
13.34400 5.02383
13.34500 5.07359
13.34600 4.95406
13.34700 5.00184
13.34800 5.07784
13.34900 4.99318
13.35000 5.08763
13.35100 5.02232
13.35200 4.92893
13.35300 4.97453
13.35400 5.01763
13.35500 5.01168
13.35600 5.01351
13.35700 5.01372
13.35800 4.94015
13.35900 5.00083
13.36000 5.01954
13.36100 5.01059
13.36200 5.06345
13.36300 4.97100
13.36400 5.09431
13.36500 5.06003
13.36600 5.04239
13.36700 4.97702
13.36800 5.02149
13.36900 5.06998
13.37000 5.04652
13.37100 5.09931
13.37200 4.91512
13.37300 4.96564
13.37400 4.88200
13.37500 4.99464
13.37600 5.02224
13.37700 4.99430
13.37800 5.05369
13.37900 5.05747
13.38000 4.92127
13.38100 4.99961
13.38200 5.00198
13.38300 4.90420
13.38400 5.04402
13.38500 4.97381
13.38600 4.90480
13.38700 4.98723
13.38800 5.01897
13.38900 4.99062
13.39000 5.01392
13.39100 5.01504
13.39200 4.95159
13.39300 5.03120
13.39400 4.92698
13.39500 4.95605
13.39600 4.92504
13.39700 5.04706
13.39800 5.13128
13.39900 4.97070
13.40000 5.05898
13.40100 4.99187
13.40200 4.96430
13.40300 4.97609
13.40400 4.96526
13.40500 4.98129
13.40600 4.95392
13.40700 4.97185
13.40800 4.97593
13.40900 5.05824
13.41000 5.03611
13.41100 5.07209
13.41200 5.12822
13.41300 4.88574
13.41400 4.86496
13.41500 5.02770
13.41600 5.02151
13.41700 4.96364
13.41800 4.99380
13.41900 4.92068
13.42000 4.99304
13.42100 4.95546
13.42200 5.13196
13.42300 4.99863
13.42400 5.03166
13.42500 5.10241
13.42600 5.01300
13.42700 4.98296
13.42800 5.00442
13.42900 4.95446
13.43000 5.06533
13.43100 4.91776
13.43200 4.94277
13.43300 5.06036
13.43400 4.94322
13.43500 4.92998
13.43600 4.97884
13.43700 4.98338
13.43800 5.02155
13.43900 5.00604
13.44000 5.02097
13.44100 5.06146
13.44200 4.94420
13.44300 5.03319
13.44400 5.09276
13.44500 5.02574
13.44600 5.02842
13.44700 5.00010
13.44800 4.98991
13.44900 4.95507
13.45000 4.93746
13.45100 5.04803
13.45200 5.00708
13.45300 5.02965
13.45400 4.96613
13.45500 5.01579
13.45600 5.03409
13.45700 5.00275
13.45800 5.02996
13.45900 4.91976
13.46000 5.00853
13.46100 4.90925
13.46200 4.97638
13.46300 5.01679
13.46400 5.05502
13.46500 5.06417
13.46600 4.99126
13.46700 4.97767
13.46800 5.01733
13.46900 5.05617
13.47000 5.03694
13.47100 5.01307
13.47200 4.98508
13.47300 4.95473
13.47400 4.96995
13.47500 5.01111
13.47600 5.02664
13.47700 4.88474
13.47800 5.01531
13.47900 4.98983
13.48000 5.03513
13.48100 4.99189
13.48200 5.05050
13.48300 4.97580
13.48400 4.96538
13.48500 5.03467
13.48600 4.98567
13.48700 4.97220
13.48800 4.88430
13.48900 4.94769
13.49000 5.11407
13.49100 5.00753
13.49200 5.00320
13.49300 4.95519
13.49400 5.00066
13.49500 4.98984
13.49600 5.03293
13.49700 5.03045
13.49800 4.95502
13.49900 4.94806
13.50000 4.96852
13.50100 5.04356
13.50200 4.96764
13.50300 5.01556
13.50400 5.05244
13.50500 4.93477
13.50600 4.92196
13.50700 4.94736
13.50800 4.96559
13.50900 5.07217
13.51000 4.95891
13.51100 5.01449
13.51200 5.02784
13.51300 5.03300
13.51400 4.93595
13.51500 5.00212
13.51600 4.95063
13.51700 4.93401
13.51800 4.92872
13.51900 4.96962
13.52000 4.98291
13.52100 5.09284
13.52200 5.07171
13.52300 4.89804
13.52400 4.97993
13.52500 5.02846
13.52600 5.04963
13.52700 5.09895
13.52800 5.00427
13.52900 5.03729
13.53000 5.02177
13.53100 5.04708
13.53200 4.95635
13.53300 4.92898
13.53400 5.08056
13.53500 4.93729
13.53600 5.00522
13.53700 4.95570
13.53800 5.00719
13.53900 4.97379
13.54000 5.05532
13.54100 4.96235
13.54200 4.97136
13.54300 4.98762
13.54400 4.95318
13.54500 4.95987
13.54600 5.01300
13.54700 5.02899
13.54800 5.08350
13.54900 4.95542
13.55000 5.06067
13.55100 5.02602
13.55200 5.04020
13.55300 5.04114
13.55400 5.02466
13.55500 5.02722
13.55600 5.08415
13.55700 4.99817
13.55800 5.00588
13.55900 4.99429
13.56000 5.03945
13.56100 5.08493
13.56200 4.91249
13.56300 5.06796
13.56400 5.03440
13.56500 5.10467
13.56600 5.00234
13.56700 4.93881
13.56800 5.05550
13.56900 4.99163
13.57000 5.02268
13.57100 5.03750
13.57200 5.08778
13.57300 4.96604
13.57400 4.88376
13.57500 5.05483
13.57600 4.97622
13.57700 4.98451
13.57800 4.99883
13.57900 4.95430
13.58000 5.01416
13.58100 4.99852
13.58200 5.01527
13.58300 4.89088
13.58400 4.93780
13.58500 5.13071
13.58600 4.92563
13.58700 5.06601
13.58800 5.05178
13.58900 4.97172
13.59000 5.00016
13.59100 4.98927
13.59200 4.90079
13.59300 4.89053
13.59400 5.04160
13.59500 4.97469
13.59600 4.95691
13.59700 4.95252
13.59800 5.03036
13.59900 5.00540
13.60000 5.00134
13.60100 4.99653
13.60200 4.99307
13.60300 4.94309
13.60400 5.01082
13.60500 5.05830
13.60600 4.96517
13.60700 5.00307
13.60800 4.99030
13.60900 4.99531
13.61000 5.02932
13.61100 4.98313
13.61200 4.93021
13.61300 5.04092
13.61400 4.93166
13.61500 4.96239
13.61600 4.98523
13.61700 5.01756
13.61800 4.98059
13.61900 5.02035
13.62000 5.03040
13.62100 4.97626
13.62200 4.95597
13.62300 4.98225
13.62400 4.95880
13.62500 4.98816
13.62600 5.10752
13.62700 4.99303
13.62800 4.94844
13.62900 5.05387
13.63000 5.03058
13.63100 5.05165
13.63200 4.93059
13.63300 4.98579
13.63400 4.97886
13.63500 5.03578
13.63600 4.92486
13.63700 5.05182
13.63800 4.95716
13.63900 5.08686
13.64000 4.98262
13.64100 5.04634
13.64200 5.02586
13.64300 4.96485
13.64400 4.93942
13.64500 4.99885
13.64600 4.99956
13.64700 5.00619
13.64800 4.94702
13.64900 4.95158
13.65000 4.91644
13.65100 4.99730
13.65200 5.05513
13.65300 5.01019
13.65400 4.94957
13.65500 4.98037
13.65600 5.02056
13.65700 5.07141
13.65800 4.93608
13.65900 5.03064
13.66000 4.99157
13.66100 4.97354
13.66200 5.04486
13.66300 5.01336
13.66400 4.96665
13.66500 4.96239
13.66600 5.10754
13.66700 4.95864
13.66800 4.97624
13.66900 5.12426
13.67000 4.98952
13.67100 5.02113
13.67200 5.03098
13.67300 5.02106
13.67400 4.99424
13.67500 5.10387
13.67600 4.95256
13.67700 4.89833
13.67800 5.11719
13.67900 4.96766
13.68000 4.94501
13.68100 5.05810
13.68200 5.05414
13.68300 5.02876
13.68400 5.01142
13.68500 4.96206
13.68600 5.04348
13.68700 5.01965
13.68800 4.94660
13.68900 4.98183
13.69000 4.98265
13.69100 4.97267
13.69200 4.90531
13.69300 4.90619
13.69400 4.99390
13.69500 5.01532
13.69600 4.97820
13.69700 5.05132
13.69800 4.90929
13.69900 4.98799
13.70000 5.03289
13.70100 4.98608
13.70200 4.93619
13.70300 5.04051
13.70400 5.00794
13.70500 4.98709
13.70600 5.07667
13.70700 4.91950
13.70800 4.96366
13.70900 4.98207
13.71000 5.03917
13.71100 4.95858
13.71200 4.99916
13.71300 4.91087
13.71400 4.99775
13.71500 4.95762
13.71600 4.92766
13.71700 4.99416
13.71800 4.95872
13.71900 4.97479
13.72000 4.98326
13.72100 5.00903
13.72200 4.99045
13.72300 4.94972
13.72400 4.98492
13.72500 4.92285
13.72600 4.94824
13.72700 4.96833
13.72800 5.01893
13.72900 5.06993
13.73000 5.11265
13.73100 4.98956
13.73200 4.90402
13.73300 4.97094
13.73400 5.07156
13.73500 5.03971
13.73600 5.01663
13.73700 5.00007
13.73800 5.02660
13.73900 4.92483
13.74000 4.93301
13.74100 5.00588
13.74200 4.96297
13.74300 4.97381
13.74400 5.00668
13.74500 4.95082
13.74600 5.01994
13.74700 4.98727
13.74800 5.00871
13.74900 5.02717
13.75000 4.98975
13.75100 5.00839
13.75200 4.96793
13.75300 4.93633
13.75400 4.96313
13.75500 5.01444
13.75600 4.97634
13.75700 5.01503
13.75800 5.11743
13.75900 4.98417
13.76000 5.01721
13.76100 4.98693
13.76200 5.03615
13.76300 4.99819
13.76400 4.95939
13.76500 4.99918
13.76600 5.00274
13.76700 4.99280
13.76800 4.99595
13.76900 4.99163
13.77000 5.01702
13.77100 4.96747
13.77200 5.03086
13.77300 5.01069
13.77400 4.95289
13.77500 4.94441
13.77600 5.01532
13.77700 5.00123
13.77800 5.03181
13.77900 4.99288
13.78000 4.99292
13.78100 4.92166
13.78200 4.94019
13.78300 5.01614
13.78400 4.98132
13.78500 4.98786
13.78600 5.02266
13.78700 4.94590
13.78800 4.95336
13.78900 4.93188
13.79000 5.00394
13.79100 4.98971
13.79200 4.90750
13.79300 5.11088
13.79400 5.02899
13.79500 5.04799
13.79600 5.00616
13.79700 5.05160
13.79800 4.94988
13.79900 4.93162
13.80000 4.97847
13.80100 4.96107
13.80200 5.00879
13.80300 5.03831
13.80400 4.97434
13.80500 4.99567
13.80600 4.97686
13.80700 4.99454
13.80800 5.04887
13.80900 5.02680
13.81000 5.04348
13.81100 5.11312
13.81200 5.00777
13.81300 5.01634
13.81400 5.02092
13.81500 4.97936
13.81600 5.01603
13.81700 4.93135
13.81800 4.93640
13.81900 4.99959
13.82000 4.99751
13.82100 0.19176
13.82200 0.22917
13.82300 0.22575
13.82400 0.23400
13.82500 0.19880
13.82600 0.17260
13.82700 0.19927
13.82800 0.11594
13.82900 0.16737
13.83000 0.17961
13.83100 0.13186
13.83200 0.15501
13.83300 0.15985
13.83400 0.11980
13.83500 0.21220
13.83600 0.17507
13.83700 0.25123
13.83800 0.15852
13.83900 0.25565
13.84000 0.16374
13.84100 4.98870
13.84200 4.92659
13.84300 4.90139
13.84400 5.03593
13.84500 4.97378
13.84600 4.95892
13.84700 5.01312
13.84800 4.91825
13.84900 5.01843
13.85000 5.00370
13.85100 5.00468
13.85200 4.94372
13.85300 4.92606
13.85400 5.01391
13.85500 5.04149
13.85600 5.02523
13.85700 5.03935
13.85800 5.00371
13.85900 4.96835
13.86000 5.05347
13.86100 5.02431
13.86200 5.06165
13.86300 4.96485
13.86400 5.00443
13.86500 5.04590
13.86600 4.95133
13.86700 5.02911
13.86800 4.99070
13.86900 4.93125
13.87000 4.90397
13.87100 5.02518
13.87200 4.93113
13.87300 5.04186
13.87400 5.00322
13.87500 4.97669
13.87600 5.03414
13.87700 5.02371
13.87800 4.98993
13.87900 4.95505
13.88000 4.91373
13.88100 5.00645
13.88200 4.95484
13.88300 4.92949
13.88400 5.00050
13.88500 4.94365
13.88600 5.08067
13.88700 4.87686
13.88800 5.03849
13.88900 4.96364
13.89000 4.88049
13.89100 5.04346
13.89200 4.94268
13.89300 5.12353
13.89400 4.91911
13.89500 4.96969
13.89600 5.04837
13.89700 4.95820
13.89800 5.12734
13.89900 5.01700
13.90000 4.92814
13.90100 4.99965
13.90200 4.94132
13.90300 5.05586
13.90400 5.05792
13.90500 5.02889
13.90600 4.94190
13.90700 4.99521
13.90800 5.06885
13.90900 4.96332
13.91000 4.93560
13.91100 4.94526
13.91200 5.04992
13.91300 5.05780
13.91400 4.92542
13.91500 4.94150
13.91600 4.92656
13.91700 5.03198
13.91800 4.95833
13.91900 5.02941
13.92000 5.03014
13.92100 4.98656
13.92200 5.08173
13.92300 4.96564
13.92400 5.04591
13.92500 4.96756
13.92600 4.96946
13.92700 4.95979
13.92800 5.05943
13.92900 5.03834
13.93000 5.03210
13.93100 5.02341
13.93200 4.98690
13.93300 5.05839
13.93400 5.04131
13.93500 5.00753
13.93600 5.14288
13.93700 5.01081
13.93800 4.94546
13.93900 4.96624
13.94000 5.04556
13.94100 5.06961
13.94200 5.08648
13.94300 5.05729
13.94400 4.96864
13.94500 5.00147
13.94600 5.07410
13.94700 4.99019
13.94800 5.05793
13.94900 5.07925
13.95000 5.05507
13.95100 5.07620
13.95200 5.01372
13.95300 5.04433
13.95400 4.87618
13.95500 5.05190
13.95600 5.06141
13.95700 4.99009
13.95800 5.05524
13.95900 5.06978
13.96000 5.01616
13.96100 5.01965
13.96200 4.96982
13.96300 4.99459
13.96400 4.98166
13.96500 4.98992
13.96600 4.95265
13.96700 5.04972
13.96800 5.02568
13.96900 4.96121
13.97000 5.00059
13.97100 5.01732
13.97200 5.01834
13.97300 4.97456
13.97400 4.99445
13.97500 5.01758
13.97600 4.98285
13.97700 4.95930
13.97800 4.97457
13.97900 5.03659
13.98000 4.99798
13.98100 5.01083
13.98200 5.03088
13.98300 4.99572
13.98400 5.01458
13.98500 4.95478
13.98600 4.92002
13.98700 5.05140
13.98800 4.93372
13.98900 4.94697
13.99000 4.99877
13.99100 5.03602
13.99200 4.98132
13.99300 4.98675
13.99400 4.99344
13.99500 4.95045
13.99600 5.05441
13.99700 5.08284
13.99800 5.00576
13.99900 4.99241
14.00000 5.01931
14.00100 5.00728
14.00200 4.96833
14.00300 4.99449
14.00400 5.01135
14.00500 5.02993
14.00600 4.91302
14.00700 4.96789
14.00800 4.99462
14.00900 4.96613
14.01000 5.04159
14.01100 5.01279
14.01200 4.93352
14.01300 5.04721
14.01400 4.94339
14.01500 5.00458
14.01600 5.00708
14.01700 5.02705
14.01800 4.97035
14.01900 4.96875
14.02000 5.01230
14.02100 4.95745
14.02200 4.96215
14.02300 5.02521
14.02400 4.89500
14.02500 5.05361
14.02600 4.94602
14.02700 5.04208
14.02800 4.98353
14.02900 4.97244
14.03000 4.91818
14.03100 5.03751
14.03200 4.91102
14.03300 4.94913
14.03400 4.96246
14.03500 4.87960
14.03600 5.02997
14.03700 5.05034
14.03800 5.00975
14.03900 4.96591
14.04000 5.07969
14.04100 5.00333
14.04200 5.00660
14.04300 5.01027
14.04400 4.97202
14.04500 5.00174
14.04600 4.90235
14.04700 5.00145
14.04800 4.93907
14.04900 5.05322
14.05000 5.00128
14.05100 5.02152
14.05200 4.96811
14.05300 5.03852
14.05400 4.99821
14.05500 4.98891
14.05600 5.01838
14.05700 4.95765
14.05800 5.08776
14.05900 4.93568
14.06000 5.00039
14.06100 5.03096
14.06200 5.06894
14.06300 4.93782
14.06400 4.91664
14.06500 4.96846
14.06600 5.04851
14.06700 4.97852
14.06800 5.00208
14.06900 4.98428
14.07000 4.99917
14.07100 4.97934
14.07200 5.03525
14.07300 4.95999
14.07400 5.10555
14.07500 4.94377
14.07600 4.99577
14.07700 5.00653
14.07800 4.98545
14.07900 4.96267
14.08000 5.07789
14.08100 4.94198
14.08200 4.84890
14.08300 5.06325
14.08400 4.97989
14.08500 5.03903
14.08600 5.05722
14.08700 5.05894
14.08800 4.97727
14.08900 4.93106
14.09000 4.99672
14.09100 5.04837
14.09200 5.07269
14.09300 4.89499
14.09400 5.03630
14.09500 5.09388
14.09600 5.10596
14.09700 5.10316
14.09800 4.97248
14.09900 4.94819
14.10000 5.00055
14.10100 5.01687
14.10200 4.98277
14.10300 4.97715
14.10400 5.02879
14.10500 4.99523
14.10600 5.00984
14.10700 5.07693
14.10800 5.02999
14.10900 4.95071
14.11000 5.11198
14.11100 5.01406
14.11200 5.06068
14.11300 4.97435
14.11400 4.93777
14.11500 5.05563
14.11600 4.96186
14.11700 4.98539
14.11800 4.97656
14.11900 5.03482
14.12000 5.02111
14.12100 4.96958
14.12200 4.95406
14.12300 4.95718
14.12400 5.13074
14.12500 5.04013
14.12600 4.96719
14.12700 5.00282
14.12800 4.98983
14.12900 4.99500
14.13000 5.01859
14.13100 4.98668
14.13200 4.93104
14.13300 5.00526
14.13400 5.09860
14.13500 5.04997
14.13600 5.04399
14.13700 5.01578
14.13800 5.00758
14.13900 5.00181
14.14000 5.04099
14.14100 5.02318
14.14200 4.98818
14.14300 4.98237
14.14400 4.98828
14.14500 4.99559
14.14600 5.02565
14.14700 4.95708
14.14800 5.05439
14.14900 5.06840
14.15000 5.00966
14.15100 5.09745
14.15200 4.95334
14.15300 4.88559
14.15400 4.96629
14.15500 4.99363
14.15600 4.91848
14.15700 5.06290
14.15800 4.94232
14.15900 4.87627
14.16000 5.08308
14.16100 4.94616
14.16200 4.99648
14.16300 5.02144
14.16400 4.91737
14.16500 4.98447
14.16600 4.88912
14.16700 4.98775
14.16800 5.00359
14.16900 4.96768
14.17000 5.00134
14.17100 4.93808
14.17200 4.91776
14.17300 5.01717
14.17400 5.02452
14.17500 5.00215
14.17600 4.95183
14.17700 4.95075
14.17800 5.00172
14.17900 4.99785
14.18000 4.94873
14.18100 4.91913
14.18200 5.01717
14.18300 5.06488
14.18400 5.06791
14.18500 4.98886
14.18600 4.94738
14.18700 4.98740
14.18800 4.88801
14.18900 4.98708
14.19000 4.94944
14.19100 4.95802
14.19200 4.93550
14.19300 5.04641
14.19400 4.90041
14.19500 4.99158
14.19600 4.94088
14.19700 4.95196
14.19800 5.02043
14.19900 5.00034
14.20000 4.95993
14.20100 5.03455
14.20200 4.98243
14.20300 5.00514
14.20400 4.99841
14.20500 4.97023
14.20600 4.99646
14.20700 4.98866
14.20800 5.00034
14.20900 4.96168
14.21000 5.04917
14.21100 5.03132
14.21200 4.97784
14.21300 5.04446
14.21400 4.97804
14.21500 4.95777
14.21600 5.00171
14.21700 4.98758
14.21800 4.96128
14.21900 5.00064
14.22000 4.99188
14.22100 4.94455
14.22200 4.96891
14.22300 5.09091
14.22400 4.98840
14.22500 5.00576
14.22600 4.93663
14.22700 5.05219
14.22800 4.97520
14.22900 4.95521
14.23000 4.96412
14.23100 5.03704
14.23200 4.96598
14.23300 4.92142
14.23400 5.04733
14.23500 4.97958
14.23600 4.89105
14.23700 5.02184
14.23800 4.98636
14.23900 4.96780
14.24000 4.93107
14.24100 5.02859
14.24200 5.03044
14.24300 4.96924
14.24400 5.01823
14.24500 5.05767
14.24600 5.04913
14.24700 5.01767
14.24800 4.93906
14.24900 5.00491
14.25000 4.96771
14.25100 5.03781
14.25200 5.05780
14.25300 4.99210
14.25400 5.05961
14.25500 5.10136
14.25600 5.00416
14.25700 5.01205
14.25800 4.98559
14.25900 5.05072
14.26000 4.97243
14.26100 4.92807
14.26200 5.07542
14.26300 4.96767
14.26400 5.06520
14.26500 5.02012
14.26600 5.01701
14.26700 5.08027
14.26800 4.98671
14.26900 5.06804
14.27000 5.09291
14.27100 4.95300
14.27200 5.12725
14.27300 5.02626
14.27400 5.06466
14.27500 4.93463
14.27600 4.95312
14.27700 5.02282
14.27800 4.91006
14.27900 4.96074
14.28000 4.97859
14.28100 5.16237
14.28200 4.99200
14.28300 4.95865
14.28400 4.90935
14.28500 4.96704
14.28600 4.97428
14.28700 4.91161
14.28800 5.04367
14.28900 5.04077
14.29000 4.97151
14.29100 4.99617
14.29200 5.14085
14.29300 4.93443
14.29400 5.08838
14.29500 4.97755
14.29600 4.95558
14.29700 4.90176
14.29800 5.04248
14.29900 4.94913
14.30000 4.99799
14.30100 4.99804
14.30200 4.94540
14.30300 4.95612
14.30400 4.91361
14.30500 5.10344
14.30600 4.96129
14.30700 5.02673
14.30800 5.00599
14.30900 5.01513
14.31000 5.08957
14.31100 4.93592
14.31200 4.95814
14.31300 4.93940
14.31400 5.08223
14.31500 4.94444
14.31600 4.98413
14.31700 5.07364
14.31800 4.95954
14.31900 5.00416
14.32000 4.98677
14.32100 4.90889
14.32200 5.03161
14.32300 5.00541
14.32400 4.94039
14.32500 4.99442
14.32600 4.94999
14.32700 5.04476
14.32800 5.03116
14.32900 4.95612
14.33000 4.87145
14.33100 5.00881
14.33200 5.05147
14.33300 5.01370
14.33400 5.04222
14.33500 5.00358
14.33600 4.96298
14.33700 4.96961
14.33800 5.00385
14.33900 5.05823
14.34000 5.02238
14.34100 5.01010
14.34200 5.05895
14.34300 5.00273
14.34400 5.02724
14.34500 5.07176
14.34600 4.96676
14.34700 4.96406
14.34800 5.04304
14.34900 4.97546
14.35000 4.93511
14.35100 4.99401
14.35200 5.07812
14.35300 4.94486
14.35400 4.95220
14.35500 5.01317
14.35600 5.01242
14.35700 4.97995
14.35800 5.00237
14.35900 4.95084
14.36000 5.09583
14.36100 5.01293
14.36200 4.93983
14.36300 5.09437
14.36400 5.05897
14.36500 5.00158
14.36600 5.03291
14.36700 5.04785
14.36800 4.97758
14.36900 4.99868
14.37000 5.04420
14.37100 4.95759
14.37200 4.95664
14.37300 4.94937
14.37400 5.00289
14.37500 4.95608
14.37600 4.99766
14.37700 4.99700
14.37800 5.04074
14.37900 4.88592
14.38000 5.06602
14.38100 5.08356
14.38200 5.03426
14.38300 4.89776
14.38400 5.01791
14.38500 5.00438
14.38600 4.88105
14.38700 4.94888
14.38800 5.00905
14.38900 4.86424
14.39000 5.04088
14.39100 4.98232
14.39200 5.07998
14.39300 5.01678
14.39400 4.95763
14.39500 5.02797
14.39600 4.94256
14.39700 4.94473
14.39800 5.06816
14.39900 5.02461
14.40000 4.98934
14.40100 4.97708
14.40200 5.06580
14.40300 4.95406
14.40400 5.01431
14.40500 5.01749
14.40600 5.12423
14.40700 4.97800
14.40800 5.10417
14.40900 5.07877
14.41000 4.95944
14.41100 4.98057
14.41200 5.00037
14.41300 4.98281
14.41400 4.98498
14.41500 5.02285
14.41600 4.90184
14.41700 4.91971
14.41800 5.04724
14.41900 5.09353
14.42000 4.94291
14.42100 4.97941
14.42200 4.98281
14.42300 4.94267
14.42400 5.05678
14.42500 5.10936
14.42600 4.97567
14.42700 5.01311
14.42800 4.98442
14.42900 5.00992
14.43000 4.90393
14.43100 5.07995
14.43200 5.00947
14.43300 5.01799
14.43400 5.00282
14.43500 5.09433
14.43600 4.94935
14.43700 4.94292
14.43800 4.94785
14.43900 5.03646
14.44000 5.07578
14.44100 5.07816
14.44200 5.06510
14.44300 4.89280
14.44400 5.06827
14.44500 5.05900
14.44600 5.01424
14.44700 4.95719
14.44800 4.93786
14.44900 5.02505
14.45000 4.99821
14.45100 4.92653
14.45200 5.01903
14.45300 5.05067
14.45400 4.93390
14.45500 4.98060
14.45600 4.94055
14.45700 5.01950
14.45800 4.97371
14.45900 4.99397
14.46000 4.97892
14.46100 5.03198
14.46200 5.04188
14.46300 5.05773
14.46400 4.98716
14.46500 4.99865
14.46600 4.98863
14.46700 4.99095
14.46800 4.99963
14.46900 4.93015
14.47000 4.93536
14.47100 5.00887
14.47200 4.88597
14.47300 4.94908
14.47400 5.02566
14.47500 5.00350
14.47600 5.02973
14.47700 4.97250
14.47800 5.01013
14.47900 4.95568
14.48000 5.02619
14.48100 5.02028
14.48200 4.96881
14.48300 4.92669
14.48400 4.94081
14.48500 5.00883
14.48600 5.01087
14.48700 4.98899
14.48800 4.97176
14.48900 4.97175
14.49000 4.95237
14.49100 4.90686
14.49200 5.04651
14.49300 5.02829
14.49400 5.03996
14.49500 4.94848
14.49600 5.08201
14.49700 5.00314
14.49800 5.02620
14.49900 4.95510
14.50000 4.95779
14.50100 5.01438
14.50200 5.00218
14.50300 4.98095
14.50400 5.03273
14.50500 4.92947
14.50600 4.97597
14.50700 5.04865
14.50800 5.01903
14.50900 5.05421
14.51000 4.97966
14.51100 5.03087
14.51200 5.04051
14.51300 4.96243
14.51400 5.00361
14.51500 5.04359
14.51600 5.04586
14.51700 5.04201
14.51800 4.88083
14.51900 5.01154
14.52000 5.03988
14.52100 4.92502
14.52200 5.00656
14.52300 5.02678
14.52400 5.05242
14.52500 4.99149
14.52600 4.99740
14.52700 5.03511
14.52800 4.98494
14.52900 5.04608
14.53000 0.22057
14.53100 0.21816
14.53200 0.17491
14.53300 0.20482
14.53400 0.19101
14.53500 0.25651
14.53600 0.16034
14.53700 0.13935
14.53800 0.15935
14.53900 0.26750
14.54000 0.22749
14.54100 0.23150
14.54200 0.17635
14.54300 0.23977
14.54400 0.21751
14.54500 0.12944
14.54600 0.17919
14.54700 0.21592
14.54800 0.22323
14.54900 0.15064
14.55000 4.92382
14.55100 5.01525
14.55200 5.06699
14.55300 4.98192
14.55400 5.02545
14.55500 5.06683
14.55600 4.96016
14.55700 4.98718
14.55800 5.03354
14.55900 5.02316
14.56000 4.98574
14.56100 5.00512
14.56200 5.00331
14.56300 4.91295
14.56400 4.96810
14.56500 5.08201
14.56600 5.01276
14.56700 4.96700
14.56800 4.97779
14.56900 5.03861
14.57000 5.02217
14.57100 4.99580
14.57200 5.02926
14.57300 4.98813
14.57400 5.04967
14.57500 5.04202
14.57600 4.99029
14.57700 5.07458
14.57800 4.95501
14.57900 5.04534
14.58000 5.07710
14.58100 4.97795
14.58200 4.95508
14.58300 4.92919
14.58400 4.94447
14.58500 4.97547
14.58600 4.95087
14.58700 4.96784
14.58800 5.07480
14.58900 4.95878
14.59000 5.01039
14.59100 5.04617
14.59200 4.98891
14.59300 4.97258
14.59400 5.04169
14.59500 5.06302
14.59600 4.96503
14.59700 4.95756
14.59800 5.10020
14.59900 5.00879
14.60000 5.08708
14.60100 4.97575
14.60200 5.00632
14.60300 4.95251
14.60400 4.95361
14.60500 4.98764
14.60600 4.94855
14.60700 5.05504
14.60800 5.09495
14.60900 4.99888
14.61000 4.99488
14.61100 5.02667
14.61200 4.95182
14.61300 4.96533
14.61400 5.04714
14.61500 4.94535
14.61600 5.07565
14.61700 5.01752
14.61800 4.91818
14.61900 5.08223
14.62000 5.01725
14.62100 4.93365
14.62200 4.96630
14.62300 4.96836
14.62400 4.84267
14.62500 5.08259
14.62600 4.98577
14.62700 5.06450
14.62800 4.97653
14.62900 4.98991
14.63000 4.98286
14.63100 5.00461
14.63200 5.04622
14.63300 4.96717
14.63400 4.98465
14.63500 4.90489
14.63600 4.89999
14.63700 5.05945
14.63800 4.98603
14.63900 4.90918
14.64000 5.02415
14.64100 5.01845
14.64200 5.00119
14.64300 4.96650
14.64400 4.96579
14.64500 4.98289
14.64600 5.14802
14.64700 4.96722
14.64800 4.95843
14.64900 5.04055
14.65000 5.06852
14.65100 5.01805
14.65200 4.97643
14.65300 4.99025
14.65400 4.97031
14.65500 4.95848
14.65600 5.02724
14.65700 5.05305
14.65800 4.98715
14.65900 5.03845
14.66000 5.02745
14.66100 4.99357
14.66200 5.06400
14.66300 5.05069
14.66400 4.95189
14.66500 5.04728
14.66600 5.01740
14.66700 5.03156
14.66800 4.92112
14.66900 4.93540
14.67000 4.96224
14.67100 5.04234
14.67200 5.04692
14.67300 4.92641
14.67400 5.04399
14.67500 5.03342
14.67600 4.99413
14.67700 5.14027
14.67800 4.93703
14.67900 4.95717
14.68000 4.97945
14.68100 5.01845
14.68200 4.91199
14.68300 4.93777
14.68400 5.01336
14.68500 4.92081
14.68600 4.98122
14.68700 5.05469
14.68800 4.92819
14.68900 4.94023
14.69000 5.02320
14.69100 5.06766
14.69200 5.06064
14.69300 4.95345
14.69400 5.06934
14.69500 5.03963
14.69600 4.96976
14.69700 4.99625
14.69800 5.01327
14.69900 4.95533
14.70000 5.02916
14.70100 4.98970
14.70200 5.03314
14.70300 5.02646
14.70400 4.99516
14.70500 5.00553
14.70600 5.06943
14.70700 5.02032
14.70800 4.98837
14.70900 5.03371
14.71000 4.96282
14.71100 5.02887
14.71200 5.06542
14.71300 5.08075
14.71400 4.99781
14.71500 5.01891
14.71600 5.04083
14.71700 4.88308
14.71800 4.90482
14.71900 4.97500
14.72000 4.98730
14.72100 5.07825
14.72200 5.09471
14.72300 5.00912
14.72400 5.00418
14.72500 4.97716
14.72600 5.00958
14.72700 4.95286
14.72800 4.99315
14.72900 5.01938
14.73000 4.95183
14.73100 4.98687
14.73200 4.97286
14.73300 4.99945
14.73400 5.01646
14.73500 5.04083
14.73600 5.03333
14.73700 4.96449
14.73800 5.00954
14.73900 5.01767
14.74000 5.01957
14.74100 5.02487
14.74200 4.97884
14.74300 5.00367
14.74400 4.91206
14.74500 5.03012
14.74600 5.02377
14.74700 5.00528
14.74800 5.05225
14.74900 4.97931
14.75000 4.99555
14.75100 5.06239
14.75200 5.05928
14.75300 5.03380
14.75400 4.98907
14.75500 5.06690
14.75600 5.04111
14.75700 4.93281
14.75800 4.88900
14.75900 5.00495
14.76000 5.10079
14.76100 5.04125
14.76200 4.87451
14.76300 4.95956
14.76400 4.98448
14.76500 4.93269
14.76600 5.08168
14.76700 5.00913
14.76800 5.00441
14.76900 5.04357
14.77000 5.01346
14.77100 4.94768
14.77200 4.98120
14.77300 5.00678
14.77400 5.01648
14.77500 4.96667
14.77600 5.06597
14.77700 5.11594
14.77800 5.00373
14.77900 5.00506
14.78000 5.00658
14.78100 5.03247
14.78200 5.01721
14.78300 4.87131
14.78400 5.11308
14.78500 5.01991
14.78600 4.85151
14.78700 4.91617
14.78800 4.90810
14.78900 5.10375
14.79000 4.96050
14.79100 4.99018
14.79200 5.02675
14.79300 4.94235
14.79400 5.00517
14.79500 4.96168
14.79600 5.00285
14.79700 4.99750
14.79800 5.05496
14.79900 4.93612
14.80000 5.04925
14.80100 5.02648
14.80200 5.04425
14.80300 4.98164
14.80400 4.97192
14.80500 5.00001
14.80600 4.97879
14.80700 5.03131
14.80800 4.94110
14.80900 5.04026
14.81000 5.01398
14.81100 4.92538
14.81200 5.03954
14.81300 5.05526
14.81400 5.00109
14.81500 4.94382
14.81600 4.92745
14.81700 4.98016
14.81800 5.00914
14.81900 4.99896
14.82000 4.99350
14.82100 4.93130
14.82200 4.97158
14.82300 4.95854
14.82400 4.94554
14.82500 4.96723
14.82600 5.12382
14.82700 4.90550
14.82800 5.00362
14.82900 5.00143
14.83000 4.93364
14.83100 5.08031
14.83200 4.97951
14.83300 4.96531
14.83400 4.97672
14.83500 5.00477
14.83600 4.99125
14.83700 4.92103
14.83800 5.04360
14.83900 4.99920
14.84000 5.06811
14.84100 5.06270
14.84200 4.96344
14.84300 4.94774
14.84400 5.05124
14.84500 4.97296
14.84600 4.95797
14.84700 4.95739
14.84800 4.97019
14.84900 4.92988
14.85000 4.95444
14.85100 5.02299
14.85200 5.06559
14.85300 4.95237
14.85400 5.03633
14.85500 5.02131
14.85600 4.98609
14.85700 5.07744
14.85800 5.07908
14.85900 5.03207
14.86000 4.93082
14.86100 4.94558
14.86200 5.06841
14.86300 4.99615
14.86400 5.02267
14.86500 5.10017
14.86600 5.05223
14.86700 5.01281
14.86800 5.06444
14.86900 5.05046
14.87000 5.00265
14.87100 4.93447
14.87200 5.08725
14.87300 4.94805
14.87400 4.99511
14.87500 5.04046
14.87600 5.05371
14.87700 5.06237
14.87800 4.96799
14.87900 4.99311
14.88000 4.99940
14.88100 4.91449
14.88200 4.95201
14.88300 4.93938
14.88400 4.96371
14.88500 5.00546
14.88600 4.97683
14.88700 4.98237
14.88800 4.94775
14.88900 4.96733
14.89000 4.95482
14.89100 5.00289
14.89200 5.04653
14.89300 4.94538
14.89400 4.96316
14.89500 4.99111
14.89600 4.95800
14.89700 5.01715
14.89800 5.07468
14.89900 5.00160
14.90000 5.05090
14.90100 5.09798
14.90200 5.07180
14.90300 4.93797
14.90400 5.01087
14.90500 5.01374
14.90600 4.99034
14.90700 5.01014
14.90800 4.98301
14.90900 4.92312
14.91000 4.91736
14.91100 4.89701
14.91200 5.02422
14.91300 4.94134
14.91400 5.04504
14.91500 4.97199
14.91600 5.01509
14.91700 5.10842
14.91800 4.93593
14.91900 5.02452
14.92000 4.99065
14.92100 4.99871
14.92200 4.99762
14.92300 5.03650
14.92400 5.00490
14.92500 5.03770
14.92600 4.93651
14.92700 5.06040
14.92800 4.99588
14.92900 4.93998
14.93000 5.00981
14.93100 5.05500
14.93200 5.02158
14.93300 5.01464
14.93400 5.02914
14.93500 5.04731
14.93600 4.96918
14.93700 5.03286
14.93800 4.96864
14.93900 5.05959
14.94000 4.96664
14.94100 5.07131
14.94200 4.99322
14.94300 4.98659
14.94400 4.96547
14.94500 4.91938
14.94600 4.94042
14.94700 5.06909
14.94800 4.96214
14.94900 5.01079
14.95000 4.97927
14.95100 4.94397
14.95200 4.90593
14.95300 5.00662
14.95400 5.02582
14.95500 4.94220
14.95600 4.90282
14.95700 5.11692
14.95800 4.96795
14.95900 4.94496
14.96000 4.97331
14.96100 5.00831
14.96200 5.04023
14.96300 5.09831
14.96400 5.01348
14.96500 4.95011
14.96600 5.01025
14.96700 5.06392
14.96800 4.97426
14.96900 5.04441
14.97000 4.93432
14.97100 5.02585
14.97200 5.02345
14.97300 5.07428
14.97400 4.97625
14.97500 5.01265
14.97600 5.08936
14.97700 5.05593
14.97800 4.98029
14.97900 4.96841
14.98000 4.98943
14.98100 4.99109
14.98200 4.97380
14.98300 5.04982
14.98400 5.00965
14.98500 5.09150
14.98600 4.96931
14.98700 5.05222
14.98800 5.03669
14.98900 5.01747
14.99000 4.99844
14.99100 5.06747
14.99200 4.92635
14.99300 4.93508
14.99400 5.01791
14.99500 5.15725
14.99600 5.05848
14.99700 4.95074
14.99800 5.09428
14.99900 5.03742
15.00000 4.95935
15.00100 4.92422
15.00200 5.00275
15.00300 4.98300
15.00400 5.04310
15.00500 4.94542
15.00600 5.02733
15.00700 5.05470
15.00800 4.97242
15.00900 4.94594
15.01000 5.06419
15.01100 4.96507
15.01200 5.04138
15.01300 5.10136
15.01400 5.00982
15.01500 5.04337
15.01600 5.02686
15.01700 5.00768
15.01800 5.04976
15.01900 5.09548
15.02000 5.02298
15.02100 5.05080
15.02200 4.99057
15.02300 5.00847
15.02400 5.03255
15.02500 5.01489
15.02600 5.01554
15.02700 4.96088
15.02800 5.03368
15.02900 5.02992
15.03000 5.06931
15.03100 4.97195
15.03200 4.97602
15.03300 5.02697
15.03400 5.00562
15.03500 5.00867
15.03600 5.00719
15.03700 4.95152
15.03800 4.99627
15.03900 4.95882
15.04000 5.01837
15.04100 4.96383
15.04200 5.04408
15.04300 4.95353
15.04400 5.04649
15.04500 4.99222
15.04600 5.00797
15.04700 4.95743
15.04800 4.97688
15.04900 4.89210
15.05000 5.01347
15.05100 5.03829
15.05200 4.98727
15.05300 4.90622
15.05400 4.96412
15.05500 5.06577
15.05600 5.04004
15.05700 4.98456
15.05800 4.92374
15.05900 5.06362
15.06000 5.03669
15.06100 4.93602
15.06200 5.01128
15.06300 5.02650
15.06400 5.04965
15.06500 4.99337
15.06600 4.99815
15.06700 5.08171
15.06800 5.04678
15.06900 4.92528
15.07000 4.98804
15.07100 5.03017
15.07200 4.97640
15.07300 4.95510
15.07400 4.97449
15.07500 4.97703
15.07600 4.98688
15.07700 4.96919
15.07800 4.89938
15.07900 5.07051
15.08000 5.00028
15.08100 5.00976
15.08200 4.97905
15.08300 4.89414
15.08400 4.98812
15.08500 4.99385
15.08600 5.01673
15.08700 5.06203
15.08800 4.98962
15.08900 5.08766
15.09000 4.96389
15.09100 5.02541
15.09200 4.88398
15.09300 5.08546
15.09400 5.00223
15.09500 4.95830
15.09600 4.98682
15.09700 4.99670
15.09800 5.12017
15.09900 5.00784
15.10000 4.97992
15.10100 5.06336
15.10200 4.98345
15.10300 4.98680
15.10400 5.04354
15.10500 4.98582
15.10600 5.00184
15.10700 5.03103
15.10800 4.96157
15.10900 5.03320
15.11000 5.01865
15.11100 4.98150
15.11200 4.98862
15.11300 5.00178
15.11400 4.94573
15.11500 4.96947
15.11600 5.01817
15.11700 5.03622
15.11800 4.95704
15.11900 5.02386
15.12000 4.99125
15.12100 4.95930
15.12200 5.01758
15.12300 4.95871
15.12400 5.11119
15.12500 4.98840
15.12600 5.00529
15.12700 4.93432
15.12800 4.98243
15.12900 5.01069
15.13000 5.08210
15.13100 4.98445
15.13200 5.06431
15.13300 4.92008
15.13400 4.98656
15.13500 5.01979
15.13600 5.00181
15.13700 4.99328
15.13800 5.03427
15.13900 4.90399
15.14000 4.95462
15.14100 5.10332
15.14200 5.07984
15.14300 5.03509
15.14400 4.91951
15.14500 5.03879
15.14600 4.92177
15.14700 5.03573
15.14800 5.00410
15.14900 4.95383
15.15000 5.08602
15.15100 5.01971
15.15200 5.02786
15.15300 5.00486
15.15400 4.94883
15.15500 4.95464
15.15600 5.01254
15.15700 5.03387
15.15800 5.06339
15.15900 5.04971
15.16000 4.99426
15.16100 4.91773
15.16200 5.01371
15.16300 4.97844
15.16400 4.97730
15.16500 5.02963
15.16600 5.02003
15.16700 5.06209
15.16800 5.00467
15.16900 5.03789
15.17000 5.09165
15.17100 5.08376
15.17200 4.97498
15.17300 4.99086
15.17400 4.93774
15.17500 4.98815
15.17600 4.89985
15.17700 4.90605
15.17800 5.00946
15.17900 5.03939
15.18000 5.05491
15.18100 4.98558
15.18200 4.99931
15.18300 5.04099
15.18400 5.09269
15.18500 4.93928
15.18600 4.92629
15.18700 4.97848
15.18800 4.89294
15.18900 4.98986
15.19000 5.00859
15.19100 4.98086
15.19200 4.97036
15.19300 4.97165
15.19400 4.99999
15.19500 5.01894
15.19600 4.97600
15.19700 4.99169
15.19800 5.00715
15.19900 5.04849
15.20000 4.98212
15.20100 4.99592
15.20200 5.12046
15.20300 4.96860
15.20400 4.95551
15.20500 5.01459
15.20600 5.07652
15.20700 4.97942
15.20800 5.04438
15.20900 4.99800
15.21000 5.02355
15.21100 4.90147
15.21200 5.03283
15.21300 5.09217
15.21400 5.03833
15.21500 4.97712
15.21600 5.05888
15.21700 4.96949
15.21800 4.97962
15.21900 5.02162
15.22000 5.02745
15.22100 4.99543
15.22200 5.08017
15.22300 5.01924
15.22400 4.92579
15.22500 5.08596
15.22600 5.03926
15.22700 4.97060
15.22800 4.92534
15.22900 5.02438
15.23000 5.04932
15.23100 5.07703
15.23200 5.04583
15.23300 4.95948
15.23400 4.95093
15.23500 5.02498
15.23600 5.06207
15.23700 4.99406
15.23800 5.02743
15.23900 0.29917
15.24000 0.16173
15.24100 0.19522
15.24200 0.32059
15.24300 0.22289
15.24400 0.21554
15.24500 0.18889
15.24600 0.14658
15.24700 0.12469
15.24800 0.14844
15.24900 0.21832
15.25000 0.24253
15.25100 0.16419
15.25200 0.21138
15.25300 0.20689
15.25400 0.15483
15.25500 0.18002
15.25600 0.24458
15.25700 0.19417
15.25800 0.16020
15.25900 5.03127
15.26000 4.98315
15.26100 4.97413
15.26200 4.99541
15.26300 5.01484
15.26400 4.94664
15.26500 5.06962
15.26600 4.99561
15.26700 4.96418
15.26800 5.01451
15.26900 5.10570
15.27000 4.97389
15.27100 5.02851
15.27200 5.02337
15.27300 4.96018
15.27400 4.97732
15.27500 4.99514
15.27600 4.97066
15.27700 4.97082
15.27800 5.02938
15.27900 5.05200
15.28000 4.91991
15.28100 4.98531
15.28200 5.09290
15.28300 4.97457
15.28400 4.99467
15.28500 4.97957
15.28600 5.05141
15.28700 5.05518
15.28800 5.02746
15.28900 5.04813
15.29000 5.06118
15.29100 5.02337
15.29200 4.99648
15.29300 4.95257
15.29400 4.94452
15.29500 4.93028
15.29600 5.01964
15.29700 4.97917
15.29800 5.01832
15.29900 5.01755
15.30000 5.12155
15.30100 4.99015
15.30200 4.96472
15.30300 5.02031
15.30400 4.98557
15.30500 5.00845
15.30600 4.96580
15.30700 5.07311
15.30800 5.02097
15.30900 5.01473
15.31000 5.01212
15.31100 4.97854
15.31200 4.94272
15.31300 4.95464
15.31400 4.98093
15.31500 5.05447
15.31600 5.05143
15.31700 4.92827
15.31800 5.06047
15.31900 5.10475
15.32000 4.98132
15.32100 5.02002
15.32200 5.03048
15.32300 5.03268
15.32400 4.96038
15.32500 4.98845
15.32600 5.01225
15.32700 4.97737
15.32800 4.96684
15.32900 5.01491
15.33000 5.05390
15.33100 4.87123
15.33200 4.96881
15.33300 4.99247
15.33400 5.02053
15.33500 4.97197
15.33600 4.93347
15.33700 5.03408
15.33800 5.00902
15.33900 5.00135
15.34000 5.01157
15.34100 4.98675
15.34200 5.07860
15.34300 5.01595
15.34400 4.93322
15.34500 5.03880
15.34600 4.94331
15.34700 4.99666
15.34800 4.99960
15.34900 4.92370
15.35000 4.94521
15.35100 5.04626
15.35200 4.99262
15.35300 5.07496
15.35400 4.90850
15.35500 5.04055
15.35600 4.98629
15.35700 5.03549
15.35800 5.00005
15.35900 4.94881
15.36000 4.94336
15.36100 5.05423
15.36200 4.91560
15.36300 4.92506
15.36400 5.05416
15.36500 5.06539
15.36600 4.99014
15.36700 4.92425
15.36800 5.07551
15.36900 4.93008
15.37000 5.03433
15.37100 5.06726
15.37200 4.92579
15.37300 4.93698
15.37400 4.95947
15.37500 4.97051
15.37600 5.07650
15.37700 4.97709
15.37800 5.02754
15.37900 5.09678
15.38000 4.91899
15.38100 4.92855
15.38200 4.96023
15.38300 4.96786
15.38400 5.01914
15.38500 4.95001
15.38600 5.01698
15.38700 5.02708
15.38800 4.97290
15.38900 4.99540
15.39000 4.98752
15.39100 4.93079
15.39200 5.04714
15.39300 5.07154
15.39400 5.05041
15.39500 4.97283
15.39600 4.96648
15.39700 5.00243
15.39800 4.95023
15.39900 4.98742
15.40000 4.96495
15.40100 5.00014
15.40200 4.94059
15.40300 5.03662
15.40400 4.98585
15.40500 4.95031
15.40600 5.05166
15.40700 4.98810
15.40800 4.97478
15.40900 4.96452
15.41000 5.02565
15.41100 4.94113
15.41200 5.04112
15.41300 5.05921
15.41400 5.04065
15.41500 4.99506
15.41600 4.94808
15.41700 5.02791
15.41800 4.98686
15.41900 4.94348
15.42000 5.06369
15.42100 4.97089
15.42200 4.99958
15.42300 5.00525
15.42400 5.09533
15.42500 4.99256
15.42600 4.92403
15.42700 4.96878
15.42800 4.96720
15.42900 4.90254
15.43000 5.05007
15.43100 5.12241
15.43200 5.04540
15.43300 4.96205
15.43400 5.03564
15.43500 4.93802
15.43600 5.06233
15.43700 4.96114
15.43800 4.96233
15.43900 5.03078
15.44000 5.01898
15.44100 5.03216
15.44200 5.03777
15.44300 5.06110
15.44400 4.99798
15.44500 4.94585
15.44600 4.92353
15.44700 5.01390
15.44800 5.10436
15.44900 5.05045
15.45000 5.00875
15.45100 5.04370
15.45200 5.05955
15.45300 4.95814
15.45400 5.05585
15.45500 5.02989
15.45600 4.97071
15.45700 4.97173
15.45800 4.96856
15.45900 5.02824
15.46000 5.13041
15.46100 4.93569
15.46200 4.97833
15.46300 4.92495
15.46400 4.97753
15.46500 4.92413
15.46600 5.03906
15.46700 5.00012
15.46800 4.96969
15.46900 4.98979
15.47000 5.05156
15.47100 5.02316
15.47200 4.95169
15.47300 4.98958
15.47400 4.89732
15.47500 4.97842
15.47600 4.91631
15.47700 4.95898
15.47800 5.03095
15.47900 4.97116
15.48000 4.95661
15.48100 4.99447
15.48200 4.98778
15.48300 4.98825
15.48400 4.92740
15.48500 5.05780
15.48600 5.02834
15.48700 5.00910
15.48800 4.97909
15.48900 4.92788
15.49000 5.08313
15.49100 5.01398
15.49200 4.89130
15.49300 5.01642
15.49400 4.93643
15.49500 5.01182
15.49600 4.87304
15.49700 4.97147
15.49800 4.94197
15.49900 5.02755
15.50000 5.03625
15.50100 4.97432
15.50200 5.06046
15.50300 5.02651
15.50400 5.06393
15.50500 4.93480
15.50600 4.97261
15.50700 4.90940
15.50800 4.97524
15.50900 5.02338
15.51000 5.01858
15.51100 5.04980
15.51200 5.04996
15.51300 4.96868
15.51400 5.01840
15.51500 5.01861
15.51600 5.07529
15.51700 4.98230
15.51800 4.94884
15.51900 4.98221
15.52000 4.95717
15.52100 5.00153
15.52200 5.01280
15.52300 5.12411
15.52400 4.99075
15.52500 5.01526
15.52600 4.90208
15.52700 5.03634
15.52800 4.98492
15.52900 4.96833
15.53000 4.91842
15.53100 5.01779
15.53200 4.90932
15.53300 4.99601
15.53400 5.01486
15.53500 4.96243
15.53600 5.08698
15.53700 5.01197
15.53800 4.93211
15.53900 5.07950
15.54000 5.12060
15.54100 4.92462
15.54200 4.99720
15.54300 5.01988
15.54400 5.00191
15.54500 5.05188
15.54600 5.01179
15.54700 5.01573
15.54800 5.04122
15.54900 4.93338
15.55000 4.99275
15.55100 4.88609
15.55200 4.95087
15.55300 4.94585
15.55400 4.97510
15.55500 5.03198
15.55600 4.97182
15.55700 5.02143
15.55800 4.97138
15.55900 4.89302
15.56000 4.94665
15.56100 4.95979
15.56200 4.97933
15.56300 5.03535
15.56400 4.99867
15.56500 5.01346
15.56600 4.92782
15.56700 5.03944
15.56800 5.08163
15.56900 4.98947
15.57000 5.03911
15.57100 4.99834
15.57200 4.99030
15.57300 4.99401
15.57400 5.02824
15.57500 4.94171
15.57600 5.01543
15.57700 4.97035
15.57800 5.05533
15.57900 4.96850
15.58000 4.99140
15.58100 4.95019
15.58200 5.02169
15.58300 5.06282
15.58400 4.87797
15.58500 5.01640
15.58600 4.98680
15.58700 5.00183
15.58800 4.97657
15.58900 4.95813
15.59000 5.05922
15.59100 5.00045
15.59200 4.94634
15.59300 4.96046
15.59400 4.92963
15.59500 5.04697
15.59600 5.02393
15.59700 4.90604
15.59800 4.95401
15.59900 4.99218
15.60000 5.00516
15.60100 4.98931
15.60200 4.95705
15.60300 5.00240
15.60400 4.99564
15.60500 4.96207
15.60600 5.02389
15.60700 4.95169
15.60800 4.92203
15.60900 4.95117
15.61000 5.08511
15.61100 4.96618
15.61200 4.98553
15.61300 4.94942
15.61400 5.00932
15.61500 4.93462
15.61600 4.93217
15.61700 4.95526
15.61800 4.90100
15.61900 4.92744
15.62000 5.04930
15.62100 5.01802
15.62200 5.02098
15.62300 4.97321
15.62400 5.01144
15.62500 4.92250
15.62600 5.00678
15.62700 5.00373
15.62800 4.94378
15.62900 4.96462
15.63000 4.96024
15.63100 5.06439
15.63200 4.95324
15.63300 4.94179
15.63400 5.05747
15.63500 5.03182
15.63600 4.94679
15.63700 5.03548
15.63800 5.02579
15.63900 5.04608
15.64000 4.96526
15.64100 5.01532
15.64200 4.97865
15.64300 5.08574
15.64400 4.92706
15.64500 4.94726
15.64600 4.99007
15.64700 4.96377
15.64800 4.98013
15.64900 5.04912
15.65000 4.99980
15.65100 5.01206
15.65200 5.08999
15.65300 4.94117
15.65400 5.10552
15.65500 4.94145
15.65600 4.97191
15.65700 5.02827
15.65800 5.05463
15.65900 5.00120
15.66000 5.09875
15.66100 4.85143
15.66200 5.02879
15.66300 5.04958
15.66400 5.09826
15.66500 5.05450
15.66600 5.03870
15.66700 5.07054
15.66800 4.96408
15.66900 4.95648
15.67000 5.00195
15.67100 4.98674
15.67200 4.90338
15.67300 4.99575
15.67400 5.02741
15.67500 5.05044
15.67600 5.04707
15.67700 4.99213
15.67800 4.99385
15.67900 4.95902
15.68000 5.00513
15.68100 4.88778
15.68200 5.04350
15.68300 4.97804
15.68400 5.01226
15.68500 5.01825
15.68600 5.03999
15.68700 5.01471
15.68800 5.10150
15.68900 4.95022
15.69000 4.95602
15.69100 4.98599
15.69200 4.99694
15.69300 4.98546
15.69400 5.00178
15.69500 4.95261
15.69600 5.13544
15.69700 5.04495
15.69800 4.95990
15.69900 4.98937
15.70000 5.00207
15.70100 4.94997
15.70200 5.03180
15.70300 4.91600
15.70400 5.04889
15.70500 4.99706
15.70600 4.98503
15.70700 5.06242
15.70800 4.94296
15.70900 5.05244
15.71000 4.98975
15.71100 5.04486
15.71200 5.01267
15.71300 5.01957
15.71400 5.01206
15.71500 5.06099
15.71600 4.95534
15.71700 4.98722
15.71800 5.04444
15.71900 5.02445
15.72000 5.00381
15.72100 4.96946
15.72200 4.98483
15.72300 4.92365
15.72400 5.00646
15.72500 5.04765
15.72600 4.99606
15.72700 5.02088
15.72800 5.00724
15.72900 5.02269
15.73000 5.03993
15.73100 4.93496
15.73200 4.95711
15.73300 5.03204
15.73400 4.94093
15.73500 5.04622
15.73600 4.95246
15.73700 5.03146
15.73800 5.03744
15.73900 4.96687
15.74000 4.99331
15.74100 4.90166
15.74200 5.05230
15.74300 4.96769
15.74400 4.93340
15.74500 5.06504
15.74600 4.97188
15.74700 5.04117
15.74800 4.98770
15.74900 4.99690
15.75000 5.00064
15.75100 4.88460
15.75200 4.98546
15.75300 5.03904
15.75400 4.91234
15.75500 5.00308
15.75600 4.99953
15.75700 4.92911
15.75800 4.91407
15.75900 5.02297
15.76000 4.99203
15.76100 5.05717
15.76200 4.98654
15.76300 4.99664
15.76400 5.01666
15.76500 5.04603
15.76600 5.02854
15.76700 5.08871
15.76800 5.03869
15.76900 5.06123
15.77000 5.02285
15.77100 4.98031
15.77200 5.00106
15.77300 5.04946
15.77400 4.89302
15.77500 5.07635
15.77600 4.94666
15.77700 5.00210
15.77800 4.90436
15.77900 5.02015
15.78000 5.03851
15.78100 4.99887
15.78200 4.96444
15.78300 4.99721
15.78400 4.97505
15.78500 4.98619
15.78600 5.02913
15.78700 5.01226
15.78800 5.06865
15.78900 5.00599
15.79000 5.00543
15.79100 4.96218
15.79200 4.98834
15.79300 5.01932
15.79400 4.91854
15.79500 5.05494
15.79600 4.98275
15.79700 5.05616
15.79800 5.02607
15.79900 5.05939
15.80000 4.95422
15.80100 5.03912
15.80200 5.00303
15.80300 4.89602
15.80400 4.93153
15.80500 5.01537
15.80600 4.96483
15.80700 4.99445
15.80800 4.90149
15.80900 5.05895
15.81000 5.02272
15.81100 5.04578
15.81200 4.97162
15.81300 4.99677
15.81400 5.00070
15.81500 5.03862
15.81600 5.01653
15.81700 4.95590
15.81800 5.15319
15.81900 5.05455
15.82000 5.09186
15.82100 5.00967
15.82200 5.01828
15.82300 4.95431
15.82400 4.94041
15.82500 4.99673
15.82600 4.94473
15.82700 5.07278
15.82800 5.03738
15.82900 5.00639
15.83000 5.06092
15.83100 4.99459
15.83200 4.91315
15.83300 5.05072
15.83400 5.07414
15.83500 4.99680
15.83600 4.97736
15.83700 4.94737
15.83800 5.09346
15.83900 4.94895
15.84000 5.06594
15.84100 4.92824
15.84200 4.95147
15.84300 4.97891
15.84400 5.03392
15.84500 5.05307
15.84600 5.02480
15.84700 4.93882
15.84800 4.92463
15.84900 5.02654
15.85000 5.05191
15.85100 4.98081
15.85200 4.94894
15.85300 5.00986
15.85400 4.91057
15.85500 4.93085
15.85600 4.94863
15.85700 4.91244
15.85800 4.94506
15.85900 5.01486
15.86000 5.03789
15.86100 5.00865
15.86200 4.96986
15.86300 5.01129
15.86400 4.95288
15.86500 5.00000
15.86600 5.02680
15.86700 5.06049
15.86800 5.00865
15.86900 4.95849
15.87000 5.03371
15.87100 5.00685
15.87200 5.04415
15.87300 4.97998
15.87400 4.94072
15.87500 4.97754
15.87600 4.99968
15.87700 4.99773
15.87800 4.90799
15.87900 5.06323
15.88000 4.97980
15.88100 4.97294
15.88200 4.94512
15.88300 4.95980
15.88400 5.04377
15.88500 5.11849
15.88600 4.97023
15.88700 5.06233
15.88800 4.96175
15.88900 5.02593
15.89000 4.99067
15.89100 5.08805
15.89200 4.94111
15.89300 4.90128
15.89400 5.01382
15.89500 5.04961
15.89600 4.99782
15.89700 4.95406
15.89800 4.99689
15.89900 5.03105
15.90000 4.94739
15.90100 5.02171
15.90200 5.01751
15.90300 5.08567
15.90400 5.01655
15.90500 5.07163
15.90600 4.94888
15.90700 5.01343
15.90800 5.05207
15.90900 5.01665
15.91000 5.07513
15.91100 5.10353
15.91200 4.96668
15.91300 5.05631
15.91400 4.96005
15.91500 5.00368
15.91600 5.04008
15.91700 5.04877
15.91800 5.02112
15.91900 5.02305
15.92000 4.94720
15.92100 4.96978
15.92200 5.03703
15.92300 5.01066
15.92400 5.00157
15.92500 4.92840
15.92600 5.04028
15.92700 4.93009
15.92800 5.08572
15.92900 5.10509
15.93000 4.95565
15.93100 4.99178
15.93200 5.01791
15.93300 4.92431
15.93400 5.04895
15.93500 4.89673
15.93600 5.00182
15.93700 4.97706
15.93800 5.03701
15.93900 4.95301
15.94000 4.98276
15.94100 5.11203
15.94200 4.99112
15.94300 5.02746
15.94400 4.93798
15.94500 4.97525
15.94600 4.97084
15.94700 4.97599
15.94800 5.02199
15.94900 0.20102
15.95000 0.20387
15.95100 0.25631
15.95200 0.22767
15.95300 0.21052
15.95400 0.21164
15.95500 0.26322
15.95600 0.17759
15.95700 0.16153
15.95800 0.23672
15.95900 0.25293
15.96000 0.23547
15.96100 0.22315
15.96200 0.22810
15.96300 0.27250
15.96400 0.14914
15.96500 0.16342
15.96600 0.20581
15.96700 0.22664
15.96800 0.26022
15.96900 5.00349
15.97000 5.00632
15.97100 4.99475
15.97200 5.03985
15.97300 5.04353
15.97400 5.03932
15.97500 5.05599
15.97600 5.07087
15.97700 4.99265
15.97800 5.05734
15.97900 4.90272
15.98000 4.97743
15.98100 5.01956
15.98200 5.06779
15.98300 5.01356
15.98400 5.02963
15.98500 4.98363
15.98600 5.07313
15.98700 4.96875
15.98800 4.95463
15.98900 4.96368
15.99000 4.94048
15.99100 5.05477
15.99200 5.08593
15.99300 5.04876
15.99400 5.00064
15.99500 4.95813
15.99600 5.02502
15.99700 5.03332
15.99800 4.90293
15.99900 5.05018
16.00000 4.97072
16.00100 4.97511
16.00200 4.94564
16.00300 5.06540
16.00400 5.05466
16.00500 4.98903
16.00600 4.97901
16.00700 5.09065
16.00800 4.93342
16.00900 4.98870
16.01000 4.92773
16.01100 5.04996
16.01200 4.91468
16.01300 5.02180
16.01400 5.05320
16.01500 4.89847
16.01600 5.01185
16.01700 5.02170
16.01800 5.03120
16.01900 5.00290
16.02000 5.02976
16.02100 4.95679
16.02200 5.08981
16.02300 5.01134
16.02400 4.98791
16.02500 4.98202
16.02600 5.01815
16.02700 4.99926
16.02800 5.07055
16.02900 4.97067
16.03000 4.98299
16.03100 5.04572
16.03200 5.02369
16.03300 5.04625
16.03400 5.02672
16.03500 4.96711
16.03600 4.92646
16.03700 5.03953
16.03800 5.02167
16.03900 5.04811
16.04000 4.96995
16.04100 5.03983
16.04200 5.02138
16.04300 4.98467
16.04400 5.02073
16.04500 4.92220
16.04600 5.10687
16.04700 4.94810
16.04800 4.95161
16.04900 5.07911
16.05000 5.01222
16.05100 5.05286
16.05200 4.98015
16.05300 4.97360
16.05400 5.06537
16.05500 5.00093
16.05600 5.02827
16.05700 5.00828
16.05800 5.13364
16.05900 5.04108
16.06000 5.10847
16.06100 5.05584
16.06200 4.95811
16.06300 5.03269
16.06400 5.03627
16.06500 5.09672
16.06600 5.06297
16.06700 5.03495
16.06800 4.97172
16.06900 5.01089
16.07000 5.05681
16.07100 4.98620
16.07200 4.98724
16.07300 4.96019
16.07400 4.96301
16.07500 5.00284
16.07600 4.98908
16.07700 5.00413
16.07800 5.01911
16.07900 4.97572
16.08000 4.93632
16.08100 4.98850
16.08200 5.02718
16.08300 4.96486
16.08400 5.02357
16.08500 4.91850
16.08600 5.01351
16.08700 4.94636
16.08800 4.98946
16.08900 4.99101
16.09000 5.07130
16.09100 4.96356
16.09200 5.04020
16.09300 5.01107
16.09400 5.03789
16.09500 4.99031
16.09600 5.05746
16.09700 4.93023
16.09800 5.02941
16.09900 5.01976
16.10000 5.00521
16.10100 5.06152
16.10200 4.97611
16.10300 5.05814
16.10400 5.01246
16.10500 4.95398
16.10600 5.01611
16.10700 5.05559
16.10800 5.07781
16.10900 5.06973
16.11000 5.02560
16.11100 4.97267
16.11200 4.99727
16.11300 4.91869
16.11400 5.07951
16.11500 5.07914
16.11600 5.04787
16.11700 4.99018
16.11800 5.04436
16.11900 4.93476
16.12000 5.06375
16.12100 5.00782
16.12200 5.02628
16.12300 4.93954
16.12400 5.03482
16.12500 4.92091
16.12600 4.93827
16.12700 5.04574
16.12800 5.02478
16.12900 4.92149
16.13000 4.99636
16.13100 4.94606
16.13200 4.98689
16.13300 5.01673
16.13400 5.07358
16.13500 4.97323
16.13600 4.96121
16.13700 5.02893
16.13800 4.99930
16.13900 5.03528
16.14000 4.94070
16.14100 4.99859
16.14200 5.06360
16.14300 4.96750
16.14400 4.92668
16.14500 5.04865
16.14600 4.97153
16.14700 5.04812
16.14800 4.95129
16.14900 4.96563
16.15000 5.04575
16.15100 4.97981
16.15200 4.91297
16.15300 4.91226
16.15400 4.97487
16.15500 4.94576
16.15600 4.96685
16.15700 5.01598
16.15800 5.03912
16.15900 5.03852
16.16000 4.95134
16.16100 4.97851
16.16200 4.97553
16.16300 4.96817
16.16400 4.91267
16.16500 4.98017
16.16600 5.07539
16.16700 4.94014
16.16800 4.94853
16.16900 4.99981
16.17000 4.99556
16.17100 4.91943
16.17200 5.05183
16.17300 5.05424
16.17400 4.99687
16.17500 5.05385
16.17600 4.94777
16.17700 5.03013
16.17800 4.88818
16.17900 4.97401
16.18000 4.96304
16.18100 4.94502
16.18200 5.01384
16.18300 4.99905
16.18400 5.08137
16.18500 5.02635
16.18600 4.89561
16.18700 4.98217
16.18800 4.95067
16.18900 4.98668
16.19000 5.05190
16.19100 5.01659
16.19200 5.00864
16.19300 5.01931
16.19400 5.00766
16.19500 5.01668
16.19600 5.01792
16.19700 4.96726
16.19800 4.97396
16.19900 4.95173
16.20000 5.00157
16.20100 4.99051
16.20200 5.02725
16.20300 5.02762
16.20400 5.08411
16.20500 5.00343
16.20600 4.97409
16.20700 4.86639
16.20800 5.04653
16.20900 4.95876
16.21000 5.02951
16.21100 5.05266
16.21200 4.96337
16.21300 5.04402
16.21400 4.89396
16.21500 5.03875
16.21600 4.99935
16.21700 4.94634
16.21800 5.04331
16.21900 5.04234
16.22000 5.07642
16.22100 4.96149
16.22200 5.06706
16.22300 4.90986
16.22400 5.01281
16.22500 5.00213
16.22600 4.97282
16.22700 5.03951
16.22800 5.04831
16.22900 4.93543
16.23000 5.01320
16.23100 4.97077
16.23200 5.04024
16.23300 4.97985
16.23400 5.07102
16.23500 4.94025
16.23600 5.07224
16.23700 5.07480
16.23800 5.00549
16.23900 5.01083
16.24000 4.92837
16.24100 5.02662
16.24200 4.99336
16.24300 4.97363
16.24400 5.02174
16.24500 5.04637
16.24600 4.98864
16.24700 5.03281
16.24800 4.99537
16.24900 5.06316
16.25000 4.94375
16.25100 5.00366
16.25200 4.90123
16.25300 5.02843
16.25400 5.02332
16.25500 5.07573
16.25600 4.96219
16.25700 4.97588
16.25800 4.95649
16.25900 5.06427
16.26000 5.10521
16.26100 4.96660
16.26200 4.99529
16.26300 4.98886
16.26400 4.96975
16.26500 5.04212
16.26600 5.02009
16.26700 5.00744
16.26800 5.04733
16.26900 5.04161
16.27000 4.93449
16.27100 5.06409
16.27200 4.92563
16.27300 5.05047
16.27400 4.97727
16.27500 5.03796
16.27600 4.95534
16.27700 5.03584
16.27800 5.05186
16.27900 5.06539
16.28000 4.96932
16.28100 5.00306
16.28200 4.97552
16.28300 5.01264
16.28400 5.00687
16.28500 4.93504
16.28600 5.04880
16.28700 5.03736
16.28800 4.97045
16.28900 4.99231
16.29000 4.97646
16.29100 4.94527
16.29200 5.02036
16.29300 5.00013
16.29400 4.99648
16.29500 5.05311
16.29600 5.00841
16.29700 5.04592
16.29800 4.98740
16.29900 5.06817
16.30000 4.91210
16.30100 4.96557
16.30200 5.03619
16.30300 5.01371
16.30400 4.98422
16.30500 4.98363
16.30600 4.96951
16.30700 5.03590
16.30800 4.99374
16.30900 4.94765
16.31000 5.02244
16.31100 5.03985
16.31200 5.03721
16.31300 5.04810
16.31400 5.04601
16.31500 5.00303
16.31600 4.98841
16.31700 5.06505
16.31800 5.09513
16.31900 4.99372
16.32000 5.05350
16.32100 5.03562
16.32200 4.91676
16.32300 4.94602
16.32400 4.96911
16.32500 4.96141
16.32600 5.09592
16.32700 4.98285
16.32800 5.03322
16.32900 5.01820
16.33000 5.07364
16.33100 4.94837
16.33200 5.06934
16.33300 4.96303
16.33400 4.97035
16.33500 5.01703
16.33600 5.06738
16.33700 4.98631
16.33800 5.05904
16.33900 5.01644
16.34000 4.97328
16.34100 4.97554
16.34200 4.99070
16.34300 5.07726
16.34400 4.89904
16.34500 5.02530
16.34600 4.97323
16.34700 4.96404
16.34800 4.99499
16.34900 5.02882
16.35000 4.90477
16.35100 5.03690
16.35200 5.02795
16.35300 5.07685
16.35400 4.91575
16.35500 5.06283
16.35600 4.96656
16.35700 4.93468
16.35800 5.03296
16.35900 5.01262
16.36000 4.91112
16.36100 4.88295
16.36200 4.92601
16.36300 4.98417
16.36400 5.06170
16.36500 5.03278
16.36600 4.98379
16.36700 4.97223
16.36800 5.01378
16.36900 4.96227
16.37000 4.97997
16.37100 5.04108
16.37200 4.96592
16.37300 5.05836
16.37400 4.99236
16.37500 5.07504
16.37600 5.03330
16.37700 5.03636
16.37800 4.98865
16.37900 4.95874
16.38000 4.96159
16.38100 5.03196
16.38200 5.00980
16.38300 5.04468
16.38400 5.02425
16.38500 5.01230
16.38600 4.96415
16.38700 4.95279
16.38800 4.99703
16.38900 4.98242
16.39000 5.03089
16.39100 5.00252
16.39200 4.98217
16.39300 4.91707
16.39400 4.95530
16.39500 5.10879
16.39600 5.02443
16.39700 5.00376
16.39800 5.01549
16.39900 4.97871
16.40000 5.00939
16.40100 4.93345
16.40200 5.01689
16.40300 5.06221
16.40400 5.01971
16.40500 4.92965
16.40600 5.04160
16.40700 5.02101
16.40800 5.00867
16.40900 5.01634
16.41000 4.94514
16.41100 5.06391
16.41200 4.95731
16.41300 5.02505
16.41400 5.02431
16.41500 4.94598
16.41600 5.00937
16.41700 4.92847
16.41800 4.92604
16.41900 4.98113
16.42000 5.08501
16.42100 5.03089
16.42200 4.94484
16.42300 5.01541
16.42400 5.08685
16.42500 4.94056
16.42600 5.00448
16.42700 4.98207
16.42800 5.00856
16.42900 5.01275
16.43000 4.98666
16.43100 4.99458
16.43200 5.01579
16.43300 5.03690
16.43400 5.04352
16.43500 5.01514
16.43600 5.02670
16.43700 5.07484
16.43800 5.03637
16.43900 4.97328
16.44000 4.95420
16.44100 4.98791
16.44200 5.05016
16.44300 5.03046
16.44400 4.99814
16.44500 4.99197
16.44600 4.99652
16.44700 4.96335
16.44800 4.94357
16.44900 4.97306
16.45000 4.90537
16.45100 4.97513
16.45200 4.97872
16.45300 5.00358
16.45400 5.00197
16.45500 5.02777
16.45600 5.03820
16.45700 4.95741
16.45800 4.96560
16.45900 5.00058
16.46000 4.97104
16.46100 5.03509
16.46200 5.04850
16.46300 4.93832
16.46400 5.03924
16.46500 4.92986
16.46600 4.97683
16.46700 5.02162
16.46800 5.05426
16.46900 5.05909
16.47000 4.93167
16.47100 4.96685
16.47200 5.04034
16.47300 5.01651
16.47400 5.03006
16.47500 4.97424
16.47600 5.06878
16.47700 5.07248
16.47800 5.00016
16.47900 5.06403
16.48000 5.00179
16.48100 4.95738
16.48200 5.00338
16.48300 5.00695
16.48400 5.03287
16.48500 4.99623
16.48600 4.98396
16.48700 5.03120
16.48800 4.98101
16.48900 4.99078
16.49000 4.98026
16.49100 4.96804
16.49200 4.99983
16.49300 4.92923
16.49400 4.98215
16.49500 5.06167
16.49600 4.98007
16.49700 5.01734
16.49800 4.93868
16.49900 5.02168
16.50000 5.04532
16.50100 5.03086
16.50200 4.92312
16.50300 4.95124
16.50400 5.02287
16.50500 4.99045
16.50600 5.03407
16.50700 4.95797
16.50800 5.05267
16.50900 4.98976
16.51000 4.92378
16.51100 5.03915
16.51200 4.92039
16.51300 5.00196
16.51400 4.92807
16.51500 5.00870
16.51600 4.97645
16.51700 4.99842
16.51800 5.11553
16.51900 5.01233
16.52000 4.96811
16.52100 5.00161
16.52200 4.93642
16.52300 4.96644
16.52400 5.01817
16.52500 5.04396
16.52600 4.96409
16.52700 5.10909
16.52800 4.97248
16.52900 5.03074
16.53000 4.99257
16.53100 5.02490
16.53200 4.99673
16.53300 5.01253
16.53400 5.02264
16.53500 5.00361
16.53600 5.01464
16.53700 4.99391
16.53800 4.99212
16.53900 4.99676
16.54000 5.01087
16.54100 5.00952
16.54200 5.03022
16.54300 4.98998
16.54400 5.10171
16.54500 5.00247
16.54600 4.99208
16.54700 4.95362
16.54800 4.95720
16.54900 4.98643
16.55000 5.09007
16.55100 4.98577
16.55200 4.98704
16.55300 5.05754
16.55400 5.00464
16.55500 5.07756
16.55600 4.93075
16.55700 5.03732
16.55800 5.03622
16.55900 4.95377
16.56000 5.01704
16.56100 4.95971
16.56200 5.02335
16.56300 5.04914
16.56400 4.98034
16.56500 4.92937
16.56600 4.87301
16.56700 4.92845
16.56800 4.98637
16.56900 5.00667
16.57000 4.91714
16.57100 5.01768
16.57200 5.13419
16.57300 5.07568
16.57400 5.11683
16.57500 5.05877
16.57600 5.09815
16.57700 4.98985
16.57800 5.06159
16.57900 4.98057
16.58000 4.91277
16.58100 5.00034
16.58200 4.98689
16.58300 5.00519
16.58400 5.01895
16.58500 4.99080
16.58600 5.00319
16.58700 4.91929
16.58800 4.98059
16.58900 4.96022
16.59000 4.98240
16.59100 5.04137
16.59200 4.94349
16.59300 5.05044
16.59400 5.04754
16.59500 4.91496
16.59600 4.98826
16.59700 5.05308
16.59800 5.00266
16.59900 4.98829
16.60000 4.96062
16.60100 4.95667
16.60200 5.02962
16.60300 5.00481
16.60400 5.01301
16.60500 4.99980
16.60600 4.95315
16.60700 5.08411
16.60800 4.97375
16.60900 5.04904
16.61000 4.99401
16.61100 5.07414
16.61200 5.00623
16.61300 4.93619
16.61400 5.00492
16.61500 4.99607
16.61600 5.07009
16.61700 4.92291
16.61800 4.93356
16.61900 4.92995
16.62000 5.04837
16.62100 4.94494
16.62200 5.02977
16.62300 5.00824
16.62400 4.90070
16.62500 5.02228
16.62600 5.03561
16.62700 4.90040
16.62800 4.93628
16.62900 5.00368
16.63000 4.98307
16.63100 4.97673
16.63200 4.99389
16.63300 5.01914
16.63400 4.93821
16.63500 4.93995
16.63600 5.05581
16.63700 5.01496
16.63800 4.92519
16.63900 5.13258
16.64000 5.03172
16.64100 4.92270
16.64200 4.92828
16.64300 5.02718
16.64400 5.06851
16.64500 4.97032
16.64600 4.98448
16.64700 4.98320
16.64800 4.89369
16.64900 5.03773
16.65000 5.04428
16.65100 5.05788
16.65200 4.97503
16.65300 4.95362
16.65400 5.01616
16.65500 5.08386
16.65600 4.99860
16.65700 5.01331
16.65800 0.20696
16.65900 0.10646
16.66000 0.23009
16.66100 0.25039
16.66200 0.15740
16.66300 0.09203
16.66400 0.18175
16.66500 0.22992
16.66600 0.22539
16.66700 0.25018
16.66800 0.14520
16.66900 0.23105
16.67000 0.17458
16.67100 0.16324
16.67200 0.12559
16.67300 0.26911
16.67400 0.17285
16.67500 0.18978
16.67600 0.11590
16.67700 0.24040
16.67800 5.01008
16.67900 4.99105
16.68000 5.04592
16.68100 4.97480
16.68200 4.99389
16.68300 4.96339
16.68400 4.97628
16.68500 5.02099
16.68600 4.96023
16.68700 5.12419
16.68800 4.98821
16.68900 4.91324
16.69000 5.02150
16.69100 4.96946
16.69200 4.99028
16.69300 5.02322
16.69400 4.94388
16.69500 5.02243
16.69600 4.90290
16.69700 5.09661
16.69800 5.03219
16.69900 5.00720
16.70000 4.97095
16.70100 4.95935
16.70200 5.04544
16.70300 4.98069
16.70400 4.95489
16.70500 4.95093
16.70600 4.96175
16.70700 4.97918
16.70800 5.03876
16.70900 4.99772
16.71000 4.96322
16.71100 4.98126
16.71200 4.93378
16.71300 4.93330
16.71400 4.90553
16.71500 4.96166
16.71600 4.99954
16.71700 5.00483
16.71800 5.01682
16.71900 5.04832
16.72000 4.95023
16.72100 5.03694
16.72200 5.08446
16.72300 5.06444
16.72400 5.01990
16.72500 5.06060
16.72600 5.08163
16.72700 4.97929
16.72800 4.99930
16.72900 4.98801
16.73000 4.91173
16.73100 4.95013
16.73200 5.04284
16.73300 5.00709
16.73400 4.99416
16.73500 4.96125
16.73600 4.95382
16.73700 5.10249
16.73800 5.00759
16.73900 4.98195
16.74000 5.04044
16.74100 5.04642
16.74200 4.94809
16.74300 4.91844
16.74400 4.99474
16.74500 5.01385
16.74600 5.02445
16.74700 4.99936
16.74800 4.94866
16.74900 5.02404
16.75000 5.01085
16.75100 5.01981
16.75200 4.95863
16.75300 5.04025
16.75400 4.96153
16.75500 5.03897
16.75600 4.98768
16.75700 5.01044
16.75800 4.97005
16.75900 5.02344
16.76000 5.04983
16.76100 4.92868
16.76200 5.02100
16.76300 4.94360
16.76400 5.02217
16.76500 4.97370
16.76600 4.94441
16.76700 4.97858
16.76800 4.99987
16.76900 5.03066
16.77000 4.93570
16.77100 4.96178
16.77200 5.08160
16.77300 4.99045
16.77400 5.03170
16.77500 4.92253
16.77600 5.09103
16.77700 4.94847
16.77800 4.96482
16.77900 5.04449
16.78000 5.06520
16.78100 4.98405
16.78200 5.04266
16.78300 4.96775
16.78400 5.01706
16.78500 5.01007
16.78600 4.97167
16.78700 4.98227
16.78800 5.00258
16.78900 4.94389
16.79000 4.93654
16.79100 5.04930
16.79200 5.05890
16.79300 5.00907
16.79400 5.00997
16.79500 5.00968
16.79600 5.02577
16.79700 4.93846
16.79800 4.96182
16.79900 5.03182
16.80000 4.99680
16.80100 5.02823
16.80200 5.07715
16.80300 4.89551
16.80400 4.96836
16.80500 4.91548
16.80600 4.99850
16.80700 5.05520
16.80800 4.98018
16.80900 4.99293
16.81000 5.02355
16.81100 4.93480
16.81200 5.03762
16.81300 4.95072
16.81400 4.91421
16.81500 5.01187
16.81600 5.08827
16.81700 4.94553
16.81800 5.01801
16.81900 4.94519
16.82000 5.06794
16.82100 4.96714
16.82200 5.03695
16.82300 5.00429
16.82400 4.99712
16.82500 5.03320
16.82600 4.99005
16.82700 5.01048
16.82800 4.94400
16.82900 4.96742
16.83000 4.96477
16.83100 5.02737
16.83200 4.87297
16.83300 4.98955
16.83400 4.90511
16.83500 5.05217
16.83600 4.97686
16.83700 4.99266
16.83800 5.01046
16.83900 5.05363
16.84000 4.97111
16.84100 4.97529
16.84200 4.98414
16.84300 4.98713
16.84400 5.01549
16.84500 5.02235
16.84600 5.00082
16.84700 4.95491
16.84800 5.00990
16.84900 5.03242
16.85000 4.95790
16.85100 4.99713
16.85200 4.97735
16.85300 4.95492
16.85400 4.98886
16.85500 5.06101
16.85600 5.00228
16.85700 5.05392
16.85800 4.92232
16.85900 5.02450
16.86000 4.99195
16.86100 4.92744
16.86200 4.91591
16.86300 4.99827
16.86400 4.95727
16.86500 4.96733
16.86600 5.05838
16.86700 4.99220
16.86800 4.91649
16.86900 5.07896
16.87000 5.08147
16.87100 4.96490
16.87200 4.97763
16.87300 5.00174
16.87400 5.00307
16.87500 4.93524
16.87600 5.09551
16.87700 5.04143
16.87800 5.02572
16.87900 4.98559
16.88000 4.97944
16.88100 5.10686
16.88200 5.03369
16.88300 5.05479
16.88400 4.93861
16.88500 5.00784
16.88600 4.94335
16.88700 5.00088
16.88800 5.04367
16.88900 4.93799
16.89000 4.99017
16.89100 5.06392
16.89200 5.02465
16.89300 5.02964
16.89400 4.95449
16.89500 4.98172
16.89600 5.04418
16.89700 4.89726
16.89800 5.01714
16.89900 4.96759
16.90000 4.98020
16.90100 5.11311
16.90200 5.02855
16.90300 4.98738
16.90400 5.05137
16.90500 4.96272
16.90600 5.01727
16.90700 5.04184
16.90800 4.94358
16.90900 5.03342
16.91000 4.93785
16.91100 4.95773
16.91200 5.06427
16.91300 4.92532
16.91400 5.02992
16.91500 5.05568
16.91600 5.09303
16.91700 5.02830
16.91800 5.07259
16.91900 4.95255
16.92000 5.04390
16.92100 4.98079
16.92200 5.03265
16.92300 4.99596
16.92400 5.01312
16.92500 4.99837
16.92600 4.93872
16.92700 4.94747
16.92800 4.96314
16.92900 4.89164
16.93000 4.88744
16.93100 5.10629
16.93200 4.90418
16.93300 4.98181
16.93400 5.00599
16.93500 5.03631
16.93600 5.05628
16.93700 5.00654
16.93800 4.95956
16.93900 5.02249
16.94000 5.08828
16.94100 4.99826
16.94200 5.04043
16.94300 5.06537
16.94400 4.95719
16.94500 4.99278
16.94600 5.02294
16.94700 5.07402
16.94800 4.98796
16.94900 4.99472
16.95000 4.94024
16.95100 4.96634
16.95200 5.03048
16.95300 5.02137
16.95400 4.93713
16.95500 5.04112
16.95600 5.01057
16.95700 5.00629
16.95800 5.00702
16.95900 4.98994
16.96000 4.98605
16.96100 5.04879
16.96200 5.05190
16.96300 5.02228
16.96400 5.01580
16.96500 5.03096
16.96600 4.94871
16.96700 4.94590
16.96800 4.99984
16.96900 4.99703
16.97000 4.90761
16.97100 4.98250
16.97200 5.00223
16.97300 5.12990
16.97400 4.93786
16.97500 4.93566
16.97600 5.02085
16.97700 4.97113
16.97800 5.05967
16.97900 4.91809
16.98000 5.01591
16.98100 4.97130
16.98200 4.93932
16.98300 5.03379
16.98400 5.03916
16.98500 5.05052
16.98600 5.03732
16.98700 4.96025
16.98800 4.99624
16.98900 5.00170
16.99000 5.03829
16.99100 5.05477
16.99200 5.03478
16.99300 5.02207
16.99400 4.89946
16.99500 4.99089
16.99600 5.03643
16.99700 5.01405
16.99800 4.99468
16.99900 5.07415
17.00000 5.03236
17.00100 4.99448
17.00200 5.10036
17.00300 4.94268
17.00400 5.01938
17.00500 5.02478
17.00600 4.88387
17.00700 5.00153
17.00800 4.97601
17.00900 4.96932
17.01000 5.04332
17.01100 4.97325
17.01200 5.00093
17.01300 4.98585
17.01400 4.91343
17.01500 5.08999
17.01600 5.00369
17.01700 5.04893
17.01800 5.04336
17.01900 5.02451
17.02000 5.11739
17.02100 5.00509
17.02200 5.00596
17.02300 5.01118
17.02400 4.94162
17.02500 4.98773
17.02600 5.01793
17.02700 4.93786
17.02800 5.03986
17.02900 4.99567
17.03000 4.94813
17.03100 4.94469
17.03200 5.03379
17.03300 4.98624
17.03400 5.07929
17.03500 4.93311
17.03600 4.96758
17.03700 5.00775
17.03800 4.97533
17.03900 5.01413
17.04000 5.00710
17.04100 5.11614
17.04200 5.07086
17.04300 5.01134
17.04400 4.99270
17.04500 5.01224
17.04600 4.97299
17.04700 5.01740
17.04800 4.98426
17.04900 5.03361
17.05000 4.98110
17.05100 4.94988
17.05200 5.03490
17.05300 4.97499
17.05400 5.02725
17.05500 5.04061
17.05600 5.00809
17.05700 4.99324
17.05800 4.96834
17.05900 4.96326
17.06000 5.02450
17.06100 4.88759
17.06200 4.98851
17.06300 5.06063
17.06400 5.05174
17.06500 5.04202
17.06600 5.08855
17.06700 5.02407
17.06800 5.01848
17.06900 4.97177
17.07000 5.05785
17.07100 4.96560
17.07200 5.01575
17.07300 5.05532
17.07400 5.03434
17.07500 5.07072
17.07600 4.99630
17.07700 4.89120
17.07800 4.98186
17.07900 5.01160
17.08000 5.00178
17.08100 4.96643
17.08200 4.98342
17.08300 4.97210
17.08400 5.04478
17.08500 4.93933
17.08600 4.95771
17.08700 4.92509
17.08800 4.97198
17.08900 4.97674
17.09000 5.08396
17.09100 4.98566
17.09200 5.04402
17.09300 5.06766
17.09400 4.90573
17.09500 4.94157
17.09600 4.92787
17.09700 5.01395
17.09800 5.00679
17.09900 4.90954
17.10000 4.89585
17.10100 5.01742
17.10200 4.97201
17.10300 4.94688
17.10400 4.96987
17.10500 4.99222
17.10600 5.01708
17.10700 5.12413
17.10800 4.93912
17.10900 4.99347
17.11000 5.08949
17.11100 5.04237
17.11200 5.04257
17.11300 4.95932
17.11400 5.01187
17.11500 4.94410
17.11600 5.03031
17.11700 4.98008
17.11800 5.00874
17.11900 4.99104
17.12000 5.00622
17.12100 5.06413
17.12200 5.02280
17.12300 5.04435
17.12400 5.12629
17.12500 5.01224
17.12600 5.02301
17.12700 4.98538
17.12800 4.97511
17.12900 4.87987
17.13000 5.03015
17.13100 5.03594
17.13200 5.00845
17.13300 5.00735
17.13400 5.00576
17.13500 4.94241
17.13600 5.11268
17.13700 4.97784
17.13800 4.98192
17.13900 4.95971
17.14000 4.97492
17.14100 5.06637
17.14200 5.04272
17.14300 4.93689
17.14400 5.00899
17.14500 5.01129
17.14600 5.17263
17.14700 4.92214
17.14800 4.98205
17.14900 5.01436
17.15000 4.95288
17.15100 4.98837
17.15200 4.97881
17.15300 5.04329
17.15400 5.00197
17.15500 5.05043
17.15600 5.00989
17.15700 5.00522
17.15800 5.07239
17.15900 4.96021
17.16000 5.03393
17.16100 5.00847
17.16200 4.92273
17.16300 5.01689
17.16400 5.03528
17.16500 4.99923
17.16600 5.06192
17.16700 4.92260
17.16800 5.01958
17.16900 5.01708
17.17000 5.05750
17.17100 4.96478
17.17200 4.95081
17.17300 4.99807
17.17400 4.92782
17.17500 5.00331
17.17600 5.05244
17.17700 5.05487
17.17800 5.00925
17.17900 4.94531
17.18000 4.94887
17.18100 5.05520
17.18200 5.03468
17.18300 4.98682
17.18400 4.98739
17.18500 4.93997
17.18600 4.96973
17.18700 4.94417
17.18800 5.11252
17.18900 4.97488
17.19000 5.01022
17.19100 4.89376
17.19200 5.05192
17.19300 4.97973
17.19400 4.93801
17.19500 4.96722
17.19600 5.02025
17.19700 5.02642
17.19800 4.95459
17.19900 4.96007
17.20000 4.98672
17.20100 4.96952
17.20200 4.99326
17.20300 5.00148
17.20400 4.99281
17.20500 4.85057
17.20600 4.99029
17.20700 5.01084
17.20800 4.92243
17.20900 4.97599
17.21000 4.91554
17.21100 4.96797
17.21200 4.96671
17.21300 5.08820
17.21400 5.06417
17.21500 4.97990
17.21600 4.98091
17.21700 4.98667
17.21800 4.99085
17.21900 5.10864
17.22000 5.09237
17.22100 4.88840
17.22200 4.99129
17.22300 4.89901
17.22400 5.06070
17.22500 4.94686
17.22600 4.99898
17.22700 4.94547
17.22800 4.99673
17.22900 5.00282
17.23000 5.00748
17.23100 5.01480
17.23200 4.96527
17.23300 4.97282
17.23400 5.04973
17.23500 4.98583
17.23600 4.92088
17.23700 5.01395
17.23800 4.94224
17.23900 4.96801
17.24000 5.09372
17.24100 5.07445
17.24200 4.99587
17.24300 4.95845
17.24400 5.08834
17.24500 4.86504
17.24600 4.92920
17.24700 4.97174
17.24800 5.02544
17.24900 4.88172
17.25000 4.97491
17.25100 4.97435
17.25200 5.07427
17.25300 4.93742
17.25400 5.17576
17.25500 5.08651
17.25600 4.98686
17.25700 5.01837
17.25800 4.99689
17.25900 5.01672
17.26000 4.93604
17.26100 5.05039
17.26200 5.04354
17.26300 5.01387
17.26400 5.07599
17.26500 4.94272
17.26600 4.95811
17.26700 5.06685
17.26800 5.00742
17.26900 4.94569
17.27000 5.06535
17.27100 4.95036
17.27200 5.08001
17.27300 5.04430
17.27400 5.00372
17.27500 5.05374
17.27600 4.95724
17.27700 4.97105
17.27800 5.04391
17.27900 4.97731
17.28000 5.04361
17.28100 5.03231
17.28200 4.97961
17.28300 4.88754
17.28400 4.99408
17.28500 5.05337
17.28600 4.93944
17.28700 5.04251
17.28800 4.98378
17.28900 4.94695
17.29000 4.99228
17.29100 4.91278
17.29200 5.03277
17.29300 5.10496
17.29400 5.03188
17.29500 5.00028
17.29600 4.95756
17.29700 4.97897
17.29800 5.04286
17.29900 5.02857
17.30000 4.99765
17.30100 5.04228
17.30200 5.05610
17.30300 4.93762
17.30400 5.02071
17.30500 4.92658
17.30600 4.98694
17.30700 5.02939
17.30800 5.06773
17.30900 4.98977
17.31000 4.97130
17.31100 4.97700
17.31200 5.02915
17.31300 4.99162
17.31400 4.97515
17.31500 5.04329
17.31600 4.96509
17.31700 5.08205
17.31800 5.00096
17.31900 4.91381
17.32000 5.04996
17.32100 5.02920
17.32200 5.00138
17.32300 5.00960
17.32400 5.00553
17.32500 4.92683
17.32600 4.91524
17.32700 4.99256
17.32800 5.02167
17.32900 4.93655
17.33000 5.01396
17.33100 4.99502
17.33200 4.93706
17.33300 4.94896
17.33400 4.95886
17.33500 4.92811
17.33600 4.99277
17.33700 4.93231
17.33800 5.03928
17.33900 4.98585
17.34000 4.99458
17.34100 5.09464
17.34200 4.94811
17.34300 5.02708
17.34400 4.93497
17.34500 4.98187
17.34600 4.94284
17.34700 4.96168
17.34800 5.04542
17.34900 4.96418
17.35000 4.92916
17.35100 4.97336
17.35200 4.99456
17.35300 5.00303
17.35400 5.00139
17.35500 4.87540
17.35600 4.99831
17.35700 5.12634
17.35800 4.99044
17.35900 4.98311
17.36000 5.02394
17.36100 4.89090
17.36200 4.95720
17.36300 5.05123
17.36400 5.01610
17.36500 4.95886
17.36600 4.97683
17.36700 0.15266
17.36800 0.23496
17.36900 0.25324
17.37000 0.12478
17.37100 0.24716
17.37200 0.17612
17.37300 0.23139
17.37400 0.25574
17.37500 0.20081
17.37600 0.25462
17.37700 0.19280
17.37800 0.23618
17.37900 0.17462
17.38000 0.21861
17.38100 0.21995
17.38200 0.17042
17.38300 0.14828
17.38400 0.15401
17.38500 0.25032
17.38600 0.17610
17.38700 5.00314
17.38800 5.10612
17.38900 4.92266
17.39000 4.94646
17.39100 4.97969
17.39200 4.99986
17.39300 4.98195
17.39400 5.08827
17.39500 4.96595
17.39600 4.95262
17.39700 5.01491
17.39800 4.98782
17.39900 4.98836
17.40000 4.99250
17.40100 4.98342
17.40200 5.03556
17.40300 4.92145
17.40400 5.11456
17.40500 5.05399
17.40600 5.02503
17.40700 5.06653
17.40800 4.97024
17.40900 5.00097
17.41000 5.05915
17.41100 5.01244
17.41200 5.00535
17.41300 5.03913
17.41400 4.98424
17.41500 4.94121
17.41600 4.93038
17.41700 4.99457
17.41800 5.01986
17.41900 4.93211
17.42000 5.02498
17.42100 5.04852
17.42200 5.07793
17.42300 4.98824
17.42400 4.92528
17.42500 4.96995
17.42600 4.91884
17.42700 4.94708
17.42800 4.94612
17.42900 5.07659
17.43000 4.94866
17.43100 5.00343
17.43200 5.02692
17.43300 4.94987
17.43400 5.13521
17.43500 4.97116
17.43600 4.90428
17.43700 4.98501
17.43800 4.94450
17.43900 4.98630
17.44000 4.98251
17.44100 5.04141
17.44200 5.01378
17.44300 5.12548
17.44400 4.94375
17.44500 5.08204
17.44600 5.10613
17.44700 4.99079
17.44800 5.11857
17.44900 5.04508
17.45000 5.02368
17.45100 5.09908
17.45200 5.02786
17.45300 4.97827
17.45400 5.05653
17.45500 4.99771
17.45600 5.03996
17.45700 5.04160
17.45800 4.95834
17.45900 5.01321
17.46000 5.03257
17.46100 4.95327
17.46200 4.90853
17.46300 4.96574
17.46400 5.02177
17.46500 5.03307
17.46600 4.99970
17.46700 5.02992
17.46800 5.03541
17.46900 4.96617
17.47000 5.00273
17.47100 4.98026
17.47200 5.03210
17.47300 5.05760
17.47400 5.03842
17.47500 4.97396
17.47600 5.03530
17.47700 5.03980
17.47800 4.93687
17.47900 5.00360
17.48000 4.96601
17.48100 5.01936
17.48200 5.06909
17.48300 4.96325
17.48400 4.95045
17.48500 4.91932
17.48600 4.98319
17.48700 5.00226
17.48800 5.09377
17.48900 4.93483
17.49000 5.00660
17.49100 5.03462
17.49200 5.05641
17.49300 4.95802
17.49400 5.02675
17.49500 4.92279
17.49600 4.97424
17.49700 5.02831
17.49800 4.96500
17.49900 4.98805
17.50000 5.05129
17.50100 4.95579
17.50200 4.95168
17.50300 4.95546
17.50400 5.03685
17.50500 5.02831
17.50600 4.94653
17.50700 4.97103
17.50800 4.99977
17.50900 5.02710
17.51000 5.03251
17.51100 4.99796
17.51200 4.98313
17.51300 4.94876
17.51400 5.01285
17.51500 5.05178
17.51600 5.00703
17.51700 4.98328
17.51800 5.05928
17.51900 5.01975
17.52000 4.91612
17.52100 4.82095
17.52200 4.95871
17.52300 4.98141
17.52400 5.04301
17.52500 5.02163
17.52600 4.97076
17.52700 4.96630
17.52800 5.01777
17.52900 4.94448
17.53000 4.99256
17.53100 5.05009
17.53200 4.99296
17.53300 4.93692
17.53400 4.94618
17.53500 4.95238
17.53600 4.98179
17.53700 4.90706
17.53800 4.99108
17.53900 4.98741
17.54000 5.07914
17.54100 5.01968
17.54200 4.90640
17.54300 5.03508
17.54400 5.02530
17.54500 4.90706
17.54600 5.02924
17.54700 4.99562
17.54800 5.00240
17.54900 4.92928
17.55000 4.95888
17.55100 5.05831
17.55200 5.04753
17.55300 5.03325
17.55400 4.96782
17.55500 5.06038
17.55600 4.93642
17.55700 4.95844
17.55800 5.03080
17.55900 4.94028
17.56000 5.00207
17.56100 4.92455
17.56200 4.91462
17.56300 5.03092
17.56400 4.94095
17.56500 4.94201
17.56600 5.01581
17.56700 4.99289
17.56800 5.03742
17.56900 5.03248
17.57000 4.99006
17.57100 4.96151
17.57200 4.97282
17.57300 4.98498
17.57400 5.02344
17.57500 4.97896
17.57600 4.98442
17.57700 5.02761
17.57800 4.99343
17.57900 4.97724
17.58000 4.96754
17.58100 5.10636
17.58200 5.02124
17.58300 4.92425
17.58400 5.01133
17.58500 5.00890
17.58600 5.04200
17.58700 4.99377
17.58800 4.94399
17.58900 4.93453
17.59000 4.99203
17.59100 4.97107
17.59200 4.97036
17.59300 5.03176
17.59400 4.98041
17.59500 5.01622
17.59600 5.01779
17.59700 5.02641
17.59800 5.02783
17.59900 5.06775
17.60000 4.92909
17.60100 4.93742
17.60200 5.01417
17.60300 5.03101
17.60400 5.05793
17.60500 4.97010
17.60600 4.92095
17.60700 4.98230
17.60800 4.97762
17.60900 4.97234
17.61000 4.99882
17.61100 4.97782
17.61200 5.00038
17.61300 4.97775
17.61400 5.04308
17.61500 5.10099
17.61600 4.99363
17.61700 4.98956
17.61800 5.04513
17.61900 4.93828
17.62000 4.93093
17.62100 5.08155
17.62200 4.91050
17.62300 4.92643
17.62400 5.04899
17.62500 5.06321
17.62600 4.92449
17.62700 4.98547
17.62800 5.00490
17.62900 4.91521
17.63000 5.00656
17.63100 4.97828
17.63200 5.08910
17.63300 4.94210
17.63400 4.98410
17.63500 4.99316
17.63600 4.97017
17.63700 4.99740
17.63800 5.00001
17.63900 4.97577
17.64000 5.03337
17.64100 4.97970
17.64200 4.94358
17.64300 4.94493
17.64400 5.09330
17.64500 5.06352
17.64600 4.98404
17.64700 4.99961
17.64800 4.98680
17.64900 5.01430
17.65000 5.05162
17.65100 4.95664
17.65200 5.08672
17.65300 4.98009
17.65400 4.99630
17.65500 4.97147
17.65600 5.06077
17.65700 4.96483
17.65800 5.03579
17.65900 5.06588
17.66000 4.94997
17.66100 4.95394
17.66200 5.06628
17.66300 5.00214
17.66400 4.93247
17.66500 5.06197
17.66600 5.07865
17.66700 5.02627
17.66800 5.03609
17.66900 5.08592
17.67000 5.02606
17.67100 4.95092
17.67200 4.97908
17.67300 5.05912
17.67400 4.97153
17.67500 4.95689
17.67600 4.99711
17.67700 5.03104
17.67800 4.99762
17.67900 5.00537
17.68000 5.05950
17.68100 4.95322
17.68200 4.98839
17.68300 4.97221
17.68400 4.94213
17.68500 4.97903
17.68600 5.01532
17.68700 5.03314
17.68800 4.99790
17.68900 4.99465
17.69000 4.98209
17.69100 5.03807
17.69200 5.01408
17.69300 5.03680
17.69400 5.00627
17.69500 5.01707
17.69600 5.02072
17.69700 4.96220
17.69800 4.98362
17.69900 5.05631
17.70000 4.94559
17.70100 4.94152
17.70200 4.88933
17.70300 4.90418
17.70400 5.04988
17.70500 4.95607
17.70600 4.95042
17.70700 4.93279
17.70800 5.02824
17.70900 5.02825
17.71000 5.02403
17.71100 4.92599
17.71200 5.04434
17.71300 4.99239
17.71400 4.92217
17.71500 5.08859
17.71600 5.03327
17.71700 4.99133
17.71800 4.87068
17.71900 4.96877
17.72000 4.94536
17.72100 5.09875
17.72200 5.01481
17.72300 5.01636
17.72400 5.05562
17.72500 5.03524
17.72600 5.01206
17.72700 5.01299
17.72800 5.03811
17.72900 5.01325
17.73000 5.03590
17.73100 5.01746
17.73200 4.92845
17.73300 5.06058
17.73400 5.00475
17.73500 4.96786
17.73600 5.03587
17.73700 5.01391
17.73800 5.02284
17.73900 4.98738
17.74000 5.01530
17.74100 5.00378
17.74200 5.06232
17.74300 5.00706
17.74400 5.02704
17.74500 4.98714
17.74600 5.01066
17.74700 4.92866
17.74800 5.05407
17.74900 5.03872
17.75000 4.99552
17.75100 4.96874
17.75200 4.95642
17.75300 5.02490
17.75400 5.05957
17.75500 4.91348
17.75600 4.96115
17.75700 4.99901
17.75800 5.06659
17.75900 4.97087
17.76000 4.93234
17.76100 4.99668
17.76200 5.03717
17.76300 5.02439
17.76400 4.97625
17.76500 4.96897
17.76600 5.09433
17.76700 4.96678
17.76800 5.03393
17.76900 5.06310
17.77000 4.96977
17.77100 5.04606
17.77200 5.07159
17.77300 5.01801
17.77400 4.98438
17.77500 5.06221
17.77600 5.00672
17.77700 4.92165
17.77800 5.00838
17.77900 4.98942
17.78000 5.09160
17.78100 5.08880
17.78200 5.03045
17.78300 5.07323
17.78400 4.91803
17.78500 5.04425
17.78600 4.99234
17.78700 5.03122
17.78800 5.11278
17.78900 5.01850
17.79000 5.03464
17.79100 4.93175
17.79200 4.95933
17.79300 5.02292
17.79400 4.96436
17.79500 5.03129
17.79600 4.92367
17.79700 5.04941
17.79800 5.00608
17.79900 5.01493
17.80000 5.05627
17.80100 5.05803
17.80200 4.94118
17.80300 5.03574
17.80400 4.99194
17.80500 5.04206
17.80600 5.00823
17.80700 5.03645
17.80800 5.03141
17.80900 5.08094
17.81000 4.99231
17.81100 4.91025
17.81200 4.98736
17.81300 4.91642
17.81400 4.98578
17.81500 4.89670
17.81600 4.98831
17.81700 5.02024
17.81800 5.03408
17.81900 4.97272
17.82000 4.95078
17.82100 4.98749
17.82200 4.96702
17.82300 4.90173
17.82400 4.96549
17.82500 5.00640
17.82600 5.00602
17.82700 5.03622
17.82800 4.99790
17.82900 4.99736
17.83000 5.06226
17.83100 4.96727
17.83200 4.96711
17.83300 5.01030
17.83400 4.98393
17.83500 5.04523
17.83600 5.02598
17.83700 4.97494
17.83800 4.93525
17.83900 4.92144
17.84000 4.92829
17.84100 5.02690
17.84200 4.98969
17.84300 4.92977
17.84400 5.05037
17.84500 5.03081
17.84600 4.97963
17.84700 5.11064
17.84800 4.87363
17.84900 5.04090
17.85000 4.92558
17.85100 5.04073
17.85200 5.04722
17.85300 4.99522
17.85400 4.93956
17.85500 5.02957
17.85600 4.96243
17.85700 5.06843
17.85800 5.00292
17.85900 5.02404
17.86000 5.01205
17.86100 5.09987
17.86200 4.99214
17.86300 4.96610
17.86400 5.03950
17.86500 4.87014
17.86600 4.93698
17.86700 5.10239
17.86800 5.03257
17.86900 4.98755
17.87000 5.08951
17.87100 5.06771
17.87200 4.99432
17.87300 5.00625
17.87400 5.10009
17.87500 5.03830
17.87600 4.99991
17.87700 4.96020
17.87800 5.01368
17.87900 4.96798
17.88000 5.04497
17.88100 4.95253
17.88200 4.96442
17.88300 4.93981
17.88400 5.02406
17.88500 5.00627
17.88600 5.02170
17.88700 5.02870
17.88800 5.02194
17.88900 5.00781
17.89000 4.93024
17.89100 5.03263
17.89200 5.01509
17.89300 5.06983
17.89400 4.97785
17.89500 5.04612
17.89600 4.93762
17.89700 4.98179
17.89800 5.02008
17.89900 5.03731
17.90000 5.09547
17.90100 5.04059
17.90200 4.96130
17.90300 5.08448
17.90400 5.01402
17.90500 5.02874
17.90600 5.01662
17.90700 5.01416
17.90800 4.94426
17.90900 5.01558
17.91000 5.02854
17.91100 5.01401
17.91200 4.98981
17.91300 5.07454
17.91400 4.93865
17.91500 5.04762
17.91600 5.10604
17.91700 5.00459
17.91800 5.04371
17.91900 5.01503
17.92000 5.05034
17.92100 4.99588
17.92200 4.96458
17.92300 4.91347
17.92400 4.96541
17.92500 5.01630
17.92600 5.01129
17.92700 4.95190
17.92800 4.98974
17.92900 5.05535
17.93000 5.10082
17.93100 5.00242
17.93200 4.88863
17.93300 5.00235
17.93400 5.05193
17.93500 5.04743
17.93600 5.00107
17.93700 5.04113
17.93800 5.00113
17.93900 5.11147
17.94000 4.91962
17.94100 4.99451
17.94200 4.96242
17.94300 4.95191
17.94400 4.95881
17.94500 4.94945
17.94600 4.82813
17.94700 5.12269
17.94800 4.90922
17.94900 4.96645
17.95000 4.94778
17.95100 4.93276
17.95200 4.99465
17.95300 4.98016
17.95400 5.04572
17.95500 4.95648
17.95600 5.00210
17.95700 4.89863
17.95800 5.01181
17.95900 5.06156
17.96000 5.01048
17.96100 5.07791
17.96200 4.98600
17.96300 4.99186
17.96400 4.97586
17.96500 4.97472
17.96600 4.97553
17.96700 5.04876
17.96800 5.08590
17.96900 4.99203
17.97000 4.97279
17.97100 5.06422
17.97200 5.05678
17.97300 5.04893
17.97400 4.98934
17.97500 4.96111
17.97600 5.04634
17.97700 5.09490
17.97800 4.99780
17.97900 5.06799
17.98000 5.06789
17.98100 5.08028
17.98200 5.00462
17.98300 5.04722
17.98400 5.06211
17.98500 5.04239
17.98600 5.05778
17.98700 4.98712
17.98800 4.97212
17.98900 4.85177
17.99000 5.03750
17.99100 5.01660
17.99200 5.05205
17.99300 4.96818
17.99400 5.03607
17.99500 5.02730
17.99600 4.98574
17.99700 4.97748
17.99800 4.93457
17.99900 4.98141
18.00000 4.97851
18.00100 4.89930
18.00200 4.91799
18.00300 4.97361
18.00400 5.09085
18.00500 5.02499
18.00600 4.91698
18.00700 4.95488
18.00800 5.03425
18.00900 5.04235
18.01000 4.99361
18.01100 5.00708
18.01200 4.96237
18.01300 5.04743
18.01400 5.07601
18.01500 4.98458
18.01600 5.00125
18.01700 5.02073
18.01800 5.04328
18.01900 5.06709
18.02000 5.05422
18.02100 5.01714
18.02200 4.93894
18.02300 4.96375
18.02400 4.96860
18.02500 4.98134
18.02600 5.03199
18.02700 4.93090
18.02800 4.96519
18.02900 4.98902
18.03000 5.10767
18.03100 5.07629
18.03200 5.00902
18.03300 5.01199
18.03400 5.01862
18.03500 5.00095
18.03600 4.98063
18.03700 4.99422
18.03800 5.00859
18.03900 4.98998
18.04000 5.04390
18.04100 4.96150
18.04200 5.01670
18.04300 4.93551
18.04400 5.01375
18.04500 4.95441
18.04600 5.00859
18.04700 5.00429
18.04800 5.03700
18.04900 5.03057
18.05000 5.01103
18.05100 5.04521
18.05200 4.96792
18.05300 5.08897
18.05400 4.95044
18.05500 5.00390
18.05600 5.00567
18.05700 4.97778
18.05800 5.04292
18.05900 4.96566
18.06000 4.98556
18.06100 4.99812
18.06200 4.97033
18.06300 4.99731
18.06400 4.99305
18.06500 5.04677
18.06600 5.02318
18.06700 4.97494
18.06800 5.00512
18.06900 5.04456
18.07000 4.92995
18.07100 5.01754
18.07200 5.04496
18.07300 4.93744
18.07400 4.92053
18.07500 4.94013
18.07600 0.16069
18.07700 0.10838
18.07800 0.21684
18.07900 0.16119
18.08000 0.15355
18.08100 0.20679
18.08200 0.21008
18.08300 0.19185
18.08400 0.20026
18.08500 0.25528
18.08600 0.26516
18.08700 0.24011
18.08800 0.27739
18.08900 0.24921
18.09000 0.23121
18.09100 0.18529
18.09200 0.24023
18.09300 0.13122
18.09400 0.21302
18.09500 0.21089
18.09600 4.97077
18.09700 5.02057
18.09800 5.01581
18.09900 4.95527
18.10000 4.97046
18.10100 4.91491
18.10200 4.99667
18.10300 5.04070
18.10400 4.95809
18.10500 5.00732
18.10600 4.96580
18.10700 4.92907
18.10800 5.03811
18.10900 5.00767
18.11000 4.92698
18.11100 5.03349
18.11200 4.99522
18.11300 4.92519
18.11400 5.10163
18.11500 4.95055
18.11600 5.04855
18.11700 5.04172
18.11800 5.04823
18.11900 4.93504
18.12000 5.04084
18.12100 5.09559
18.12200 4.95929
18.12300 5.07200
18.12400 5.04797
18.12500 5.00523
18.12600 4.97369
18.12700 5.00947
18.12800 5.08623
18.12900 5.00265
18.13000 5.03328
18.13100 4.98782
18.13200 4.91617
18.13300 4.90070
18.13400 5.10131
18.13500 5.09989
18.13600 5.05204
18.13700 5.00519
18.13800 4.98114
18.13900 5.08528
18.14000 5.01549
18.14100 5.06161
18.14200 5.04818
18.14300 4.90165
18.14400 4.92988
18.14500 5.04936
18.14600 5.01750
18.14700 4.93735
18.14800 5.05374
18.14900 5.03560
18.15000 4.99052
18.15100 5.04414
18.15200 5.00891
18.15300 5.03220
18.15400 5.04784
18.15500 5.08583
18.15600 5.01333
18.15700 5.04206
18.15800 5.01838
18.15900 4.97594
18.16000 4.93110
18.16100 4.97510
18.16200 5.01255
18.16300 5.00673
18.16400 4.94592
18.16500 5.00392
18.16600 5.02910
18.16700 4.99416
18.16800 5.07543
18.16900 4.97989
18.17000 5.10938
18.17100 4.98457
18.17200 5.13159
18.17300 5.04766
18.17400 5.04216
18.17500 5.03914
18.17600 5.06041
18.17700 4.98131
18.17800 4.97914
18.17900 4.96816
18.18000 5.02555
18.18100 5.02092
18.18200 5.06673
18.18300 4.91594
18.18400 5.01054
18.18500 4.96499
18.18600 5.11155
18.18700 5.02706
18.18800 4.91607
18.18900 4.96135
18.19000 4.88703
18.19100 5.08326
18.19200 5.00352
18.19300 4.96288
18.19400 5.02973
18.19500 5.00220
18.19600 5.00223
18.19700 4.95009
18.19800 4.98876
18.19900 4.92185
18.20000 5.03346
18.20100 5.01426
18.20200 4.96955
18.20300 4.92524
18.20400 5.01208
18.20500 5.04542
18.20600 5.04682
18.20700 4.96692
18.20800 4.93742
18.20900 4.96682
18.21000 4.96756
18.21100 5.03207
18.21200 5.00756
18.21300 5.04734
18.21400 5.01052
18.21500 4.99717
18.21600 5.02562
18.21700 5.02208
18.21800 4.97907
18.21900 5.01151
18.22000 4.91397
18.22100 4.99288
18.22200 4.91695
18.22300 5.02793
18.22400 4.93206
18.22500 5.01836
18.22600 4.98850
18.22700 4.99926
18.22800 4.91009
18.22900 4.96064
18.23000 5.03481
18.23100 4.96673
18.23200 4.95993
18.23300 4.95430
18.23400 4.97303
18.23500 5.04761
18.23600 5.07408
18.23700 4.98413
18.23800 4.98590
18.23900 5.00806
18.24000 5.00283
18.24100 4.94348
18.24200 4.97864
18.24300 5.00589
18.24400 4.97828
18.24500 5.02181
18.24600 5.04381
18.24700 4.94631
18.24800 4.95518
18.24900 4.99212
18.25000 4.92913
18.25100 5.07099
18.25200 5.00750
18.25300 5.01850
18.25400 5.04241
18.25500 4.89403
18.25600 5.01077
18.25700 4.94147
18.25800 5.00557
18.25900 4.99512
18.26000 4.96458
18.26100 5.00261
18.26200 5.05435
18.26300 5.06154
18.26400 5.01835
18.26500 4.93319
18.26600 5.02355
18.26700 4.96510
18.26800 4.97393
18.26900 5.02748
18.27000 5.01195
18.27100 5.02174
18.27200 5.03093
18.27300 4.99763
18.27400 5.04610
18.27500 4.99270
18.27600 4.92093
18.27700 5.03884
18.27800 4.94310
18.27900 4.98742
18.28000 5.03374
18.28100 5.08046
18.28200 4.97654
18.28300 4.95696
18.28400 4.97770
18.28500 5.07977
18.28600 4.99875
18.28700 4.99739
18.28800 5.00964
18.28900 5.01534
18.29000 4.92736
18.29100 4.99837
18.29200 5.03615
18.29300 4.98104
18.29400 5.00214
18.29500 4.99957
18.29600 4.98830
18.29700 4.94904
18.29800 4.97948
18.29900 4.97250
18.30000 5.03406
18.30100 5.08398
18.30200 4.91352
18.30300 4.98470
18.30400 4.99001
18.30500 4.95602
18.30600 5.09571
18.30700 4.98755
18.30800 4.91829
18.30900 4.96319
18.31000 5.07585
18.31100 4.95191
18.31200 4.97911
18.31300 4.95160
18.31400 4.93535
18.31500 5.02235
18.31600 5.05251
18.31700 4.93218
18.31800 5.10799
18.31900 5.01022
18.32000 4.93238
18.32100 5.02656
18.32200 5.00731
18.32300 4.99237
18.32400 5.01934
18.32500 4.99247
18.32600 5.01615
18.32700 5.02935
18.32800 4.94959
18.32900 5.09253
18.33000 5.01736
18.33100 4.96278
18.33200 4.96120
18.33300 5.03001
18.33400 5.00037
18.33500 4.98169
18.33600 4.95796
18.33700 4.99382
18.33800 5.00016
18.33900 5.01455
18.34000 5.06494
18.34100 4.97058
18.34200 5.00123
18.34300 4.97462
18.34400 4.89606
18.34500 4.96142
18.34600 4.97590
18.34700 5.05795
18.34800 5.02831
18.34900 4.90479
18.35000 5.12710
18.35100 5.06571
18.35200 4.94947
18.35300 4.98108
18.35400 5.04537
18.35500 5.00972
18.35600 5.00403
18.35700 4.99347
18.35800 5.04644
18.35900 5.00529
18.36000 5.07864
18.36100 4.98347
18.36200 4.99312
18.36300 5.06240
18.36400 4.98215
18.36500 4.98042
18.36600 5.00570
18.36700 4.96622
18.36800 4.98698
18.36900 5.00059
18.37000 5.01551
18.37100 4.92551
18.37200 4.94732
18.37300 5.02052
18.37400 5.05306
18.37500 5.00653
18.37600 5.00462
18.37700 4.99110
18.37800 4.98722
18.37900 5.03982
18.38000 5.00947
18.38100 4.99235
18.38200 4.95090
18.38300 5.01289
18.38400 4.96414
18.38500 5.06106
18.38600 4.97299
18.38700 4.90353
18.38800 5.03281
18.38900 5.00047
18.39000 5.02024
18.39100 5.00503
18.39200 5.00048
18.39300 5.04926
18.39400 4.97827
18.39500 4.96041
18.39600 4.94109
18.39700 5.02563
18.39800 5.11240
18.39900 4.98400
18.40000 5.03001
18.40100 5.13443
18.40200 4.97916
18.40300 4.93902
18.40400 4.98640
18.40500 4.99381
18.40600 4.98604
18.40700 5.00350
18.40800 5.02533
18.40900 4.99836
18.41000 5.06812
18.41100 5.04219
18.41200 4.98822
18.41300 5.02405
18.41400 4.90566
18.41500 5.03678
18.41600 5.03957
18.41700 5.07218
18.41800 4.93640
18.41900 5.01141
18.42000 4.99186
18.42100 4.94106
18.42200 5.03336
18.42300 4.97532
18.42400 5.08433
18.42500 5.01433
18.42600 5.04838
18.42700 5.01838
18.42800 5.02910
18.42900 4.96109
18.43000 4.96812
18.43100 5.01061
18.43200 5.03031
18.43300 4.96127
18.43400 4.98040
18.43500 4.96737
18.43600 4.96219
18.43700 4.99138
18.43800 4.95407
18.43900 4.96739
18.44000 5.05880
18.44100 5.03964
18.44200 4.87076
18.44300 5.04362
18.44400 5.10721
18.44500 5.01546
18.44600 4.99273
18.44700 4.98356
18.44800 4.91899
18.44900 5.01407
18.45000 4.96317
18.45100 4.96695
18.45200 5.04058
18.45300 4.98244
18.45400 5.05668
18.45500 5.04646
18.45600 4.92524
18.45700 5.04287
18.45800 5.01730
18.45900 4.95369
18.46000 4.94335
18.46100 5.03217
18.46200 4.99338
18.46300 4.94850
18.46400 4.94319
18.46500 4.95892
18.46600 5.07282
18.46700 5.02442
18.46800 4.96237
18.46900 5.02743
18.47000 5.01603
18.47100 5.00865
18.47200 4.99599
18.47300 5.00529
18.47400 5.02344
18.47500 4.89446
18.47600 4.95751
18.47700 4.95154
18.47800 5.01515
18.47900 5.00100
18.48000 4.97939
18.48100 5.03899
18.48200 4.97593
18.48300 4.97084
18.48400 4.98233
18.48500 4.99499
18.48600 4.87892
18.48700 5.09272
18.48800 4.99526
18.48900 4.99559
18.49000 4.96935
18.49100 5.02670
18.49200 5.03612
18.49300 4.98825
18.49400 4.99535
18.49500 5.05430
18.49600 5.05085
18.49700 5.03035
18.49800 4.94134
18.49900 4.98229
18.50000 4.99185
18.50100 4.87358
18.50200 4.87881
18.50300 4.88826
18.50400 5.05626
18.50500 5.01953
18.50600 4.97535
18.50700 4.98312
18.50800 5.02625
18.50900 5.06737
18.51000 5.00513
18.51100 4.93285
18.51200 5.01137
18.51300 5.02663
18.51400 5.01559
18.51500 4.92116
18.51600 5.00494
18.51700 4.96200
18.51800 4.93787
18.51900 4.94385
18.52000 5.00942
18.52100 5.01413
18.52200 5.01144
18.52300 5.00508
18.52400 4.96884
18.52500 4.91713
18.52600 5.04575
18.52700 5.03626
18.52800 4.94512
18.52900 5.04902
18.53000 5.00183
18.53100 5.01070
18.53200 4.89563
18.53300 4.96773
18.53400 4.98706
18.53500 4.96993
18.53600 5.00694
18.53700 5.05136
18.53800 5.08630
18.53900 5.06703
18.54000 4.90757
18.54100 5.04641
18.54200 4.95356
18.54300 4.95219
18.54400 5.04846
18.54500 4.97957
18.54600 4.99920
18.54700 4.93020
18.54800 4.97018
18.54900 4.99025
18.55000 5.02787
18.55100 5.03900
18.55200 5.04000
18.55300 4.88138
18.55400 4.97813
18.55500 4.97252
18.55600 4.95504
18.55700 5.00278
18.55800 4.98292
18.55900 4.94934
18.56000 4.94574
18.56100 4.99102
18.56200 5.15261
18.56300 5.06308
18.56400 4.92244
18.56500 4.98871
18.56600 4.99491
18.56700 4.98357
18.56800 5.06116
18.56900 4.96275
18.57000 4.98033
18.57100 5.03184
18.57200 5.00741
18.57300 5.01611
18.57400 4.95046
18.57500 4.97048
18.57600 5.03584
18.57700 5.00614
18.57800 5.08532
18.57900 4.90372
18.58000 4.94686
18.58100 5.03691
18.58200 5.05858
18.58300 5.03179
18.58400 5.02223
18.58500 4.96948
18.58600 4.97901
18.58700 4.94228
18.58800 4.97825
18.58900 4.92885
18.59000 4.99656
18.59100 4.96606
18.59200 4.98316
18.59300 4.96039
18.59400 5.03174
18.59500 5.01231
18.59600 4.95368
18.59700 5.02734
18.59800 4.99361
18.59900 4.96060
18.60000 4.92286
18.60100 5.05530
18.60200 4.96480
18.60300 5.04365
18.60400 5.03514
18.60500 4.97438
18.60600 5.01067
18.60700 4.95945
18.60800 5.00335
18.60900 4.96884
18.61000 4.96901
18.61100 5.06236
18.61200 5.02677
18.61300 4.98708
18.61400 4.99696
18.61500 5.04538
18.61600 4.96038
18.61700 5.00446
18.61800 4.99637
18.61900 4.93902
18.62000 5.03815
18.62100 4.97404
18.62200 4.89471
18.62300 5.01168
18.62400 4.98260
18.62500 4.89853
18.62600 4.97754
18.62700 5.05915
18.62800 5.01061
18.62900 4.94804
18.63000 5.02482
18.63100 5.00195
18.63200 5.01305
18.63300 5.01863
18.63400 4.95121
18.63500 4.96327
18.63600 5.08435
18.63700 5.04734
18.63800 5.05317
18.63900 4.97807
18.64000 4.98438
18.64100 5.01854
18.64200 5.04237
18.64300 4.96609
18.64400 5.08195
18.64500 4.91820
18.64600 5.00342
18.64700 4.97678
18.64800 4.88431
18.64900 5.00498
18.65000 4.98322
18.65100 4.93582
18.65200 4.97537
18.65300 5.01675
18.65400 5.04496
18.65500 4.96358
18.65600 5.01597
18.65700 4.93009
18.65800 5.01221
18.65900 4.96688
18.66000 5.00963
18.66100 5.07320
18.66200 5.05057
18.66300 4.92669
18.66400 5.00161
18.66500 4.94781
18.66600 4.97991
18.66700 5.04602
18.66800 4.93624
18.66900 5.05780
18.67000 5.03061
18.67100 4.95281
18.67200 5.02640
18.67300 4.98011
18.67400 4.98453
18.67500 4.98324
18.67600 5.08530
18.67700 5.02112
18.67800 5.01411
18.67900 5.04238
18.68000 4.97446
18.68100 5.04947
18.68200 5.01143
18.68300 4.96213
18.68400 4.99334
18.68500 5.01886
18.68600 5.00780
18.68700 5.07049
18.68800 5.05205
18.68900 5.02535
18.69000 4.99042
18.69100 5.02869
18.69200 5.01280
18.69300 5.00773
18.69400 4.95507
18.69500 4.95421
18.69600 4.97706
18.69700 4.92829
18.69800 4.95891
18.69900 4.97510
18.70000 5.04034
18.70100 4.99043
18.70200 5.09410
18.70300 5.10132
18.70400 5.00663
18.70500 5.02737
18.70600 5.00055
18.70700 5.00710
18.70800 5.02224
18.70900 5.03228
18.71000 4.98881
18.71100 4.96171
18.71200 5.05474
18.71300 4.94326
18.71400 5.05175
18.71500 5.11347
18.71600 5.00072
18.71700 5.01111
18.71800 4.98251
18.71900 4.93440
18.72000 4.98280
18.72100 4.92678
18.72200 5.02993
18.72300 4.98100
18.72400 5.03538
18.72500 4.97858
18.72600 4.96912
18.72700 5.03588
18.72800 5.04816
18.72900 4.95977
18.73000 5.02368
18.73100 5.09024
18.73200 4.93491
18.73300 5.01820
18.73400 4.97936
18.73500 5.01032
18.73600 5.03826
18.73700 4.99562
18.73800 4.94082
18.73900 5.03518
18.74000 5.00016
18.74100 5.08321
18.74200 5.02931
18.74300 4.99955
18.74400 5.03016
18.74500 5.04842
18.74600 4.94247
18.74700 4.96836
18.74800 5.02621
18.74900 5.02475
18.75000 4.97299
18.75100 5.01006
18.75200 5.03467
18.75300 5.00754
18.75400 4.95386
18.75500 4.87592
18.75600 4.97225
18.75700 4.99305
18.75800 4.96996
18.75900 5.02008
18.76000 5.01960
18.76100 4.93415
18.76200 5.01357
18.76300 5.03251
18.76400 5.04101
18.76500 5.00794
18.76600 5.00953
18.76700 4.97192
18.76800 5.07561
18.76900 5.03122
18.77000 5.02154
18.77100 5.02523
18.77200 5.04758
18.77300 4.97752
18.77400 4.91617
18.77500 4.95071
18.77600 5.07536
18.77700 4.97546
18.77800 5.01956
18.77900 5.01820
18.78000 5.06415
18.78100 4.99893
18.78200 5.04772
18.78300 5.05751
18.78400 4.97533
18.78500 4.98684
18.78600 0.19971
18.78700 0.17217
18.78800 0.20332
18.78900 0.19330
18.79000 0.26715
18.79100 0.22203
18.79200 0.24490
18.79300 0.26696
18.79400 0.28711
18.79500 0.17407
18.79600 0.26585
18.79700 0.27714
18.79800 0.17183
18.79900 0.12246
18.80000 0.21681
18.80100 0.07867
18.80200 0.20481
18.80300 0.18272
18.80400 0.22358
18.80500 0.15691
18.80600 4.99244
18.80700 4.98687
18.80800 4.94912
18.80900 5.02456
18.81000 5.02479
18.81100 5.04406
18.81200 4.95502
18.81300 5.00287
18.81400 4.87927
18.81500 4.96731
18.81600 4.98857
18.81700 5.03708
18.81800 5.01825
18.81900 5.10882
18.82000 4.97788
18.82100 4.97833
18.82200 5.00654
18.82300 5.07613
18.82400 4.97320
18.82500 5.01039
18.82600 5.02391
18.82700 5.00009
18.82800 4.94513
18.82900 5.00221
18.83000 4.97316
18.83100 4.93981
18.83200 5.01631
18.83300 5.01450
18.83400 5.04512
18.83500 4.96431
18.83600 4.96023
18.83700 5.04319
18.83800 5.01317
18.83900 4.96680
18.84000 4.96288
18.84100 5.02475
18.84200 4.92386
18.84300 5.03327
18.84400 4.97291
18.84500 4.96249
18.84600 5.11090
18.84700 5.08484
18.84800 4.90791
18.84900 4.93339
18.85000 5.00787
18.85100 5.04055
18.85200 4.99225
18.85300 4.96042
18.85400 4.98958
18.85500 5.00119
18.85600 4.93382
18.85700 4.92859
18.85800 4.90929
18.85900 5.05591
18.86000 5.02721
18.86100 5.02604
18.86200 4.98760
18.86300 5.05307
18.86400 4.99389
18.86500 5.04186
18.86600 4.95054
18.86700 5.02373
18.86800 5.02811
18.86900 5.02282
18.87000 4.98499
18.87100 4.95926
18.87200 5.01461
18.87300 5.01962
18.87400 5.02352
18.87500 4.99123
18.87600 4.99684
18.87700 4.94094
18.87800 4.96948
18.87900 5.09456
18.88000 4.99816
18.88100 4.99384
18.88200 5.02474
18.88300 5.03473
18.88400 4.95327
18.88500 5.02022
18.88600 5.00108
18.88700 5.00607
18.88800 5.01243
18.88900 4.90294
18.89000 4.96333
18.89100 5.00726
18.89200 5.01432
18.89300 5.09025
18.89400 5.03465
18.89500 5.10503
18.89600 4.94291
18.89700 5.04473
18.89800 5.10528
18.89900 5.05439
18.90000 5.03733
18.90100 5.01517
18.90200 5.05770
18.90300 4.99283
18.90400 4.93543
18.90500 4.94428
18.90600 4.86766
18.90700 4.98503
18.90800 5.00359
18.90900 4.88620
18.91000 5.06278
18.91100 4.99965
18.91200 4.94767
18.91300 4.94809
18.91400 4.96918
18.91500 5.04435
18.91600 5.03172
18.91700 5.00073
18.91800 5.01311
18.91900 4.97370
18.92000 4.97169
18.92100 5.02276
18.92200 5.00688
18.92300 5.01534
18.92400 4.99237
18.92500 5.05376
18.92600 5.03056
18.92700 4.99364
18.92800 5.06761
18.92900 4.94110
18.93000 4.90462
18.93100 4.88650
18.93200 5.02074
18.93300 5.01294
18.93400 5.00593
18.93500 5.09918
18.93600 4.99991
18.93700 4.94431
18.93800 5.06136
18.93900 4.93870
18.94000 4.95025
18.94100 5.12885
18.94200 5.02351
18.94300 4.99317
18.94400 5.02500
18.94500 4.95487
18.94600 5.06725
18.94700 4.95122
18.94800 5.01023
18.94900 4.90668
18.95000 5.01292
18.95100 5.03384
18.95200 5.08835
18.95300 5.05405
18.95400 4.98616
18.95500 4.99950
18.95600 5.00944
18.95700 4.98054
18.95800 4.96457
18.95900 4.99831
18.96000 5.06347
18.96100 4.93013
18.96200 5.00260
18.96300 5.06653
18.96400 4.95434
18.96500 4.89626
18.96600 5.00828
18.96700 4.90791
18.96800 5.02016
18.96900 4.98071
18.97000 5.01392
18.97100 4.93368
18.97200 4.92026
18.97300 5.08049
18.97400 5.07489
18.97500 5.02915
18.97600 4.99104
18.97700 4.98002
18.97800 4.93394
18.97900 4.98944
18.98000 5.06711
18.98100 4.97942
18.98200 5.02202
18.98300 5.02970
18.98400 4.98280
18.98500 4.95789
18.98600 4.94554
18.98700 5.03657
18.98800 4.88033
18.98900 5.03561
18.99000 4.97739
18.99100 4.95818
18.99200 5.03726
18.99300 4.94276
18.99400 4.99959
18.99500 5.06947
18.99600 4.96730
18.99700 4.92356
18.99800 4.97299
18.99900 5.02318
19.00000 4.95806
19.00100 5.04105
19.00200 4.90240
19.00300 5.03012
19.00400 5.05800
19.00500 4.93999
19.00600 5.01006
19.00700 4.93838
19.00800 4.90722
19.00900 5.05450
19.01000 4.94632
19.01100 4.91499
19.01200 5.00295
19.01300 4.99635
19.01400 4.96915
19.01500 5.01691
19.01600 5.03641
19.01700 4.98284
19.01800 4.96812
19.01900 5.01731
19.02000 4.98417
19.02100 4.86205
19.02200 4.96961
19.02300 4.98568
19.02400 5.07867
19.02500 4.91285
19.02600 5.04334
19.02700 4.92574
19.02800 5.05099
19.02900 4.95762
19.03000 5.05359
19.03100 5.11025
19.03200 4.94919
19.03300 4.95767
19.03400 4.94624
19.03500 5.01404
19.03600 5.04635
19.03700 5.00153
19.03800 4.95684
19.03900 4.95078
19.04000 4.95563
19.04100 4.97128
19.04200 4.89590
19.04300 5.03997
19.04400 4.93568
19.04500 4.99009
19.04600 5.09844
19.04700 5.00216
19.04800 4.92898
19.04900 5.04071
19.05000 4.99306
19.05100 4.93392
19.05200 5.03567
19.05300 5.01504
19.05400 5.04371
19.05500 5.06042
19.05600 4.90751
19.05700 5.01958
19.05800 4.95055
19.05900 5.05571
19.06000 4.89416
19.06100 5.01027
19.06200 5.03138
19.06300 5.07264
19.06400 5.01702
19.06500 5.08362
19.06600 4.98592
19.06700 4.95778
19.06800 4.97223
19.06900 4.96715
19.07000 4.99840
19.07100 4.93002
19.07200 4.98690
19.07300 5.01145
19.07400 5.11027
19.07500 4.93100
19.07600 5.00896
19.07700 5.03530
19.07800 4.97028
19.07900 5.04497
19.08000 4.97687
19.08100 4.97871
19.08200 5.04753
19.08300 5.02048
19.08400 4.86537
19.08500 4.95554
19.08600 5.00285
19.08700 4.89096
19.08800 5.04425
19.08900 5.08690
19.09000 5.06725
19.09100 4.96301
19.09200 4.94331
19.09300 4.95333
19.09400 4.94203
19.09500 4.95052
19.09600 5.00259
19.09700 4.92789
19.09800 4.99741
19.09900 4.98095
19.10000 4.99111
19.10100 4.98965
19.10200 4.98972
19.10300 4.94628
19.10400 4.97355
19.10500 4.97672
19.10600 5.01483
19.10700 5.00518
19.10800 5.02590
19.10900 4.94578
19.11000 4.98617
19.11100 5.01204
19.11200 4.97895
19.11300 4.99733
19.11400 5.05879
19.11500 5.04865
19.11600 4.96555
19.11700 5.01069
19.11800 4.95193
19.11900 4.98819
19.12000 4.90884
19.12100 5.00690
19.12200 4.97209
19.12300 5.00938
19.12400 5.05443
19.12500 4.99074
19.12600 5.01740
19.12700 4.96887
19.12800 5.04116
19.12900 4.99550
19.13000 5.11071
19.13100 5.07932
19.13200 4.96246
19.13300 5.05114
19.13400 4.96276
19.13500 5.03073
19.13600 5.08324
19.13700 4.99428
19.13800 4.90647
19.13900 4.98175
19.14000 4.94807
19.14100 4.96738
19.14200 5.03653
19.14300 5.07589
19.14400 5.05592
19.14500 4.97824
19.14600 5.04309
19.14700 4.90192
19.14800 5.09675
19.14900 5.01947
19.15000 5.00425
19.15100 4.99873
19.15200 5.11829
19.15300 5.02326
19.15400 4.96688
19.15500 4.99041
19.15600 4.94157
19.15700 5.03598
19.15800 5.04558
19.15900 4.95203
19.16000 5.02104
19.16100 5.00006
19.16200 5.04789
19.16300 5.04527
19.16400 5.06731
19.16500 5.00769
19.16600 4.92625
19.16700 4.96429
19.16800 4.98050
19.16900 4.95805
19.17000 5.02112
19.17100 4.97654
19.17200 5.02345
19.17300 4.97120
19.17400 5.00184
19.17500 5.04402
19.17600 5.09144
19.17700 5.03870
19.17800 5.01186
19.17900 4.96985
19.18000 4.96862
19.18100 5.04859
19.18200 5.01638
19.18300 5.04788
19.18400 4.99479
19.18500 4.99674
19.18600 4.94334
19.18700 4.97205
19.18800 5.02366
19.18900 5.10475
19.19000 5.08541
19.19100 4.98533
19.19200 5.01617
19.19300 4.95191
19.19400 4.94770
19.19500 4.89916
19.19600 5.03341
19.19700 4.99852
19.19800 4.86700
19.19900 4.98109
19.20000 5.09207
19.20100 5.01888
19.20200 4.93117
19.20300 5.02457
19.20400 5.02761
19.20500 4.95940
19.20600 4.94032
19.20700 4.98555
19.20800 4.99200
19.20900 5.03466
19.21000 4.95327
19.21100 4.98090
19.21200 5.02103
19.21300 5.06068
19.21400 4.99248
19.21500 5.01841
19.21600 5.08322
19.21700 5.03749
19.21800 5.03962
19.21900 4.94505
19.22000 5.01914
19.22100 4.95380
19.22200 4.95633
19.22300 5.05153
19.22400 4.96308
19.22500 5.01215
19.22600 5.00635
19.22700 4.95572
19.22800 4.92111
19.22900 4.87905
19.23000 4.96835
19.23100 5.00591
19.23200 4.95855
19.23300 5.03378
19.23400 4.94691
19.23500 5.11827
19.23600 4.95301
19.23700 5.02486
19.23800 5.00146
19.23900 4.98729
19.24000 4.96596
19.24100 4.89558
19.24200 4.92864
19.24300 4.95619
19.24400 4.89289
19.24500 5.02688
19.24600 4.92442
19.24700 5.00450
19.24800 4.97406
19.24900 4.94152
19.25000 5.04298
19.25100 5.07277
19.25200 4.95441
19.25300 5.02038
19.25400 4.98461
19.25500 4.99417
19.25600 5.01480
19.25700 4.88962
19.25800 4.95008
19.25900 4.94864
19.26000 4.98228
19.26100 5.02306
19.26200 4.91092
19.26300 5.03492
19.26400 5.01103
19.26500 5.00643
19.26600 4.95360
19.26700 5.01253
19.26800 5.02371
19.26900 5.01055
19.27000 5.05456
19.27100 5.04588
19.27200 4.96043
19.27300 5.00005
19.27400 5.00877
19.27500 5.00665
19.27600 4.92354
19.27700 4.93178
19.27800 5.02773
19.27900 5.03384
19.28000 4.98831
19.28100 4.90315
19.28200 4.98413
19.28300 4.93516
19.28400 5.07584
19.28500 5.00628
19.28600 4.98015
19.28700 5.12527
19.28800 4.96043
19.28900 5.00892
19.29000 5.05074
19.29100 5.04951
19.29200 4.96779
19.29300 4.97024
19.29400 5.03213
19.29500 4.98321
19.29600 5.05764
19.29700 5.01855
19.29800 5.01643
19.29900 4.98839
19.30000 4.98332
19.30100 5.01810
19.30200 5.04888
19.30300 5.02636
19.30400 4.96137
19.30500 4.99453
19.30600 4.94146
19.30700 4.94600
19.30800 4.93673
19.30900 5.03227
19.31000 5.09131
19.31100 5.05197
19.31200 5.00875
19.31300 4.93645
19.31400 4.94933
19.31500 5.05439
19.31600 5.12273
19.31700 5.04179
19.31800 4.95076
19.31900 5.01430
19.32000 5.13108
19.32100 5.01332
19.32200 4.97338
19.32300 4.99735
19.32400 5.04685
19.32500 4.98732
19.32600 4.92438
19.32700 4.97558
19.32800 5.01749
19.32900 4.97093
19.33000 4.89438
19.33100 5.01454
19.33200 5.00782
19.33300 4.91034
19.33400 4.89588
19.33500 5.05485
19.33600 5.03552
19.33700 5.02039
19.33800 5.08124
19.33900 5.01644
19.34000 4.90265
19.34100 5.03413
19.34200 4.96721
19.34300 5.04329
19.34400 5.07272
19.34500 4.98576
19.34600 5.02343
19.34700 5.06575
19.34800 4.98977
19.34900 4.95243
19.35000 4.97824
19.35100 4.95390
19.35200 5.08573
19.35300 5.03835
19.35400 4.97670
19.35500 5.03588
19.35600 5.11098
19.35700 5.00734
19.35800 5.08129
19.35900 4.91292
19.36000 4.94882
19.36100 4.97825
19.36200 5.03203
19.36300 4.98738
19.36400 4.91300
19.36500 4.98265
19.36600 5.03562
19.36700 5.03282
19.36800 4.94460
19.36900 4.96743
19.37000 4.99075
19.37100 5.00033
19.37200 5.02153
19.37300 5.02891
19.37400 4.89262
19.37500 5.02603
19.37600 4.96703
19.37700 5.01460
19.37800 4.96905
19.37900 5.08352
19.38000 4.95669
19.38100 4.96286
19.38200 4.92815
19.38300 4.94932
19.38400 4.99784
19.38500 5.06904
19.38600 4.95104
19.38700 5.02079
19.38800 5.01580
19.38900 5.11785
19.39000 4.91331
19.39100 5.05841
19.39200 5.10244
19.39300 5.02646
19.39400 4.95389
19.39500 5.09152
19.39600 4.98407
19.39700 4.94782
19.39800 5.07451
19.39900 4.97055
19.40000 5.05202
19.40100 5.02459
19.40200 5.00941
19.40300 5.01001
19.40400 5.03460
19.40500 4.90421
19.40600 4.91811
19.40700 4.98497
19.40800 5.07740
19.40900 5.01699
19.41000 4.99875
19.41100 5.01239
19.41200 4.96309
19.41300 5.00718
19.41400 5.03367
19.41500 5.03676
19.41600 5.06980
19.41700 4.96339
19.41800 4.97574
19.41900 5.03273
19.42000 5.08524
19.42100 4.97071
19.42200 5.08810
19.42300 4.97810
19.42400 4.99011
19.42500 5.06362
19.42600 5.00432
19.42700 5.00708
19.42800 4.94607
19.42900 4.99580
19.43000 5.09582
19.43100 4.98966
19.43200 5.01107
19.43300 4.92368
19.43400 4.99808
19.43500 4.99476
19.43600 4.97088
19.43700 4.99483
19.43800 4.99417
19.43900 5.00884
19.44000 4.98028
19.44100 4.97928
19.44200 4.99302
19.44300 4.95414
19.44400 4.96399
19.44500 5.00579
19.44600 4.97886
19.44700 5.02595
19.44800 4.97384
19.44900 5.06041
19.45000 5.02613
19.45100 5.08866
19.45200 4.92402
19.45300 4.89854
19.45400 5.09602
19.45500 4.96321
19.45600 4.93832
19.45700 5.04827
19.45800 5.08455
19.45900 5.13282
19.46000 5.08545
19.46100 4.96114
19.46200 4.96597
19.46300 5.01480
19.46400 4.95269
19.46500 5.02344
19.46600 4.97724
19.46700 5.03265
19.46800 4.97006
19.46900 4.89047
19.47000 4.96931
19.47100 4.95133
19.47200 4.98845
19.47300 5.00949
19.47400 4.97626
19.47500 5.00795
19.47600 4.97904
19.47700 5.03918
19.47800 4.92572
19.47900 5.03111
19.48000 5.01623
19.48100 4.94734
19.48200 5.06682
19.48300 5.05181
19.48400 5.03375
19.48500 4.99648
19.48600 5.00836
19.48700 4.96881
19.48800 5.00137
19.48900 5.05003
19.49000 4.94777
19.49100 4.93759
19.49200 5.02020
19.49300 5.03887
19.49400 4.99002
19.49500 0.28438
19.49600 0.30041
19.49700 0.10399
19.49800 0.16054
19.49900 0.11438
19.50000 0.26239
19.50100 0.09740
19.50200 0.20292
19.50300 0.13856
19.50400 0.11041
19.50500 0.25737
19.50600 0.20135
19.50700 0.17090
19.50800 0.17441
19.50900 0.21511
19.51000 0.27153
19.51100 0.20598
19.51200 0.23200
19.51300 0.15898
19.51400 0.19376
19.51500 4.99807
19.51600 4.91882
19.51700 5.06678
19.51800 4.97047
19.51900 5.01653
19.52000 5.00097
19.52100 5.06776
19.52200 4.94032
19.52300 5.00043
19.52400 5.00977
19.52500 4.97998
19.52600 5.04978
19.52700 4.93225
19.52800 5.02519
19.52900 4.97544
19.53000 5.00997
19.53100 4.94467
19.53200 5.03333
19.53300 5.08946
19.53400 4.99196
19.53500 4.97042
19.53600 4.93758
19.53700 4.97917
19.53800 5.02785
19.53900 4.92469
19.54000 4.95839
19.54100 5.02780
19.54200 5.07240
19.54300 5.15537
19.54400 5.02887
19.54500 5.02702
19.54600 5.06450
19.54700 4.91724
19.54800 5.03552
19.54900 4.98374
19.55000 4.96996
19.55100 4.98744
19.55200 4.97496
19.55300 4.85333
19.55400 4.97520
19.55500 5.05020
19.55600 4.97178
19.55700 5.03877
19.55800 4.99619
19.55900 5.00469
19.56000 4.99831
19.56100 4.99710
19.56200 4.96100
19.56300 4.98374
19.56400 5.07954
19.56500 4.88422
19.56600 5.01273
19.56700 5.06083
19.56800 4.92525
19.56900 5.06306
19.57000 4.97566
19.57100 4.99331
19.57200 4.93442
19.57300 5.08354
19.57400 5.02840
19.57500 5.06061
19.57600 5.03512
19.57700 5.01496
19.57800 5.04986
19.57900 4.95767
19.58000 4.98825
19.58100 5.03186
19.58200 5.04462
19.58300 4.99827
19.58400 5.00560
19.58500 4.95368
19.58600 5.09557
19.58700 5.00784
19.58800 5.00011
19.58900 5.06116
19.59000 4.98107
19.59100 5.03676
19.59200 4.89100
19.59300 5.01642
19.59400 5.00567
19.59500 5.01139
19.59600 5.06832
19.59700 5.04903
19.59800 5.00788
19.59900 5.00974
19.60000 4.99025
19.60100 4.98780
19.60200 4.98877
19.60300 5.00096
19.60400 4.94009
19.60500 5.02314
19.60600 4.91964
19.60700 5.02819
19.60800 4.96862
19.60900 4.94281
19.61000 5.02937
19.61100 5.02943
19.61200 4.97774
19.61300 5.01831
19.61400 4.97080
19.61500 5.06297
19.61600 5.04925
19.61700 4.99895
19.61800 5.03327
19.61900 5.02584
19.62000 4.98226
19.62100 4.98771
19.62200 5.01221
19.62300 5.06581
19.62400 4.84170
19.62500 4.95630
19.62600 5.03437
19.62700 5.00333
19.62800 5.01625
19.62900 4.97344
19.63000 4.97141
19.63100 5.02573
19.63200 4.93709
19.63300 4.99755
19.63400 5.07130
19.63500 4.91095
19.63600 5.01873
19.63700 4.94442
19.63800 4.99960
19.63900 4.95123
19.64000 5.03128
19.64100 5.00449
19.64200 5.03756
19.64300 5.02274
19.64400 5.03053
19.64500 5.00812
19.64600 4.90713
19.64700 4.94979
19.64800 4.94260
19.64900 5.02513
19.65000 5.09627
19.65100 4.90338
19.65200 5.03671
19.65300 4.97754
19.65400 4.97100
19.65500 4.97311
19.65600 4.97586
19.65700 5.04791
19.65800 5.01397
19.65900 4.99649
19.66000 4.98002
19.66100 4.92218
19.66200 4.96916
19.66300 4.95182
19.66400 4.93608
19.66500 5.00132
19.66600 4.97608
19.66700 5.01998
19.66800 5.00240
19.66900 5.02333
19.67000 4.98626
19.67100 5.02138
19.67200 4.98328
19.67300 4.90864
19.67400 4.96941
19.67500 5.02915
19.67600 4.95220
19.67700 5.07693
19.67800 5.12798
19.67900 4.97447
19.68000 5.08708
19.68100 4.95043
19.68200 5.09046
19.68300 5.03683
19.68400 5.07517
19.68500 5.09135
19.68600 5.01707
19.68700 5.05955
19.68800 4.94160
19.68900 4.97933
19.69000 4.96668
19.69100 4.97679
19.69200 4.99934
19.69300 4.99933
19.69400 4.98348
19.69500 5.02934
19.69600 5.03068
19.69700 5.00889
19.69800 5.01457
19.69900 5.01916
19.70000 4.89399
19.70100 4.94943
19.70200 5.11587
19.70300 4.90385
19.70400 5.00066
19.70500 4.92058
19.70600 4.89121
19.70700 5.01539
19.70800 4.97741
19.70900 4.94581
19.71000 4.94413
19.71100 4.96968
19.71200 5.02557
19.71300 5.02053
19.71400 4.99713
19.71500 5.12960
19.71600 5.01362
19.71700 5.01445
19.71800 5.03207
19.71900 4.88740
19.72000 4.97501
19.72100 4.95888
19.72200 4.97322
19.72300 4.94074
19.72400 5.00213
19.72500 4.99673
19.72600 5.04610
19.72700 4.93762
19.72800 5.02027
19.72900 4.92765
19.73000 5.03006
19.73100 5.00946
19.73200 5.04982
19.73300 5.03584
19.73400 5.06185
19.73500 5.06191
19.73600 4.97436
19.73700 4.95277
19.73800 5.02849
19.73900 4.99482
19.74000 5.03465
19.74100 5.01632
19.74200 4.97658
19.74300 4.98672
19.74400 4.95061
19.74500 4.99369
19.74600 4.96275
19.74700 5.00171
19.74800 4.97860
19.74900 5.07197
19.75000 4.95431
19.75100 4.89495
19.75200 5.02071
19.75300 4.95508
19.75400 5.01182
19.75500 5.05537
19.75600 5.00629
19.75700 4.94262
19.75800 5.04523
19.75900 4.99477
19.76000 4.97166
19.76100 5.02584
19.76200 5.00930
19.76300 5.04240
19.76400 5.01427
19.76500 5.03752
19.76600 5.08247
19.76700 4.92796
19.76800 4.91584
19.76900 5.02328
19.77000 5.03357
19.77100 4.99453
19.77200 5.00796
19.77300 5.03042
19.77400 5.05230
19.77500 4.94785
19.77600 5.00634
19.77700 4.98882
19.77800 4.96478
19.77900 4.94490
19.78000 5.00946
19.78100 4.93689
19.78200 4.95497
19.78300 5.00228
19.78400 4.94956
19.78500 4.99716
19.78600 4.99177
19.78700 5.02390
19.78800 5.00851
19.78900 5.01837
19.79000 5.02649
19.79100 5.08207
19.79200 4.99291
19.79300 4.88077
19.79400 5.00548
19.79500 4.96841
19.79600 5.09360
19.79700 5.03555
19.79800 5.05711
19.79900 5.00239
19.80000 4.98123
19.80100 4.99380
19.80200 4.99264
19.80300 4.91070
19.80400 5.06132
19.80500 4.95132
19.80600 5.00897
19.80700 4.92136
19.80800 5.02695
19.80900 5.01033
19.81000 4.96875
19.81100 4.99101
19.81200 4.90915
19.81300 4.99898
19.81400 4.97278
19.81500 5.14895
19.81600 4.88580
19.81700 5.00229
19.81800 4.98474
19.81900 5.02174
19.82000 5.03212
19.82100 5.08127
19.82200 4.95593
19.82300 5.05642
19.82400 5.04056
19.82500 5.02728
19.82600 5.14399
19.82700 5.02671
19.82800 5.02432
19.82900 4.99138
19.83000 4.97719
19.83100 4.94782
19.83200 5.02071
19.83300 5.00736
19.83400 4.96899
19.83500 4.97962
19.83600 4.98269
19.83700 5.01530
19.83800 5.02095
19.83900 4.98209
19.84000 4.95451
19.84100 5.00231
19.84200 5.10452
19.84300 4.97829
19.84400 5.03249
19.84500 5.01981
19.84600 4.94732
19.84700 4.99136
19.84800 5.00652
19.84900 5.08195
19.85000 5.01325
19.85100 5.01207
19.85200 5.01460
19.85300 5.02775
19.85400 5.02676
19.85500 4.96699
19.85600 4.94339
19.85700 5.00255
19.85800 5.03187
19.85900 4.98447
19.86000 4.99538
19.86100 4.99853
19.86200 5.00284
19.86300 5.08751
19.86400 5.00466
19.86500 5.11581
19.86600 5.06623
19.86700 4.93542
19.86800 4.96845
19.86900 4.98012
19.87000 5.00054
19.87100 4.96193
19.87200 5.00733
19.87300 5.01236
19.87400 4.93563
19.87500 5.02676
19.87600 4.98824
19.87700 4.95725
19.87800 5.02888
19.87900 4.94239
19.88000 5.09088
19.88100 4.98266
19.88200 5.03645
19.88300 5.08754
19.88400 4.94322
19.88500 4.98474
19.88600 5.01861
19.88700 5.00726
19.88800 5.09215
19.88900 5.00168
19.89000 5.01273
19.89100 4.97814
19.89200 5.03630
19.89300 4.94158
19.89400 5.03902
19.89500 5.01000
19.89600 4.93569
19.89700 4.98029
19.89800 5.01157
19.89900 5.01249
19.90000 4.94021
19.90100 4.88264
19.90200 4.92603
19.90300 5.07072
19.90400 4.97203
19.90500 4.89641
19.90600 5.03068
19.90700 4.98980
19.90800 5.05257
19.90900 4.99043
19.91000 4.97246
19.91100 5.02922
19.91200 4.99888
19.91300 4.89792
19.91400 5.07900
19.91500 4.99525
19.91600 5.08346
19.91700 4.95529
19.91800 5.04826
19.91900 5.04168
19.92000 4.92286
19.92100 5.03872
19.92200 5.01253
19.92300 4.89396
19.92400 5.01470
19.92500 5.05725
19.92600 4.99607
19.92700 4.96669
19.92800 5.06305
19.92900 5.02884
19.93000 5.07103
19.93100 5.03170
19.93200 5.01529
19.93300 4.98142
19.93400 4.97625
19.93500 5.00340
19.93600 5.11937
19.93700 4.99909
19.93800 5.03565
19.93900 4.95538
19.94000 4.99315
19.94100 5.01907
19.94200 4.93537
19.94300 4.97386
19.94400 5.04654
19.94500 5.11743
19.94600 5.03411
19.94700 4.98935
19.94800 5.02021
19.94900 4.92360
19.95000 4.96818
19.95100 4.94528
19.95200 4.99751
19.95300 5.01453
19.95400 4.97858
19.95500 4.96559
19.95600 5.09283
19.95700 5.08570
19.95800 5.01144
19.95900 4.97818
19.96000 5.07770
19.96100 5.07915
19.96200 4.97861
19.96300 4.99472
19.96400 4.93948
19.96500 4.90023
19.96600 4.96616
19.96700 5.04789
19.96800 4.92151
19.96900 5.02060
19.97000 5.00950
19.97100 4.92488
19.97200 4.99965
19.97300 5.00432
19.97400 5.00671
19.97500 4.98329
19.97600 4.99502
19.97700 4.96181
19.97800 4.97140
19.97900 4.97831
19.98000 4.97512
19.98100 4.98760
19.98200 5.00202
19.98300 5.04725
19.98400 4.95358
19.98500 4.99837
19.98600 5.06630
19.98700 5.08210
19.98800 5.00533
19.98900 5.01031
19.99000 5.07682
19.99100 4.94714
19.99200 5.00133
19.99300 5.00023
19.99400 4.98466
19.99500 5.10748
19.99600 5.03319
19.99700 4.96600
19.99800 4.97143
19.99900 5.09979
20.00000 5.03080
20.00100 4.98906
20.00200 5.01030
20.00300 5.00543
20.00400 4.98913
20.00500 4.99284
20.00600 5.02184
20.00700 5.01502
20.00800 4.98217
20.00900 5.02821
20.01000 5.05061
20.01100 5.02672
20.01200 5.12205
20.01300 5.01882
20.01400 5.06150
20.01500 4.97051
20.01600 4.95795
20.01700 5.04406
20.01800 4.98220
20.01900 4.99018
20.02000 4.99864
20.02100 4.94797
20.02200 5.01452
20.02300 5.02420
20.02400 4.97298
20.02500 4.98039
20.02600 4.87375
20.02700 5.02603
20.02800 5.04134
20.02900 4.97691
20.03000 4.95605
20.03100 5.00996
20.03200 5.10047
20.03300 5.05897
20.03400 5.02382
20.03500 4.98226
20.03600 5.01084
20.03700 5.04531
20.03800 5.11840
20.03900 5.00472
20.04000 5.07928
20.04100 5.02383
20.04200 5.03516
20.04300 4.95917
20.04400 4.93447
20.04500 5.02127
20.04600 4.96248
20.04700 4.99047
20.04800 4.96209
20.04900 5.07665
20.05000 5.00241
20.05100 4.92945
20.05200 4.96364
20.05300 5.06955
20.05400 4.98673
20.05500 5.01918
20.05600 4.93890
20.05700 5.01049
20.05800 4.97300
20.05900 5.01177
20.06000 4.94470
20.06100 5.00520
20.06200 5.02667
20.06300 4.94308
20.06400 5.04375
20.06500 4.98079
20.06600 5.01093
20.06700 4.93141
20.06800 4.92725
20.06900 4.98740
20.07000 5.04926
20.07100 4.94804
20.07200 5.01840
20.07300 4.93455
20.07400 4.90003
20.07500 5.03456
20.07600 5.03083
20.07700 5.01194
20.07800 4.99517
20.07900 5.03913
20.08000 4.99590
20.08100 4.97566
20.08200 4.96461
20.08300 4.87989
20.08400 4.98944
20.08500 5.02486
20.08600 4.93335
20.08700 5.02024
20.08800 5.06354
20.08900 4.98408
20.09000 4.99253
20.09100 5.05801
20.09200 5.07998
20.09300 5.00098
20.09400 4.95101
20.09500 4.98717
20.09600 5.00888
20.09700 5.04143
20.09800 5.07154
20.09900 4.98209
20.10000 5.00912
20.10100 5.01752
20.10200 5.05350
20.10300 4.88884
20.10400 4.99717
20.10500 4.98299
20.10600 5.04607
20.10700 4.96469
20.10800 5.02184
20.10900 5.06953
20.11000 4.95958
20.11100 4.94042
20.11200 4.94043
20.11300 4.99337
20.11400 4.93549
20.11500 5.03227
20.11600 4.98590
20.11700 5.01400
20.11800 4.99443
20.11900 5.07394
20.12000 5.05309
20.12100 4.90189
20.12200 5.05547
20.12300 5.00960
20.12400 4.97021
20.12500 5.03959
20.12600 5.03259
20.12700 5.01989
20.12800 4.99435
20.12900 4.99448
20.13000 4.98231
20.13100 5.04834
20.13200 4.93786
20.13300 5.09011
20.13400 5.07554
20.13500 4.98639
20.13600 4.99836
20.13700 5.01659
20.13800 5.03347
20.13900 5.00877
20.14000 4.97164
20.14100 4.94764
20.14200 4.97769
20.14300 4.94116
20.14400 5.00989
20.14500 5.03006
20.14600 5.10524
20.14700 4.96370
20.14800 4.95789
20.14900 4.99287
20.15000 4.98247
20.15100 4.96256
20.15200 5.03708
20.15300 5.01208
20.15400 4.99290
20.15500 4.94177
20.15600 4.94037
20.15700 5.00041
20.15800 4.98882
20.15900 4.93877
20.16000 5.04788
20.16100 4.98334
20.16200 4.99428
20.16300 5.00254
20.16400 4.93349
20.16500 4.97270
20.16600 4.88985
20.16700 5.03438
20.16800 4.96076
20.16900 4.94439
20.17000 4.97000
20.17100 5.05501
20.17200 5.02116
20.17300 5.07327
20.17400 5.06831
20.17500 5.01370
20.17600 5.04586
20.17700 4.99502
20.17800 4.88638
20.17900 5.02891
20.18000 5.01203
20.18100 4.98522
20.18200 4.94395
20.18300 5.01014
20.18400 4.94740
20.18500 5.03567
20.18600 5.03364
20.18700 4.99241
20.18800 4.92570
20.18900 5.00250
20.19000 4.99190
20.19100 4.98087
20.19200 5.04421
20.19300 5.02793
20.19400 4.87974
20.19500 5.03603
20.19600 5.04818
20.19700 4.96285
20.19800 4.99403
20.19900 4.95614
20.20000 5.05623
20.20100 4.96057
20.20200 4.97081
20.20300 4.95788
20.20400 0.17460
20.20500 0.22862
20.20600 0.12020
20.20700 0.21704
20.20800 0.18974
20.20900 0.20010
20.21000 0.25198
20.21100 0.16430
20.21200 0.15260
20.21300 0.20103
20.21400 0.15322
20.21500 0.21522
20.21600 0.18941
20.21700 0.15059
20.21800 0.19569
20.21900 0.21532
20.22000 0.12085
20.22100 0.24886
20.22200 0.15015
20.22300 0.24325
20.22400 4.95271
20.22500 4.99899
20.22600 5.00170
20.22700 5.08224
20.22800 5.04120
20.22900 4.97666
20.23000 5.02140
20.23100 4.99627
20.23200 4.99649
20.23300 4.96245
20.23400 4.99828
20.23500 4.99726
20.23600 4.94498
20.23700 5.00815
20.23800 4.97280
20.23900 5.05739
20.24000 4.90436
20.24100 5.02791
20.24200 4.93083
20.24300 5.00919
20.24400 4.99795
20.24500 4.94873
20.24600 4.96073
20.24700 5.04155
20.24800 5.01840
20.24900 5.00242
20.25000 5.03865
20.25100 5.02983
20.25200 5.00653
20.25300 5.01831
20.25400 4.97602
20.25500 5.01730
20.25600 4.96114
20.25700 4.99820
20.25800 4.99517
20.25900 4.99896
20.26000 4.99865
20.26100 5.02856
20.26200 5.00259
20.26300 4.93630
20.26400 4.94705
20.26500 5.01999
20.26600 4.99272
20.26700 4.97936
20.26800 5.03290
20.26900 4.99351
20.27000 4.98256
20.27100 5.00177
20.27200 5.05260
20.27300 5.03988
20.27400 5.05521
20.27500 4.96443
20.27600 4.98173
20.27700 5.03685
20.27800 4.87897
20.27900 5.05845
20.28000 4.91578
20.28100 4.92609
20.28200 4.93575
20.28300 4.95574
20.28400 4.98167
20.28500 5.09550
20.28600 4.98417
20.28700 4.99867
20.28800 4.97950
20.28900 4.88117
20.29000 4.94244
20.29100 5.12742
20.29200 5.01742
20.29300 5.04686
20.29400 4.87668
20.29500 4.98544
20.29600 4.99002
20.29700 5.00626
20.29800 5.01757
20.29900 5.00406
20.30000 5.00475
20.30100 4.99317
20.30200 4.92266
20.30300 5.02445
20.30400 4.99586
20.30500 5.03945
20.30600 5.01584
20.30700 4.94146
20.30800 5.06016
20.30900 4.89701
20.31000 4.94734
20.31100 5.00929
20.31200 4.99101
20.31300 4.97053
20.31400 4.94973
20.31500 5.03196
20.31600 4.96260
20.31700 5.00244
20.31800 5.04839
20.31900 5.04908
20.32000 5.07166
20.32100 4.96650
20.32200 4.99386
20.32300 5.08755
20.32400 5.03363
20.32500 5.00201
20.32600 4.93009
20.32700 4.98884
20.32800 4.95378
20.32900 5.04658
20.33000 5.01228
20.33100 4.89210
20.33200 4.93967
20.33300 4.97159
20.33400 5.03141
20.33500 5.01331
20.33600 4.99481
20.33700 4.92860
20.33800 5.00617
20.33900 5.06553
20.34000 5.02101
20.34100 5.02541
20.34200 4.98312
20.34300 4.98413
20.34400 5.01333
20.34500 5.11178
20.34600 5.00354
20.34700 5.01462
20.34800 4.95453
20.34900 4.97078
20.35000 4.89596
20.35100 5.03596
20.35200 5.14363
20.35300 4.97327
20.35400 4.97793
20.35500 4.91188
20.35600 5.00610
20.35700 5.06330
20.35800 4.97986
20.35900 4.99157
20.36000 5.08680
20.36100 4.95885
20.36200 5.05791
20.36300 4.98382
20.36400 4.92310
20.36500 4.95791
20.36600 5.02250
20.36700 5.02074
20.36800 5.03044
20.36900 5.04085
20.37000 5.01375
20.37100 5.02376
20.37200 4.99365
20.37300 5.09154
20.37400 4.93556
20.37500 4.95613
20.37600 5.10063
20.37700 5.04024
20.37800 5.07312
20.37900 5.02993
20.38000 5.14520
20.38100 4.96400
20.38200 4.93724
20.38300 4.96735
20.38400 4.94789
20.38500 5.05074
20.38600 4.94731
20.38700 4.95841
20.38800 4.95157
20.38900 5.09381
20.39000 5.01898
20.39100 5.14041
20.39200 5.01245
20.39300 4.96174
20.39400 4.95780
20.39500 4.87120
20.39600 5.10737
20.39700 4.99426
20.39800 5.03290
20.39900 4.97430
20.40000 5.03828
20.40100 5.06870
20.40200 4.96759
20.40300 4.91241
20.40400 5.02741
20.40500 4.98031
20.40600 5.08838
20.40700 5.05391
20.40800 4.99922
20.40900 4.98684
20.41000 5.08876
20.41100 5.00445
20.41200 4.98185
20.41300 5.06415
20.41400 5.04246
20.41500 4.99247
20.41600 5.12132
20.41700 5.09936
20.41800 5.01144
20.41900 5.06559
20.42000 4.95573
20.42100 4.97839
20.42200 4.98843
20.42300 5.00372
20.42400 4.96983
20.42500 4.90648
20.42600 5.08111
20.42700 4.94945
20.42800 4.98306
20.42900 5.03017
20.43000 4.96373
20.43100 5.03983
20.43200 5.00079
20.43300 4.99899
20.43400 4.97536
20.43500 5.04558
20.43600 5.03369
20.43700 4.99266
20.43800 5.00759
20.43900 5.02035
20.44000 4.98320
20.44100 4.98879
20.44200 4.91995
20.44300 4.99147
20.44400 4.98915
20.44500 4.99589
20.44600 5.06495
20.44700 5.01632
20.44800 4.99358
20.44900 5.04450
20.45000 5.02943
20.45100 5.04505
20.45200 5.07862
20.45300 4.92084
20.45400 4.93373
20.45500 5.03174
20.45600 4.95398
20.45700 4.98243
20.45800 4.89202
20.45900 5.02377
20.46000 5.05228
20.46100 5.03555
20.46200 5.01672
20.46300 5.00446
20.46400 4.96985
20.46500 5.02966
20.46600 5.00066
20.46700 4.98650
20.46800 4.98121
20.46900 5.09960
20.47000 4.95370
20.47100 5.05473
20.47200 5.00395
20.47300 5.02681
20.47400 4.99621
20.47500 4.99726
20.47600 5.05319
20.47700 5.03407
20.47800 4.90269
20.47900 5.02282
20.48000 4.99654
20.48100 5.12223
20.48200 4.93392
20.48300 4.96108
20.48400 4.97266
20.48500 4.98099
20.48600 5.00298
20.48700 4.97250
20.48800 5.09697
20.48900 5.04521
20.49000 5.02146
20.49100 5.04196
20.49200 5.01065
20.49300 4.99544
20.49400 5.01664
20.49500 4.93805
20.49600 5.00467
20.49700 4.95186
20.49800 4.97092
20.49900 5.11584
20.50000 4.91585
20.50100 4.98846
20.50200 5.05510
20.50300 5.00724
20.50400 5.02763
20.50500 5.09623
20.50600 5.00079
20.50700 5.00493
20.50800 5.00679
20.50900 5.08144
20.51000 5.00838
20.51100 5.05805
20.51200 5.04201
20.51300 4.94604
20.51400 4.98341
20.51500 4.93216
20.51600 5.05483
20.51700 5.06499
20.51800 5.05794
20.51900 4.92889
20.52000 4.97167
20.52100 5.04985
20.52200 4.94352
20.52300 5.08361
20.52400 4.95926
20.52500 4.95252
20.52600 4.97701
20.52700 5.01220
20.52800 4.96549
20.52900 4.99671
20.53000 4.99128
20.53100 5.01891
20.53200 4.91731
20.53300 4.92689
20.53400 4.96791
20.53500 4.99192
20.53600 5.04284
20.53700 5.07219
20.53800 4.92642
20.53900 5.06222
20.54000 5.00796
20.54100 5.05689
20.54200 4.98381
20.54300 5.05324
20.54400 4.91929
20.54500 4.94297
20.54600 5.09267
20.54700 5.08878
20.54800 5.00509
20.54900 4.93897
20.55000 4.95392
20.55100 5.03211
20.55200 5.05992
20.55300 5.01238
20.55400 5.03751
20.55500 4.97155
20.55600 4.92555
20.55700 5.00208
20.55800 4.95989
20.55900 4.99781
20.56000 5.03267
20.56100 4.99103
20.56200 5.00618
20.56300 5.00000
20.56400 5.01046
20.56500 5.02327
20.56600 5.01731
20.56700 5.01253
20.56800 4.98079
20.56900 5.01308
20.57000 4.99444
20.57100 4.94047
20.57200 5.01585
20.57300 4.95153
20.57400 4.95402
20.57500 5.02714
20.57600 4.95449
20.57700 4.97178
20.57800 4.94361
20.57900 5.01004
20.58000 4.98922
20.58100 5.02052
20.58200 5.00672
20.58300 5.00679
20.58400 5.05455
20.58500 5.03988
20.58600 4.97378
20.58700 5.09693
20.58800 4.93249
20.58900 5.07416
20.59000 4.98122
20.59100 5.03273
20.59200 4.98579
20.59300 4.95869
20.59400 5.06102
20.59500 5.01361
20.59600 5.04974
20.59700 5.05367
20.59800 5.00046
20.59900 4.97858
20.60000 5.02209
20.60100 5.05004
20.60200 4.89297
20.60300 5.11250
20.60400 4.99879
20.60500 5.01841
20.60600 5.00214
20.60700 4.98748
20.60800 5.02013
20.60900 4.97851
20.61000 4.96624
20.61100 4.97158
20.61200 4.98144
20.61300 5.00112
20.61400 4.92002
20.61500 5.04592
20.61600 4.97993
20.61700 5.05504
20.61800 4.98202
20.61900 4.91304
20.62000 5.04542
20.62100 4.93389
20.62200 4.91326
20.62300 4.89432
20.62400 4.98890
20.62500 4.97974
20.62600 4.93379
20.62700 5.02825
20.62800 5.00450
20.62900 4.98954
20.63000 4.95233
20.63100 4.94156
20.63200 5.04312
20.63300 5.07839
20.63400 4.90982
20.63500 5.07244
20.63600 5.05028
20.63700 5.09088
20.63800 4.95646
20.63900 4.97032
20.64000 5.00094
20.64100 4.96224
20.64200 5.01326
20.64300 5.05927
20.64400 5.02739
20.64500 5.04983
20.64600 5.08599
20.64700 4.95067
20.64800 5.03394
20.64900 5.00001
20.65000 4.96136
20.65100 4.98490
20.65200 5.02176
20.65300 5.02623
20.65400 5.01683
20.65500 5.08828
20.65600 5.05054
20.65700 5.06194
20.65800 5.03658
20.65900 4.96040
20.66000 5.09764
20.66100 4.98209
20.66200 4.94711
20.66300 4.99791
20.66400 4.94527
20.66500 4.99592
20.66600 4.99078
20.66700 5.00810
20.66800 4.93305
20.66900 5.11236
20.67000 5.08732
20.67100 4.99391
20.67200 4.94957
20.67300 5.00281
20.67400 4.99810
20.67500 4.97565
20.67600 4.93911
20.67700 4.94503
20.67800 4.88177
20.67900 4.99384
20.68000 4.92185
20.68100 5.03231
20.68200 5.01327
20.68300 5.01130
20.68400 4.90292
20.68500 5.03963
20.68600 5.03663
20.68700 4.98600
20.68800 5.06167
20.68900 4.94102
20.69000 5.04953
20.69100 5.01129
20.69200 4.96865
20.69300 4.97711
20.69400 5.01156
20.69500 4.95224
20.69600 4.98186
20.69700 5.02810
20.69800 4.92832
20.69900 4.95723
20.70000 4.97919
20.70100 5.01072
20.70200 4.94277
20.70300 4.94820
20.70400 4.96227
20.70500 4.91769
20.70600 4.99524
20.70700 5.01904
20.70800 4.97137
20.70900 5.07678
20.71000 4.99499
20.71100 5.18122
20.71200 5.05614
20.71300 4.95668
20.71400 5.01795
20.71500 5.06726
20.71600 4.97494
20.71700 4.93929
20.71800 5.00352
20.71900 5.02480
20.72000 5.03829
20.72100 4.99592
20.72200 5.04846
20.72300 5.03329
20.72400 5.03024
20.72500 4.99658
20.72600 5.03261
20.72700 5.01745
20.72800 5.01058
20.72900 5.02906
20.73000 5.08082
20.73100 5.01071
20.73200 4.97772
20.73300 5.04867
20.73400 4.95957
20.73500 4.98642
20.73600 5.01078
20.73700 5.02116
20.73800 5.00121
20.73900 5.02134
20.74000 4.94226
20.74100 4.94166
20.74200 5.02042
20.74300 4.95806
20.74400 5.01478
20.74500 4.98716
20.74600 5.10287
20.74700 4.89644
20.74800 5.10224
20.74900 5.02531
20.75000 5.01872
20.75100 4.97742
20.75200 5.06391
20.75300 5.03914
20.75400 4.94428
20.75500 5.01480
20.75600 4.91933
20.75700 4.89552
20.75800 4.97858
20.75900 5.07078
20.76000 5.05363
20.76100 4.94404
20.76200 5.03149
20.76300 4.98067
20.76400 4.98979
20.76500 5.00043
20.76600 4.95441
20.76700 5.08715
20.76800 4.97364
20.76900 4.96766
20.77000 5.00763
20.77100 4.95005
20.77200 5.00334
20.77300 5.05449
20.77400 5.07186
20.77500 5.04960
20.77600 5.01493
20.77700 5.02430
20.77800 4.86802
20.77900 4.91057
20.78000 5.01435
20.78100 4.99061
20.78200 4.95336
20.78300 4.95368
20.78400 4.96756
20.78500 4.95598
20.78600 5.03497
20.78700 5.01901
20.78800 5.04278
20.78900 5.00503
20.79000 5.04480
20.79100 5.05283
20.79200 4.91132
20.79300 4.92503
20.79400 4.96828
20.79500 5.05266
20.79600 5.04196
20.79700 4.96464
20.79800 4.92484
20.79900 4.86004
20.80000 4.98836
20.80100 4.92893
20.80200 4.93567
20.80300 5.07380
20.80400 5.06986
20.80500 5.05451
20.80600 4.96758
20.80700 4.92583
20.80800 5.00969
20.80900 5.03920
20.81000 4.99250
20.81100 4.98922
20.81200 4.99174
20.81300 4.96172
20.81400 4.94311
20.81500 5.02093
20.81600 5.03703
20.81700 5.01924
20.81800 4.86246
20.81900 5.02930
20.82000 5.06806
20.82100 4.99465
20.82200 5.03297
20.82300 5.03920
20.82400 4.96008
20.82500 5.06093
20.82600 4.93741
20.82700 4.94227
20.82800 5.11678
20.82900 4.91106
20.83000 4.96348
20.83100 5.00311
20.83200 4.98905
20.83300 5.03611
20.83400 5.00137
20.83500 4.97257
20.83600 5.01923
20.83700 5.01117
20.83800 4.96318
20.83900 4.97885
20.84000 5.10268
20.84100 4.98796
20.84200 5.06121
20.84300 4.91779
20.84400 4.99023
20.84500 4.93291
20.84600 4.92869
20.84700 4.95107
20.84800 4.99818
20.84900 4.95024
20.85000 5.00868
20.85100 4.98055
20.85200 4.95501
20.85300 4.98831
20.85400 4.92868
20.85500 5.00182
20.85600 4.96431
20.85700 4.94607
20.85800 4.98959
20.85900 4.97877
20.86000 5.00167
20.86100 5.00691
20.86200 5.00624
20.86300 4.94102
20.86400 5.12873
20.86500 4.98299
20.86600 4.90280
20.86700 5.03467
20.86800 5.05417
20.86900 5.02999
20.87000 5.03907
20.87100 4.97863
20.87200 5.01689
20.87300 5.01322
20.87400 5.10867
20.87500 4.99012
20.87600 5.00828
20.87700 4.96745
20.87800 5.08352
20.87900 4.99727
20.88000 5.02956
20.88100 4.96491
20.88200 4.97281
20.88300 4.96226
20.88400 5.04605
20.88500 4.96127
20.88600 5.08184
20.88700 4.94685
20.88800 5.04002
20.88900 5.00882
20.89000 4.95869
20.89100 5.03091
20.89200 5.04420
20.89300 4.97480
20.89400 5.00700
20.89500 4.93863
20.89600 5.02193
20.89700 4.99433
20.89800 5.07991
20.89900 5.00128
20.90000 4.93863
20.90100 5.00032
20.90200 4.99804
20.90300 4.96785
20.90400 4.87603
20.90500 4.96890
20.90600 4.98962
20.90700 5.02552
20.90800 5.12101
20.90900 4.94709
20.91000 4.98568
20.91100 5.04329
20.91200 5.03928
20.91300 0.26192
20.91400 0.35470
20.91500 0.26930
20.91600 0.20993
20.91700 0.16566
20.91800 0.21840
20.91900 0.26517
20.92000 0.20932
20.92100 0.20934
20.92200 0.19081
20.92300 0.22796
20.92400 0.16431
20.92500 0.20940
20.92600 0.23599
20.92700 0.24589
20.92800 0.19525
20.92900 0.23310
20.93000 0.20078
20.93100 0.22899
20.93200 0.19674
20.93300 4.99196
20.93400 5.04709
20.93500 4.96156
20.93600 5.03035
20.93700 5.03732
20.93800 4.95256
20.93900 4.96575
20.94000 4.93075
20.94100 4.98898
20.94200 4.99128
20.94300 4.92107
20.94400 4.99456
20.94500 4.94164
20.94600 4.95231
20.94700 5.07247
20.94800 4.99055
20.94900 5.01618
20.95000 5.00434
20.95100 4.90018
20.95200 4.95796
20.95300 5.01219
20.95400 5.01641
20.95500 4.98801
20.95600 5.05115
20.95700 4.97708
20.95800 5.12368
20.95900 5.08013
20.96000 4.98267
20.96100 5.10706
20.96200 5.05263
20.96300 4.95320
20.96400 4.98414
20.96500 5.02445
20.96600 5.04150
20.96700 5.06059
20.96800 5.06300
20.96900 5.02537
20.97000 5.02146
20.97100 5.05127
20.97200 5.01153
20.97300 5.07182
20.97400 5.04562
20.97500 4.96591
20.97600 4.99155
20.97700 5.04378
20.97800 4.98360
20.97900 4.98657
20.98000 4.96940
20.98100 5.00564
20.98200 4.99991
20.98300 5.05497
20.98400 5.05287
20.98500 4.99274
20.98600 4.97939
20.98700 4.99885
20.98800 4.97882
20.98900 4.95822
20.99000 4.88082
20.99100 5.07050
20.99200 4.94878
20.99300 4.94835
20.99400 4.93738
20.99500 5.09999
20.99600 5.02989
20.99700 5.03135
20.99800 5.05130
20.99900 5.03081
21.00000 5.04739
21.00100 5.05599
21.00200 5.04092
21.00300 4.94601
21.00400 5.01075
21.00500 5.00069
21.00600 5.03934
21.00700 5.06012
21.00800 5.06960
21.00900 5.04662
21.01000 4.98811
21.01100 5.01441
21.01200 4.97424
21.01300 4.99488
21.01400 4.98609
21.01500 4.94228
21.01600 4.99024
21.01700 4.97782
21.01800 5.06907
21.01900 4.98078
21.02000 5.02132
21.02100 5.03959
21.02200 5.03681
21.02300 4.96777
21.02400 4.99867
21.02500 5.08427
21.02600 4.96434
21.02700 5.04972
21.02800 4.95074
21.02900 5.07213
21.03000 5.02000
21.03100 5.05249
21.03200 5.01949
21.03300 4.96949
21.03400 4.94594
21.03500 5.02165
21.03600 4.96267
21.03700 5.03035
21.03800 4.99823
21.03900 4.99127
21.04000 5.06894
21.04100 4.98904
21.04200 5.01764
21.04300 4.97610
21.04400 5.01609
21.04500 4.98730
21.04600 4.99963
21.04700 5.10831
21.04800 4.97724
21.04900 4.94636
21.05000 4.98181
21.05100 4.91857
21.05200 4.98053
21.05300 4.96425
21.05400 5.01226
21.05500 5.02729
21.05600 5.04907
21.05700 5.06318
21.05800 4.99579
21.05900 4.99430
21.06000 4.97739
21.06100 5.04111
21.06200 5.09435
21.06300 5.00691
21.06400 4.97463
21.06500 5.01735
21.06600 5.02006
21.06700 4.96706
21.06800 5.03802
21.06900 5.07629
21.07000 4.93059
21.07100 4.98111
21.07200 4.98674
21.07300 5.07560
21.07400 4.96946
21.07500 5.07492
21.07600 4.98818
21.07700 5.00134
21.07800 4.97757
21.07900 4.96933
21.08000 4.92229
21.08100 5.02412
21.08200 4.99332
21.08300 4.89323
21.08400 4.99451
21.08500 5.04019
21.08600 5.09150
21.08700 4.93946
21.08800 5.00348
21.08900 5.06882
21.09000 4.96553
21.09100 5.02967
21.09200 4.96417
21.09300 4.96353
21.09400 4.96859
21.09500 4.94310
21.09600 5.05328
21.09700 5.01310
21.09800 5.02236
21.09900 4.95248
21.10000 4.90521
21.10100 4.89075
21.10200 5.01604
21.10300 5.01266
21.10400 4.97418
21.10500 5.01395
21.10600 5.05820
21.10700 5.04988
21.10800 4.92907
21.10900 4.94878
21.11000 4.99752
21.11100 5.03773
21.11200 4.97444
21.11300 5.01188
21.11400 5.05015
21.11500 4.95898
21.11600 4.86213
21.11700 4.99428
21.11800 4.99146
21.11900 5.04612
21.12000 4.98650
21.12100 4.95418
21.12200 5.00646
21.12300 5.03103
21.12400 5.02924
21.12500 4.94995
21.12600 5.07259
21.12700 4.94715
21.12800 4.99907
21.12900 5.07763
21.13000 5.06077
21.13100 4.94619
21.13200 4.99394
21.13300 5.11108
21.13400 5.03574
21.13500 4.92896
21.13600 5.06178
21.13700 4.95291
21.13800 5.03843
21.13900 4.95065
21.14000 5.01749
21.14100 5.01563
21.14200 5.02834
21.14300 5.03394
21.14400 4.98623
21.14500 4.94296
21.14600 5.03497
21.14700 5.03739
21.14800 5.01257
21.14900 4.99686
21.15000 5.09059
21.15100 5.08119
21.15200 5.03301
21.15300 5.00839
21.15400 4.97234
21.15500 5.10268
21.15600 5.07614
21.15700 5.02074
21.15800 4.85404
21.15900 4.98873
21.16000 4.98534
21.16100 4.91053
21.16200 5.03043
21.16300 4.99207
21.16400 4.99523
21.16500 5.10811
21.16600 4.98188
21.16700 5.00454
21.16800 5.02178
21.16900 5.06026
21.17000 5.00056
21.17100 5.01943
21.17200 5.10095
21.17300 4.97966
21.17400 4.99931
21.17500 5.00804
21.17600 4.93557
21.17700 5.06121
21.17800 5.00988
21.17900 4.94411
21.18000 4.98150
21.18100 4.97150
21.18200 5.03501
21.18300 5.01319
21.18400 5.03022
21.18500 5.09270
21.18600 5.00396
21.18700 4.98987
21.18800 4.97489
21.18900 4.98688
21.19000 4.95067
21.19100 5.04068
21.19200 5.07929
21.19300 5.01424
21.19400 5.00251
21.19500 5.11457
21.19600 4.98344
21.19700 5.01641
21.19800 5.03409
21.19900 4.92091
21.20000 4.96923
21.20100 5.02017
21.20200 4.94313
21.20300 4.98351
21.20400 5.08357
21.20500 4.99057
21.20600 4.98372
21.20700 4.91130
21.20800 5.04333
21.20900 4.97943
21.21000 4.97615
21.21100 4.99252
21.21200 5.04021
21.21300 5.08958
21.21400 4.90567
21.21500 5.01938
21.21600 5.10887
21.21700 5.05580
21.21800 5.02504
21.21900 5.06001
21.22000 4.94931
21.22100 5.00996
21.22200 5.02697
21.22300 4.98461
21.22400 4.98801
21.22500 5.06119
21.22600 5.01445
21.22700 4.95230
21.22800 4.98323
21.22900 4.98828
21.23000 5.04616
21.23100 5.03686
21.23200 4.92674
21.23300 4.92685
21.23400 4.98473
21.23500 5.00949
21.23600 4.96313
21.23700 4.97011
21.23800 5.02729
21.23900 4.92745
21.24000 5.00954
21.24100 4.97012
21.24200 5.02726
21.24300 4.93490
21.24400 4.87166
21.24500 5.00125
21.24600 5.05804
21.24700 5.03154
21.24800 4.94314
21.24900 4.95811
21.25000 5.01630
21.25100 5.11674
21.25200 5.07472
21.25300 4.98501
21.25400 4.94969
21.25500 5.06935
21.25600 4.91540
21.25700 4.91180
21.25800 4.93427
21.25900 4.91629
21.26000 5.01007
21.26100 4.99725
21.26200 4.96893
21.26300 4.93946
21.26400 4.96775
21.26500 5.05557
21.26600 4.99153
21.26700 5.00378
21.26800 4.99370
21.26900 4.97411
21.27000 5.06176
21.27100 5.01223
21.27200 4.98497
21.27300 4.93320
21.27400 4.95964
21.27500 4.94736
21.27600 4.95739
21.27700 4.97726
21.27800 5.03203
21.27900 4.98362
21.28000 5.01284
21.28100 4.98919
21.28200 5.02444
21.28300 4.95867
21.28400 5.03117
21.28500 5.10715
21.28600 5.04021
21.28700 5.05437
21.28800 5.00097
21.28900 5.05718
21.29000 5.05155
21.29100 4.97522
21.29200 4.99184
21.29300 4.97372
21.29400 5.05813
21.29500 5.05640
21.29600 4.95537
21.29700 5.10179
21.29800 5.00878
21.29900 4.93755
21.30000 4.95923
21.30100 4.99477
21.30200 5.02141
21.30300 4.99381
21.30400 5.05348
21.30500 4.98100
21.30600 4.99430
21.30700 5.02004
21.30800 4.97324
21.30900 4.99051
21.31000 5.03433
21.31100 4.94945
21.31200 4.97332
21.31300 4.95418
21.31400 4.98966
21.31500 4.99923
21.31600 5.00389
21.31700 5.02986
21.31800 5.04375
21.31900 5.02051
21.32000 5.01377
21.32100 4.99956
21.32200 5.00578
21.32300 5.05052
21.32400 5.03813
21.32500 5.08446
21.32600 4.90321
21.32700 5.01554
21.32800 4.96231
21.32900 4.92457
21.33000 4.90725
21.33100 5.04431
21.33200 4.98200
21.33300 5.04505
21.33400 4.88294
21.33500 4.99310
21.33600 4.94614
21.33700 4.98575
21.33800 5.07065
21.33900 4.96822
21.34000 4.95677
21.34100 4.96657
21.34200 4.93717
21.34300 4.90405
21.34400 4.91899
21.34500 4.98682
21.34600 5.01191
21.34700 5.00309
21.34800 4.96862
21.34900 5.05351
21.35000 5.04605
21.35100 5.10101
21.35200 5.00497
21.35300 5.04708
21.35400 5.01523
21.35500 5.05431
21.35600 4.98899
21.35700 5.10140
21.35800 5.07864
21.35900 4.93207
21.36000 4.95271
21.36100 4.97343
21.36200 4.97565
21.36300 4.95272
21.36400 4.99502
21.36500 5.05667
21.36600 5.00604
21.36700 4.95789
21.36800 4.93590
21.36900 5.05396
21.37000 4.96793
21.37100 5.07164
21.37200 4.95160
21.37300 5.02962
21.37400 5.00686
21.37500 5.02915
21.37600 5.04434
21.37700 4.99376
21.37800 5.08433
21.37900 5.08140
21.38000 5.01410
21.38100 5.03551
21.38200 4.96845
21.38300 4.98211
21.38400 5.08133
21.38500 4.98311
21.38600 5.06150
21.38700 5.07623
21.38800 4.93887
21.38900 4.85426
21.39000 4.92685
21.39100 5.07472
21.39200 4.97983
21.39300 4.96301
21.39400 5.05385
21.39500 4.97540
21.39600 5.01707
21.39700 4.92529
21.39800 4.90498
21.39900 5.01338
21.40000 4.92171
21.40100 4.97888
21.40200 4.94465
21.40300 5.10120
21.40400 4.99286
21.40500 5.00868
21.40600 5.06192
21.40700 4.98628
21.40800 5.01882
21.40900 5.02828
21.41000 4.97750
21.41100 4.97010
21.41200 5.06291
21.41300 4.95531
21.41400 5.02994
21.41500 4.91574
21.41600 4.91224
21.41700 5.06481
21.41800 5.00061
21.41900 5.02102
21.42000 5.07684
21.42100 4.98812
21.42200 5.00324
21.42300 4.99048
21.42400 4.95185
21.42500 5.00109
21.42600 5.07980
21.42700 5.07586
21.42800 4.98413
21.42900 5.04733
21.43000 5.05119
21.43100 5.11222
21.43200 5.13997
21.43300 5.05170
21.43400 5.04314
21.43500 5.00338
21.43600 4.93996
21.43700 5.06681
21.43800 4.98651
21.43900 4.98302
21.44000 4.97159
21.44100 5.03329
21.44200 5.05822
21.44300 5.00904
21.44400 4.96276
21.44500 5.02646
21.44600 4.95591
21.44700 5.04769
21.44800 4.93577
21.44900 4.93987
21.45000 4.99846
21.45100 4.95735
21.45200 4.96102
21.45300 4.99359
21.45400 5.03206
21.45500 4.97568
21.45600 5.05931
21.45700 5.01930
21.45800 4.97492
21.45900 4.97885
21.46000 4.90109
21.46100 5.03577
21.46200 4.98568
21.46300 5.00886
21.46400 5.00546
21.46500 5.02360
21.46600 4.92144
21.46700 4.89339
21.46800 5.03674
21.46900 4.95442
21.47000 4.97971
21.47100 4.99660
21.47200 5.05417
21.47300 4.95822
21.47400 4.99670
21.47500 4.87706
21.47600 4.99909
21.47700 5.01443
21.47800 5.00537
21.47900 5.00240
21.48000 4.90658
21.48100 5.00339
21.48200 4.98304
21.48300 4.97168
21.48400 5.03486
21.48500 4.92470
21.48600 4.97300
21.48700 5.01100
21.48800 4.99351
21.48900 4.99120
21.49000 4.92152
21.49100 5.07178
21.49200 4.91506
21.49300 5.00169
21.49400 5.04535
21.49500 4.99369
21.49600 5.03095
21.49700 5.04787
21.49800 5.03878
21.49900 4.92362
21.50000 5.01858
21.50100 5.01187
21.50200 5.08771
21.50300 4.97941
21.50400 5.09764
21.50500 4.91727
21.50600 4.98002
21.50700 5.12317
21.50800 5.01850
21.50900 5.04649
21.51000 5.05057
21.51100 5.04527
21.51200 5.05458
21.51300 4.91203
21.51400 4.93995
21.51500 4.98274
21.51600 5.00522
21.51700 5.00059
21.51800 5.00223
21.51900 4.93039
21.52000 4.99789
21.52100 4.94258
21.52200 4.93909
21.52300 4.99928
21.52400 4.97058
21.52500 4.98943
21.52600 4.97520
21.52700 4.94757
21.52800 4.99703
21.52900 4.99436
21.53000 4.93596
21.53100 4.91980
21.53200 4.98472
21.53300 5.07105
21.53400 4.98305
21.53500 5.03114
21.53600 4.94778
21.53700 5.01414
21.53800 4.86593
21.53900 4.99684
21.54000 4.92245
21.54100 4.98802
21.54200 4.95725
21.54300 5.02429
21.54400 5.06753
21.54500 4.95234
21.54600 4.91900
21.54700 5.05954
21.54800 4.92643
21.54900 4.94755
21.55000 4.99507
21.55100 4.96084
21.55200 4.98341
21.55300 4.95866
21.55400 4.97201
21.55500 5.09222
21.55600 4.98077
21.55700 4.97235
21.55800 5.06150
21.55900 5.06864
21.56000 5.02780
21.56100 5.02740
21.56200 5.05884
21.56300 5.03849
21.56400 5.04475
21.56500 4.98623
21.56600 4.97467
21.56700 5.06093
21.56800 5.01978
21.56900 5.07835
21.57000 5.09574
21.57100 5.00478
21.57200 4.97952
21.57300 5.00557
21.57400 5.01681
21.57500 4.95021
21.57600 5.11438
21.57700 5.07848
21.57800 5.01540
21.57900 4.95202
21.58000 4.92189
21.58100 5.03988
21.58200 4.97925
21.58300 5.01864
21.58400 5.03510
21.58500 4.98779
21.58600 5.05956
21.58700 4.93799
21.58800 4.97704
21.58900 4.94272
21.59000 5.02468
21.59100 4.98396
21.59200 4.89117
21.59300 5.06780
21.59400 5.02694
21.59500 4.96576
21.59600 4.87309
21.59700 5.01550
21.59800 4.91841
21.59900 5.00812
21.60000 4.97955
21.60100 5.04390
21.60200 4.95508
21.60300 5.06904
21.60400 5.07114
21.60500 4.97601
21.60600 4.93074
21.60700 4.98117
21.60800 4.92964
21.60900 5.00344
21.61000 4.91808
21.61100 5.01436
21.61200 5.08536
21.61300 4.90952
21.61400 4.95616
21.61500 4.97976
21.61600 5.00351
21.61700 5.01054
21.61800 4.96009
21.61900 5.00846
21.62000 4.98103
21.62100 5.04353
21.62200 5.01470
21.62300 0.22618
21.62400 0.20460
21.62500 0.22129
21.62600 0.21909
21.62700 0.16764
21.62800 0.21108
21.62900 0.25342
21.63000 0.17493
21.63100 0.19535
21.63200 0.19944
21.63300 0.17689
21.63400 0.18760
21.63500 0.22931
21.63600 0.14026
21.63700 0.21204
21.63800 0.21507
21.63900 0.17977
21.64000 0.17291
21.64100 0.14302
21.64200 0.27045
21.64300 4.97197
21.64400 5.02746
21.64500 4.87626
21.64600 4.97546
21.64700 5.04365
21.64800 5.02922
21.64900 5.04274
21.65000 4.98572
21.65100 5.06875
21.65200 5.01576
21.65300 4.98673
21.65400 5.01947
21.65500 4.98632
21.65600 4.99057
21.65700 4.97010
21.65800 5.04627
21.65900 5.00449
21.66000 4.95619
21.66100 5.00799
21.66200 4.89802
21.66300 4.97774
21.66400 5.00110
21.66500 4.94741
21.66600 4.98635
21.66700 5.01841
21.66800 4.97809
21.66900 4.97045
21.67000 5.01237
21.67100 4.90445
21.67200 5.00242
21.67300 5.02541
21.67400 4.97008
21.67500 4.99596
21.67600 4.96396
21.67700 5.01547
21.67800 4.96297
21.67900 5.05732
21.68000 4.91240
21.68100 4.98886
21.68200 5.00785
21.68300 5.00110
21.68400 5.06203
21.68500 5.06610
21.68600 5.09496
21.68700 5.00608
21.68800 4.95681
21.68900 4.96775
21.69000 5.01658
21.69100 5.04595
21.69200 4.97204
21.69300 4.96783
21.69400 4.95456
21.69500 4.90381
21.69600 5.03701
21.69700 5.11802
21.69800 4.96791
21.69900 5.07360
21.70000 4.94253
21.70100 5.04728
21.70200 4.98680
21.70300 5.09926
21.70400 5.02486
21.70500 4.98612
21.70600 4.96242
21.70700 5.03804
21.70800 4.95753
21.70900 4.96015
21.71000 4.90763
21.71100 4.88940
21.71200 5.01769
21.71300 5.00678
21.71400 5.08297
21.71500 5.04244
21.71600 4.95867
21.71700 4.94738
21.71800 5.02365
21.71900 5.02858
21.72000 5.00567
21.72100 5.03773
21.72200 4.93171
21.72300 4.96746
21.72400 4.95811
21.72500 5.12333
21.72600 4.96914
21.72700 4.97230
21.72800 4.97256
21.72900 4.93650
21.73000 4.96893
21.73100 4.99656
21.73200 4.94820
21.73300 5.09512
21.73400 5.02652
21.73500 5.08765
21.73600 4.94395
21.73700 4.98118
21.73800 5.03617
21.73900 5.09945
21.74000 4.93866
21.74100 5.04359
21.74200 4.93143
21.74300 5.06308
21.74400 5.06450
21.74500 5.08532
21.74600 4.99784
21.74700 5.06109
21.74800 4.99409
21.74900 4.89730
21.75000 5.09738
21.75100 5.08342
21.75200 5.01787
21.75300 5.01857
21.75400 5.07089
21.75500 5.10035
21.75600 5.14794
21.75700 4.87748
21.75800 5.00052
21.75900 5.01681
21.76000 5.00142
21.76100 5.04713
21.76200 4.96991
21.76300 5.04408
21.76400 4.94055
21.76500 5.09398
21.76600 4.99568
21.76700 4.96080
21.76800 4.98732
21.76900 5.00883
21.77000 4.96424
21.77100 4.92316
21.77200 4.94540
21.77300 5.05740
21.77400 5.02648
21.77500 4.91388
21.77600 4.94964
21.77700 5.12166
21.77800 5.08973
21.77900 5.03174
21.78000 4.98448
21.78100 5.00474
21.78200 5.02021
21.78300 5.01973
21.78400 5.02041
21.78500 4.95598
21.78600 5.10765
21.78700 4.93747
21.78800 4.99197
21.78900 4.97112
21.79000 4.98604
21.79100 5.06313
21.79200 4.96089
21.79300 5.06378
21.79400 5.00242
21.79500 5.02709
21.79600 4.97952
21.79700 4.95030
21.79800 4.92769
21.79900 5.04674
21.80000 5.00971
21.80100 5.01230
21.80200 5.02801
21.80300 4.99581
21.80400 4.99045
21.80500 4.98379
21.80600 4.96648
21.80700 5.02599
21.80800 5.04794
21.80900 4.92691
21.81000 4.99193
21.81100 4.92887
21.81200 5.05928
21.81300 5.03766
21.81400 5.00147
21.81500 4.94280
21.81600 5.06526
21.81700 4.95114
21.81800 5.08062
21.81900 4.99008
21.82000 5.06166
21.82100 5.06263
21.82200 4.94386
21.82300 4.99987
21.82400 4.97699
21.82500 5.05803
21.82600 4.96037
21.82700 5.02694
21.82800 5.00295
21.82900 4.99851
21.83000 5.05254
21.83100 5.03108
21.83200 4.97586
21.83300 4.97028
21.83400 4.93197
21.83500 4.99687
21.83600 4.92589
21.83700 5.05696
21.83800 5.03078
21.83900 4.94043
21.84000 5.02734
21.84100 4.99294
21.84200 5.04932
21.84300 4.98301
21.84400 5.04164
21.84500 4.98468
21.84600 4.98247
21.84700 4.92534
21.84800 5.00357
21.84900 4.99076
21.85000 4.96109
21.85100 4.94992
21.85200 4.97290
21.85300 4.95839
21.85400 4.98265
21.85500 5.04802
21.85600 5.03052
21.85700 4.94496
21.85800 4.93101
21.85900 5.00773
21.86000 5.02415
21.86100 4.99956
21.86200 4.99195
21.86300 5.01869
21.86400 5.01275
21.86500 5.03230
21.86600 4.96061
21.86700 4.95360
21.86800 5.07100
21.86900 5.02077
21.87000 5.12383
21.87100 5.02016
21.87200 5.03151
21.87300 5.04856
21.87400 4.92260
21.87500 4.96121
21.87600 5.05098
21.87700 4.96248
21.87800 4.99777
21.87900 5.02872
21.88000 4.95446
21.88100 4.99711
21.88200 5.02436
21.88300 5.01727
21.88400 4.98442
21.88500 5.05398
21.88600 5.01069
21.88700 4.99185
21.88800 5.01223
21.88900 5.00292
21.89000 5.05606
21.89100 4.97849
21.89200 4.94750
21.89300 4.95904
21.89400 5.09210
21.89500 4.97621
21.89600 5.04419
21.89700 4.98993
21.89800 4.94225
21.89900 4.96866
21.90000 4.98965
21.90100 5.00630
21.90200 4.92425
21.90300 5.12014
21.90400 4.94499
21.90500 5.09967
21.90600 5.00732
21.90700 4.96605
21.90800 5.00813
21.90900 5.03653
21.91000 5.00865
21.91100 5.02692
21.91200 5.03468
21.91300 5.02974
21.91400 4.97847
21.91500 5.04315
21.91600 4.94434
21.91700 5.05150
21.91800 5.08793
21.91900 4.90666
21.92000 5.08929
21.92100 5.02450
21.92200 4.98466
21.92300 4.99621
21.92400 4.94084
21.92500 5.04085
21.92600 5.02880
21.92700 5.10348
21.92800 5.01064
21.92900 4.95329
21.93000 5.08318
21.93100 5.07988
21.93200 4.95024
21.93300 5.01803
21.93400 5.01401
21.93500 5.02108
21.93600 5.01812
21.93700 4.97316
21.93800 4.97264
21.93900 5.06301
21.94000 5.01506
21.94100 5.01414
21.94200 4.95155
21.94300 5.02414
21.94400 5.07770
21.94500 5.05820
21.94600 4.97285
21.94700 5.02683
21.94800 4.98797
21.94900 4.96582
21.95000 5.02722
21.95100 5.05608
21.95200 5.05094
21.95300 5.03074
21.95400 4.95370
21.95500 4.95052
21.95600 5.02814
21.95700 5.01284
21.95800 4.94695
21.95900 5.01351
21.96000 4.95990
21.96100 5.01242
21.96200 4.97881
21.96300 5.01675
21.96400 5.05097
21.96500 5.00841
21.96600 4.98102
21.96700 4.91745
21.96800 4.95575
21.96900 5.00093
21.97000 5.01557
21.97100 4.96172
21.97200 4.95748
21.97300 5.06609
21.97400 4.98497
21.97500 4.94419
21.97600 4.98917
21.97700 4.97931
21.97800 5.06330
21.97900 5.02654
21.98000 4.94911
21.98100 5.05482
21.98200 4.99916
21.98300 4.98783
21.98400 4.99126
21.98500 4.99896
21.98600 4.96807
21.98700 4.96399
21.98800 4.95433
21.98900 4.96794
21.99000 4.96195
21.99100 4.99321
21.99200 5.04007
21.99300 4.90840
21.99400 4.95241
21.99500 5.03552
21.99600 5.00846
21.99700 4.97674
21.99800 4.97215
21.99900 5.02639
22.00000 4.95303
22.00100 4.99913
22.00200 5.00192
22.00300 4.95641
22.00400 4.92208
22.00500 5.00669
22.00600 4.94313
22.00700 5.00756
22.00800 4.93026
22.00900 5.01984
22.01000 4.94146
22.01100 5.12895
22.01200 4.95200
22.01300 5.06979
22.01400 4.94007
22.01500 4.88155
22.01600 5.03122
22.01700 4.95002
22.01800 5.02959
22.01900 5.02157
22.02000 4.96310
22.02100 4.98148
22.02200 4.92709
22.02300 4.93740
22.02400 4.94488
22.02500 5.01537
22.02600 4.99612
22.02700 4.95591
22.02800 4.93501
22.02900 5.01070
22.03000 4.97802
22.03100 4.99486
22.03200 4.98069
22.03300 5.04472
22.03400 4.90777
22.03500 4.95798
22.03600 4.94923
22.03700 5.00899
22.03800 4.96788
22.03900 4.97011
22.04000 4.95597
22.04100 4.98533
22.04200 4.94151
22.04300 4.94916
22.04400 4.98941
22.04500 5.00055
22.04600 5.06351
22.04700 4.99454
22.04800 5.00737
22.04900 5.02571
22.05000 5.02905
22.05100 4.99147
22.05200 4.98723
22.05300 5.00061
22.05400 5.10344
22.05500 4.97380
22.05600 5.00606
22.05700 5.03705
22.05800 5.02002
22.05900 5.04998
22.06000 4.96758
22.06100 4.98466
22.06200 5.05525
22.06300 4.96803
22.06400 5.05058
22.06500 5.08536
22.06600 4.98546
22.06700 5.02488
22.06800 4.95510
22.06900 4.94505
22.07000 4.97534
22.07100 4.90016
22.07200 5.05408
22.07300 5.01878
22.07400 5.06692
22.07500 4.99289
22.07600 4.94386
22.07700 4.98879
22.07800 4.94460
22.07900 4.97103
22.08000 4.94381
22.08100 4.97657
22.08200 4.98688
22.08300 5.05011
22.08400 4.94303
22.08500 4.98534
22.08600 4.93560
22.08700 4.94407
22.08800 5.01748
22.08900 4.95288
22.09000 5.00371
22.09100 5.05863
22.09200 4.97619
22.09300 4.98067
22.09400 5.02099
22.09500 5.08605
22.09600 5.12275
22.09700 4.98079
22.09800 4.99461
22.09900 4.99541
22.10000 5.03275
22.10100 5.03526
22.10200 5.00407
22.10300 5.03953
22.10400 4.94360
22.10500 5.05893
22.10600 4.97030
22.10700 5.04391
22.10800 5.03172
22.10900 4.98155
22.11000 5.07174
22.11100 4.99648
22.11200 4.97444
22.11300 5.03696
22.11400 4.95169
22.11500 5.08640
22.11600 5.03417
22.11700 5.00846
22.11800 4.99016
22.11900 5.06186
22.12000 4.96507
22.12100 5.07145
22.12200 5.05667
22.12300 4.99482
22.12400 4.88991
22.12500 4.96397
22.12600 5.01711
22.12700 5.01234
22.12800 5.03016
22.12900 4.97481
22.13000 5.01326
22.13100 5.01450
22.13200 4.96890
22.13300 5.05302
22.13400 4.98822
22.13500 4.87865
22.13600 4.98467
22.13700 4.99307
22.13800 4.98157
22.13900 4.97862
22.14000 5.02107
22.14100 5.01074
22.14200 4.98606
22.14300 4.95942
22.14400 4.91683
22.14500 5.02641
22.14600 4.95268
22.14700 4.97764
22.14800 5.02661
22.14900 4.95347
22.15000 5.01446
22.15100 4.94743
22.15200 5.07726
22.15300 4.99913
22.15400 4.97654
22.15500 4.88196
22.15600 4.94566
22.15700 5.03260
22.15800 5.05919
22.15900 5.05243
22.16000 4.96992
22.16100 4.96504
22.16200 5.02701
22.16300 5.01937
22.16400 4.97387
22.16500 4.97197
22.16600 4.95352
22.16700 5.06490
22.16800 4.99285
22.16900 4.99820
22.17000 5.07322
22.17100 4.94901
22.17200 5.02757
22.17300 4.97412
22.17400 5.08074
22.17500 5.11245
22.17600 5.05030
22.17700 5.02959
22.17800 5.02262
22.17900 4.98735
22.18000 4.96761
22.18100 4.98182
22.18200 5.01395
22.18300 5.03464
22.18400 4.91528
22.18500 5.01221
22.18600 4.91079
22.18700 5.04949
22.18800 4.99481
22.18900 5.16269
22.19000 5.09297
22.19100 4.98853
22.19200 5.02466
22.19300 5.03772
22.19400 5.02714
22.19500 4.93439
22.19600 4.98727
22.19700 4.99595
22.19800 4.99481
22.19900 5.00300
22.20000 4.97402
22.20100 5.13145
22.20200 4.98328
22.20300 4.98895
22.20400 4.91713
22.20500 4.98117
22.20600 4.95248
22.20700 5.01149
22.20800 4.94851
22.20900 5.05397
22.21000 4.96288
22.21100 4.94574
22.21200 4.96140
22.21300 4.92222
22.21400 4.97223
22.21500 5.03917
22.21600 4.91069
22.21700 4.98294
22.21800 4.99426
22.21900 4.87092
22.22000 4.94956
22.22100 4.98739
22.22200 5.02991
22.22300 5.04786
22.22400 4.98224
22.22500 4.96985
22.22600 5.02284
22.22700 5.08710
22.22800 4.96879
22.22900 5.03781
22.23000 4.98883
22.23100 4.96317
22.23200 5.09440
22.23300 4.95642
22.23400 4.98560
22.23500 4.91164
22.23600 4.96493
22.23700 5.06118
22.23800 4.91580
22.23900 5.04701
22.24000 4.98881
22.24100 4.98513
22.24200 4.95445
22.24300 5.00520
22.24400 4.94318
22.24500 4.94780
22.24600 5.06662
22.24700 4.95763
22.24800 4.95082
22.24900 4.93468
22.25000 5.04313
22.25100 4.99124
22.25200 4.93281
22.25300 5.00691
22.25400 5.00465
22.25500 5.03271
22.25600 5.10343
22.25700 4.99317
22.25800 4.96133
22.25900 5.13292
22.26000 4.98169
22.26100 5.08328
22.26200 5.02391
22.26300 4.99612
22.26400 5.09042
22.26500 5.03480
22.26600 4.99056
22.26700 5.02928
22.26800 4.98668
22.26900 5.02500
22.27000 5.02073
22.27100 5.01323
22.27200 5.04970
22.27300 4.86589
22.27400 5.03028
22.27500 4.98747
22.27600 5.00905
22.27700 5.02834
22.27800 4.96369
22.27900 4.95782
22.28000 4.99354
22.28100 5.00525
22.28200 5.00518
22.28300 4.96015
22.28400 5.00077
22.28500 4.96961
22.28600 4.93489
22.28700 4.98442
22.28800 4.97037
22.28900 5.04049
22.29000 4.96444
22.29100 4.96089
22.29200 5.02605
22.29300 4.94308
22.29400 4.96555
22.29500 4.98290
22.29600 5.07708
22.29700 5.04049
22.29800 5.00923
22.29900 5.03105
22.30000 4.95358
22.30100 5.00618
22.30200 4.94520
22.30300 5.07580
22.30400 5.01352
22.30500 5.00483
22.30600 4.95740
22.30700 5.04045
22.30800 4.96967
22.30900 4.97148
22.31000 5.00323
22.31100 4.95002
22.31200 4.97722
22.31300 5.01909
22.31400 4.99874
22.31500 5.05072
22.31600 5.01799
22.31700 5.06585
22.31800 4.86961
22.31900 4.99050
22.32000 5.08059
22.32100 5.06317
22.32200 5.01077
22.32300 4.93788
22.32400 4.93657
22.32500 4.94164
22.32600 5.05003
22.32700 4.97697
22.32800 4.93992
22.32900 4.93132
22.33000 4.93961
22.33100 5.00883
22.33200 0.15791
22.33300 0.20844
22.33400 0.25146
22.33500 0.22423
22.33600 0.21926
22.33700 0.26122
22.33800 0.14677
22.33900 0.22555
22.34000 0.23433
22.34100 0.18850
22.34200 0.11849
22.34300 0.17934
22.34400 0.23512
22.34500 0.25522
22.34600 0.23480
22.34700 0.17263
22.34800 0.22277
22.34900 0.21354
22.35000 0.23563
22.35100 0.23821
22.35200 5.05667
22.35300 5.04246
22.35400 5.01002
22.35500 4.99819
22.35600 5.04834
22.35700 4.96876
22.35800 5.04012
22.35900 4.97528
22.36000 5.01639
22.36100 5.01794
22.36200 4.98016
22.36300 4.99269
22.36400 5.06574
22.36500 5.07617
22.36600 5.03145
22.36700 5.09243
22.36800 4.98428
22.36900 4.97788
22.37000 5.01089
22.37100 5.05013
22.37200 5.02346
22.37300 4.97110
22.37400 5.00913
22.37500 4.99177
22.37600 4.98983
22.37700 5.02696
22.37800 4.93171
22.37900 4.99895
22.38000 5.06092
22.38100 5.00460
22.38200 4.90651
22.38300 4.95358
22.38400 5.01045
22.38500 5.01938
22.38600 4.99354
22.38700 4.91782
22.38800 5.05472
22.38900 4.90885
22.39000 4.93648
22.39100 4.99823
22.39200 5.00319
22.39300 5.02232
22.39400 4.89718
22.39500 4.91899
22.39600 5.03072
22.39700 5.00083
22.39800 4.98074
22.39900 5.00942
22.40000 4.94550
22.40100 4.98814
22.40200 5.08176
22.40300 4.97317
22.40400 5.02208
22.40500 4.95539
22.40600 4.96806
22.40700 5.04196
22.40800 5.04380
22.40900 5.02400
22.41000 5.00184
22.41100 5.02150
22.41200 4.99327
22.41300 5.00032
22.41400 4.96138
22.41500 5.06709
22.41600 4.94162
22.41700 5.00778
22.41800 4.95896
22.41900 4.96950
22.42000 5.02779
22.42100 5.03839
22.42200 4.94149
22.42300 4.99761
22.42400 5.06807
22.42500 5.02065
22.42600 4.92579
22.42700 4.92800
22.42800 4.89525
22.42900 5.05864
22.43000 4.92536
22.43100 5.05908
22.43200 4.93186
22.43300 5.04626
22.43400 4.96328
22.43500 4.95345
22.43600 4.88869
22.43700 4.92837
22.43800 4.91940
22.43900 4.90804
22.44000 5.02358
22.44100 5.10597
22.44200 4.88199
22.44300 4.97387
22.44400 5.01486
22.44500 4.98157
22.44600 4.98847
22.44700 4.98940
22.44800 4.97682
22.44900 5.03098
22.45000 4.98457
22.45100 4.98973
22.45200 4.99152
22.45300 5.05905
22.45400 4.93923
22.45500 4.97296
22.45600 5.01166
22.45700 4.97261
22.45800 4.93146
22.45900 5.05311
22.46000 5.00884
22.46100 5.01672
22.46200 5.00130
22.46300 4.98482
22.46400 5.06513
22.46500 5.00899
22.46600 5.03163
22.46700 5.02963
22.46800 4.95968
22.46900 4.98823
22.47000 4.97096
22.47100 5.13835
22.47200 4.97905
22.47300 5.00486
22.47400 4.96621
22.47500 4.99106
22.47600 5.04842
22.47700 5.01658
22.47800 4.97954
22.47900 5.05425
22.48000 5.06107
22.48100 5.06233
22.48200 4.93542
22.48300 4.94869
22.48400 4.95601
22.48500 4.99823
22.48600 5.06373
22.48700 4.94465
22.48800 5.02845
22.48900 5.03562
22.49000 5.02590
22.49100 4.96666
22.49200 5.01566
22.49300 4.99477
22.49400 5.00547
22.49500 4.94597
22.49600 5.10432
22.49700 5.01345
22.49800 4.96809
22.49900 5.00199
22.50000 4.98621
22.50100 4.94734
22.50200 4.97586
22.50300 5.03794
22.50400 4.98601
22.50500 4.96238
22.50600 4.89925
22.50700 5.03402
22.50800 5.06896
22.50900 4.98210
22.51000 5.02422
22.51100 5.03192
22.51200 4.99200
22.51300 5.01895
22.51400 4.97802
22.51500 4.98864
22.51600 5.02845
22.51700 5.00739
22.51800 4.94079
22.51900 4.97736
22.52000 5.07457
22.52100 4.98652
22.52200 4.94685
22.52300 5.06126
22.52400 4.94026
22.52500 5.02860
22.52600 5.16610
22.52700 5.07275
22.52800 5.01447
22.52900 5.04768
22.53000 5.10214
22.53100 5.01536
22.53200 5.08450
22.53300 4.98952
22.53400 4.89848
22.53500 4.99181
22.53600 4.97178
22.53700 4.99610
22.53800 5.03490
22.53900 5.00078
22.54000 5.01548
22.54100 5.10560
22.54200 4.97852
22.54300 5.05719
22.54400 4.98368
22.54500 5.09514
22.54600 5.06631
22.54700 5.02282
22.54800 4.98968
22.54900 5.03688
22.55000 4.91386
22.55100 4.91836
22.55200 4.98433
22.55300 4.93726
22.55400 4.90241
22.55500 4.98764
22.55600 5.07552
22.55700 4.94344
22.55800 5.04741
22.55900 5.08479
22.56000 4.99684
22.56100 4.94853
22.56200 5.00036
22.56300 5.02454
22.56400 4.90643
22.56500 5.05756
22.56600 5.03974
22.56700 4.96932
22.56800 5.02734
22.56900 4.98210
22.57000 5.04124
22.57100 4.99212
22.57200 5.01171
22.57300 5.02610
22.57400 5.02346
22.57500 4.94097
22.57600 4.96700
22.57700 4.95659
22.57800 4.96092
22.57900 5.04634
22.58000 4.92024
22.58100 4.99105
22.58200 5.02429
22.58300 4.91964
22.58400 4.93120
22.58500 5.01440
22.58600 4.92506
22.58700 5.03141
22.58800 5.02502
22.58900 5.04632
22.59000 5.01853
22.59100 4.95553
22.59200 5.07403
22.59300 5.03224
22.59400 4.97819
22.59500 5.00727
22.59600 5.09543
22.59700 4.97108
22.59800 5.00498
22.59900 4.96378
22.60000 4.95590
22.60100 5.02058
22.60200 4.96772
22.60300 5.07397
22.60400 5.00665
22.60500 4.94178
22.60600 4.95102
22.60700 4.87718
22.60800 5.01229
22.60900 5.04379
22.61000 5.00142
22.61100 5.03484
22.61200 5.01409
22.61300 4.93833
22.61400 4.97341
22.61500 5.01994
22.61600 4.95851
22.61700 4.98713
22.61800 4.97445
22.61900 4.99695
22.62000 4.97701
22.62100 5.07823
22.62200 5.05651
22.62300 5.11509
22.62400 4.98053
22.62500 4.98998
22.62600 5.02033
22.62700 5.09710
22.62800 4.98965
22.62900 4.97023
22.63000 5.04761
22.63100 4.94505
22.63200 5.00046
22.63300 5.08860
22.63400 4.95219
22.63500 5.02623
22.63600 5.02921
22.63700 4.95861
22.63800 4.98725
22.63900 5.05059
22.64000 4.96412
22.64100 5.00105
22.64200 5.02339
22.64300 4.98779
22.64400 4.98312
22.64500 5.02214
22.64600 4.92879
22.64700 4.95805
22.64800 4.93047
22.64900 5.01754
22.65000 5.00659
22.65100 5.00795
22.65200 4.97594
22.65300 5.04715
22.65400 5.02913
22.65500 4.92834
22.65600 4.99105
22.65700 5.05038
22.65800 4.92366
22.65900 4.93210
22.66000 5.01336
22.66100 5.07718
22.66200 5.10177
22.66300 5.08871
22.66400 4.86809
22.66500 5.01492
22.66600 5.02852
22.66700 4.94435
22.66800 4.91746
22.66900 4.96197
22.67000 4.98809
22.67100 5.01284
22.67200 4.91887
22.67300 5.00037
22.67400 4.97605
22.67500 5.01079
22.67600 4.99243
22.67700 4.98861
22.67800 4.99255
22.67900 5.05885
22.68000 5.10522
22.68100 4.97105
22.68200 5.01279
22.68300 4.95845
22.68400 4.96438
22.68500 4.97173
22.68600 4.89983
22.68700 4.99649
22.68800 5.10994
22.68900 4.99382
22.69000 5.06973
22.69100 5.01178
22.69200 5.00075
22.69300 5.08371
22.69400 4.98932
22.69500 5.00819
22.69600 4.95549
22.69700 5.03043
22.69800 4.94366
22.69900 5.05988
22.70000 5.03321
22.70100 5.00813
22.70200 5.04223
22.70300 4.91504
22.70400 4.99492
22.70500 5.06160
22.70600 4.94209
22.70700 5.07999
22.70800 5.02627
22.70900 4.98767
22.71000 4.93702
22.71100 5.03895
22.71200 5.01180
22.71300 4.91330
22.71400 4.96395
22.71500 5.02632
22.71600 5.12597
22.71700 4.96615
22.71800 4.97201
22.71900 5.01687
22.72000 5.00909
22.72100 5.01257
22.72200 5.04965
22.72300 4.89915
22.72400 4.99700
22.72500 4.98286
22.72600 5.03218
22.72700 4.99659
22.72800 4.91711
22.72900 5.01523
22.73000 4.94597
22.73100 4.97243
22.73200 5.02200
22.73300 5.03670
22.73400 4.94685
22.73500 5.00665
22.73600 5.11926
22.73700 5.08278
22.73800 4.94881
22.73900 4.90633
22.74000 4.98677
22.74100 5.01326
22.74200 5.00752
22.74300 5.05872
22.74400 5.00248
22.74500 4.99950
22.74600 5.02052
22.74700 4.92937
22.74800 5.01854
22.74900 4.94493
22.75000 4.94964
22.75100 5.01960
22.75200 4.99773
22.75300 5.02927
22.75400 5.01517
22.75500 4.98900
22.75600 5.05882
22.75700 5.04120
22.75800 5.04562
22.75900 5.01327
22.76000 4.99372
22.76100 5.04963
22.76200 5.02467
22.76300 4.98538
22.76400 4.97111
22.76500 5.05503
22.76600 5.05500
22.76700 5.03601
22.76800 4.90349
22.76900 5.00191
22.77000 5.04531
22.77100 4.87788
22.77200 5.05572
22.77300 5.02497
22.77400 5.02523
22.77500 4.98578
22.77600 4.97104
22.77700 5.02581
22.77800 5.02771
22.77900 4.95312
22.78000 4.98246
22.78100 5.04802
22.78200 5.03221
22.78300 5.05306
22.78400 4.97580
22.78500 4.93073
22.78600 4.95347
22.78700 5.03536
22.78800 5.03381
22.78900 4.99016
22.79000 4.98251
22.79100 4.94559
22.79200 5.04355
22.79300 4.95381
22.79400 5.01074
22.79500 5.04193
22.79600 4.90935
22.79700 4.97741
22.79800 5.11319
22.79900 4.94080
22.80000 5.03880
22.80100 4.97101
22.80200 5.05590
22.80300 5.07553
22.80400 5.03411
22.80500 4.99031
22.80600 4.95115
22.80700 5.05661
22.80800 5.02199
22.80900 4.95749
22.81000 5.00430
22.81100 4.98304
22.81200 4.94627
22.81300 5.00517
22.81400 5.03286
22.81500 5.00310
22.81600 4.99545
22.81700 4.91524
22.81800 5.01300
22.81900 5.05526
22.82000 4.98993
22.82100 4.97450
22.82200 5.04986
22.82300 5.02082
22.82400 5.00579
22.82500 5.05046
22.82600 4.94347
22.82700 5.02495
22.82800 4.94758
22.82900 4.92368
22.83000 4.92806
22.83100 5.06428
22.83200 4.98370
22.83300 5.03250
22.83400 4.91485
22.83500 5.00041
22.83600 5.02210
22.83700 5.02028
22.83800 5.08883
22.83900 4.96875
22.84000 5.01310
22.84100 4.98976
22.84200 4.91361
22.84300 5.03081
22.84400 4.94470
22.84500 4.95187
22.84600 4.95124
22.84700 4.98482
22.84800 4.99248
22.84900 5.07724
22.85000 4.95612
22.85100 5.03584
22.85200 5.04088
22.85300 5.00211
22.85400 4.99035
22.85500 5.04826
22.85600 5.01648
22.85700 4.96503
22.85800 4.98414
22.85900 4.96716
22.86000 5.05683
22.86100 4.96974
22.86200 4.91204
22.86300 4.99085
22.86400 5.02128
22.86500 5.05650
22.86600 4.98400
22.86700 4.98113
22.86800 4.93500
22.86900 4.97334
22.87000 5.03671
22.87100 4.98731
22.87200 4.99371
22.87300 4.99116
22.87400 5.02301
22.87500 5.04424
22.87600 4.99148
22.87700 5.05317
22.87800 5.00289
22.87900 4.96894
22.88000 4.98493
22.88100 5.10616
22.88200 5.02493
22.88300 4.96011
22.88400 4.93611
22.88500 5.03431
22.88600 4.99990
22.88700 4.93867
22.88800 5.05440
22.88900 4.98262
22.89000 5.02023
22.89100 4.93640
22.89200 5.04203
22.89300 5.04226
22.89400 5.06528
22.89500 5.09649
22.89600 5.05318
22.89700 5.03182
22.89800 5.10695
22.89900 4.97670
22.90000 5.02996
22.90100 5.01907
22.90200 5.03516
22.90300 5.00945
22.90400 5.00318
22.90500 5.00013
22.90600 5.00417
22.90700 5.01191
22.90800 4.98907
22.90900 4.96126
22.91000 5.01428
22.91100 4.96080
22.91200 5.03848
22.91300 5.03151
22.91400 4.98951
22.91500 5.00087
22.91600 4.99789
22.91700 4.96793
22.91800 5.01191
22.91900 4.88047
22.92000 5.03733
22.92100 4.93641
22.92200 5.02392
22.92300 5.00638
22.92400 4.95818
22.92500 5.10816
22.92600 4.90176
22.92700 4.99818
22.92800 4.92494
22.92900 4.89941
22.93000 4.92322
22.93100 5.00260
22.93200 4.89636
22.93300 4.96114
22.93400 4.97853
22.93500 4.98280
22.93600 4.98851
22.93700 5.02968
22.93800 5.06440
22.93900 5.04311
22.94000 5.08827
22.94100 4.97739
22.94200 5.02049
22.94300 4.98430
22.94400 5.01874
22.94500 4.96173
22.94600 5.06763
22.94700 4.92217
22.94800 4.93096
22.94900 4.96782
22.95000 4.96877
22.95100 5.11586
22.95200 5.02015
22.95300 5.02659
22.95400 4.97935
22.95500 5.04488
22.95600 4.88195
22.95700 5.03289
22.95800 5.01492
22.95900 5.00655
22.96000 5.04271
22.96100 4.94582
22.96200 4.98931
22.96300 5.05034
22.96400 4.97482
22.96500 4.98175
22.96600 5.06712
22.96700 5.04390
22.96800 5.04067
22.96900 4.90293
22.97000 5.06179
22.97100 5.00011
22.97200 4.98793
22.97300 5.02287
22.97400 5.07906
22.97500 4.99763
22.97600 4.93746
22.97700 5.00274
22.97800 4.96416
22.97900 5.03496
22.98000 4.94041
22.98100 4.95365
22.98200 4.96979
22.98300 4.96709
22.98400 5.03123
22.98500 4.96930
22.98600 4.96766
22.98700 5.00131
22.98800 4.91868
22.98900 4.99151
22.99000 4.99861
22.99100 5.00941
22.99200 4.97286
22.99300 4.97852
22.99400 5.00516
22.99500 4.96616
22.99600 5.06469
22.99700 4.95567
22.99800 5.01753
22.99900 5.10988
23.00000 4.97679
23.00100 5.05659
23.00200 5.02230
23.00300 5.06149
23.00400 5.08655
23.00500 4.98095
23.00600 5.03635
23.00700 5.04125
23.00800 4.98088
23.00900 5.07048
23.01000 4.95271
23.01100 5.02317
23.01200 4.96470
23.01300 5.00336
23.01400 5.00588
23.01500 5.01240
23.01600 5.07317
23.01700 4.91041
23.01800 4.91287
23.01900 5.01639
23.02000 5.10514
23.02100 5.05131
23.02200 4.99809
23.02300 4.99855
23.02400 4.97560
23.02500 4.96380
23.02600 5.00635
23.02700 4.94823
23.02800 4.97219
23.02900 5.01766
23.03000 5.06550
23.03100 4.95905
23.03200 5.03241
23.03300 5.04656
23.03400 4.98358
23.03500 5.01009
23.03600 5.01256
23.03700 4.97328
23.03800 5.04742
23.03900 5.02465
23.04000 5.04422
23.04100 0.21140
23.04200 0.24392
23.04300 0.15204
23.04400 0.20958
23.04500 0.16113
23.04600 0.15488
23.04700 0.18262
23.04800 0.13451
23.04900 0.22902
23.05000 0.25657
23.05100 0.24644
23.05200 0.16580
23.05300 0.22847
23.05400 0.15000
23.05500 0.20118
23.05600 0.20532
23.05700 0.24275
23.05800 0.19426
23.05900 0.15799
23.06000 0.31752
23.06100 5.04892
23.06200 4.99716
23.06300 5.02496
23.06400 4.92173
23.06500 5.00129
23.06600 5.01680
23.06700 4.99761
23.06800 4.87664
23.06900 5.03684
23.07000 4.92895
23.07100 5.04739
23.07200 5.01475
23.07300 5.00440
23.07400 5.04199
23.07500 5.06544
23.07600 5.05583
23.07700 4.90914
23.07800 4.93687
23.07900 4.97816
23.08000 4.93168
23.08100 4.99958
23.08200 5.01657
23.08300 5.07414
23.08400 5.02420
23.08500 5.03608
23.08600 5.02476
23.08700 4.94108
23.08800 5.02070
23.08900 4.92873
23.09000 4.98900
23.09100 5.05958
23.09200 4.96762
23.09300 4.94145
23.09400 5.04130
23.09500 4.93469
23.09600 4.99639
23.09700 4.97215
23.09800 4.89625
23.09900 4.98023
23.10000 5.07190
23.10100 4.92388
23.10200 5.02578
23.10300 4.95205
23.10400 4.95416
23.10500 5.07616
23.10600 5.09938
23.10700 4.98804
23.10800 4.95701
23.10900 4.99305
23.11000 5.00009
23.11100 5.07051
23.11200 4.97685
23.11300 5.09177
23.11400 4.99182
23.11500 4.98288
23.11600 4.92319
23.11700 5.01311
23.11800 5.01788
23.11900 4.96067
23.12000 4.99791
23.12100 4.97844
23.12200 4.97371
23.12300 5.01018
23.12400 5.01988
23.12500 4.91025
23.12600 5.06190
23.12700 5.05556
23.12800 4.98827
23.12900 5.03374
23.13000 4.98368
23.13100 5.05292
23.13200 4.97602
23.13300 4.98717
23.13400 5.06072
23.13500 5.03685
23.13600 4.91480
23.13700 4.96920
23.13800 5.08433
23.13900 4.90312
23.14000 4.97196
23.14100 5.04077
23.14200 5.05064
23.14300 5.01958
23.14400 4.96794
23.14500 4.91384
23.14600 4.98173
23.14700 4.97490
23.14800 4.97972
23.14900 4.97319
23.15000 5.01358
23.15100 4.92019
23.15200 4.96375
23.15300 4.98780
23.15400 5.02587
23.15500 5.05815
23.15600 4.99404
23.15700 5.02737
23.15800 4.92862
23.15900 5.11484
23.16000 4.96948
23.16100 5.04552
23.16200 5.03238
23.16300 4.99777
23.16400 4.96885
23.16500 5.02916
23.16600 4.97876
23.16700 4.98638
23.16800 4.97755
23.16900 4.99975
23.17000 5.01897
23.17100 4.99843
23.17200 5.00223
23.17300 5.03766
23.17400 4.99631
23.17500 5.07881
23.17600 4.96229
23.17700 5.01540
23.17800 4.95041
23.17900 5.04015
23.18000 4.95898
23.18100 4.96424
23.18200 5.03882
23.18300 4.97032
23.18400 4.98214
23.18500 4.99069
23.18600 4.96885
23.18700 4.95203
23.18800 5.07749
23.18900 4.89932
23.19000 4.92164
23.19100 4.98944
23.19200 5.06985
23.19300 5.08900
23.19400 4.90428
23.19500 5.10513
23.19600 5.00948
23.19700 4.90893
23.19800 4.98492
23.19900 4.94772
23.20000 4.94018
23.20100 4.99315
23.20200 5.04566
23.20300 5.03934
23.20400 5.03226
23.20500 4.95888
23.20600 4.98446
23.20700 5.05975
23.20800 4.94816
23.20900 4.96005
23.21000 4.93159
23.21100 4.98620
23.21200 4.96868
23.21300 4.98676
23.21400 5.06194
23.21500 4.94411
23.21600 4.95071
23.21700 4.98645
23.21800 5.01393
23.21900 5.00265
23.22000 5.09484
23.22100 4.97819
23.22200 4.99550
23.22300 5.02513
23.22400 4.96363
23.22500 4.95940
23.22600 5.00053
23.22700 5.03818
23.22800 4.97122
23.22900 4.97479
23.23000 5.01989
23.23100 4.98238
23.23200 4.96306
23.23300 4.98508
23.23400 4.96988
23.23500 5.04161
23.23600 5.01354
23.23700 5.08627
23.23800 5.01567
23.23900 4.98463
23.24000 5.07182
23.24100 4.95321
23.24200 4.99420
23.24300 5.08363
23.24400 5.05335
23.24500 4.98787
23.24600 5.07358
23.24700 5.01318
23.24800 4.93452
23.24900 4.97650
23.25000 5.03830
23.25100 5.02853
23.25200 5.02089
23.25300 5.02142
23.25400 5.01838
23.25500 5.00862
23.25600 5.05886
23.25700 5.00553
23.25800 5.08925
23.25900 5.01422
23.26000 4.94157
23.26100 4.98701
23.26200 5.01716
23.26300 4.96232
23.26400 4.92913
23.26500 4.90122
23.26600 5.02037
23.26700 4.94550
23.26800 5.02927
23.26900 4.93122
23.27000 5.05410
23.27100 5.01252
23.27200 5.02429
23.27300 4.98049
23.27400 4.93463
23.27500 4.94907
23.27600 5.04322
23.27700 4.98039
23.27800 4.92021
23.27900 4.93616
23.28000 4.93826
23.28100 5.01326
23.28200 4.99988
23.28300 5.04613
23.28400 5.07826
23.28500 4.95483
23.28600 4.98240
23.28700 4.95285
23.28800 5.01738
23.28900 5.05178
23.29000 4.92868
23.29100 5.01917
23.29200 5.02310
23.29300 5.01213
23.29400 4.99625
23.29500 4.97270
23.29600 5.03639
23.29700 5.03605
23.29800 5.02978
23.29900 4.98328
23.30000 5.03692
23.30100 5.02261
23.30200 5.02541
23.30300 5.05675
23.30400 4.95079
23.30500 5.01194
23.30600 5.03192
23.30700 4.92736
23.30800 5.08010
23.30900 4.98280
23.31000 5.00858
23.31100 4.96747
23.31200 5.06386
23.31300 4.95608
23.31400 4.97963
23.31500 4.93509
23.31600 5.07032
23.31700 4.95485
23.31800 5.01307
23.31900 4.96670
23.32000 4.94028
23.32100 4.87323
23.32200 4.97062
23.32300 4.92836
23.32400 4.94125
23.32500 4.98968
23.32600 5.01333
23.32700 5.04161
23.32800 4.97250
23.32900 4.99057
23.33000 5.11911
23.33100 4.97044
23.33200 5.13303
23.33300 4.99602
23.33400 4.99292
23.33500 5.09020
23.33600 4.97050
23.33700 4.97372
23.33800 5.00949
23.33900 5.01070
23.34000 4.96296
23.34100 4.90025
23.34200 5.00542
23.34300 4.93495
23.34400 4.96510
23.34500 4.99528
23.34600 5.05549
23.34700 4.96881
23.34800 4.95401
23.34900 4.99952
23.35000 5.05116
23.35100 5.02205
23.35200 4.98075
23.35300 4.98439
23.35400 4.94493
23.35500 4.99209
23.35600 5.01806
23.35700 4.99820
23.35800 4.93644
23.35900 4.96935
23.36000 5.04217
23.36100 5.00232
23.36200 4.97130
23.36300 5.08708
23.36400 5.02392
23.36500 4.96971
23.36600 5.09232
23.36700 5.02970
23.36800 5.01164
23.36900 5.05453
23.37000 5.09201
23.37100 5.02071
23.37200 4.98733
23.37300 4.99445
23.37400 5.03198
23.37500 4.96440
23.37600 5.04125
23.37700 4.89105
23.37800 4.92914
23.37900 4.97418
23.38000 4.91588
23.38100 4.99912
23.38200 5.00068
23.38300 4.92769
23.38400 4.94226
23.38500 5.00072
23.38600 5.02894
23.38700 4.97079
23.38800 4.99454
23.38900 4.99230
23.39000 4.89683
23.39100 4.99134
23.39200 4.93509
23.39300 5.06336
23.39400 5.01691
23.39500 4.95656
23.39600 4.97612
23.39700 5.02676
23.39800 4.92801
23.39900 5.03736
23.40000 4.95713
23.40100 4.91169
23.40200 4.98976
23.40300 5.12116
23.40400 5.01413
23.40500 5.03107
23.40600 5.00936
23.40700 5.01432
23.40800 4.99902
23.40900 4.99079
23.41000 5.00533
23.41100 4.94721
23.41200 5.01264
23.41300 5.02185
23.41400 4.97154
23.41500 5.07416
23.41600 5.03522
23.41700 5.04231
23.41800 4.91744
23.41900 4.94767
23.42000 4.98009
23.42100 5.05480
23.42200 4.99743
23.42300 5.00729
23.42400 4.91174
23.42500 4.99077
23.42600 4.99195
23.42700 5.01399
23.42800 5.01147
23.42900 4.94693
23.43000 4.97306
23.43100 5.02239
23.43200 5.06252
23.43300 4.99438
23.43400 4.95430
23.43500 5.02718
23.43600 5.04011
23.43700 5.01515
23.43800 5.02223
23.43900 4.97846
23.44000 5.02525
23.44100 5.01205
23.44200 4.95377
23.44300 5.10911
23.44400 5.04516
23.44500 4.97522
23.44600 5.01151
23.44700 4.98335
23.44800 4.98185
23.44900 5.14693
23.45000 5.10998
23.45100 4.97947
23.45200 5.00384
23.45300 5.04044
23.45400 5.02035
23.45500 5.04446
23.45600 5.03818
23.45700 5.02807
23.45800 4.97151
23.45900 4.96624
23.46000 5.01066
23.46100 5.05765
23.46200 5.02282
23.46300 5.01528
23.46400 4.95251
23.46500 5.08260
23.46600 5.01137
23.46700 4.97960
23.46800 5.01259
23.46900 5.04317
23.47000 5.01336
23.47100 5.02552
23.47200 4.99232
23.47300 5.02625
23.47400 5.04851
23.47500 4.98894
23.47600 5.02635
23.47700 4.88085
23.47800 4.97614
23.47900 4.93257
23.48000 4.95133
23.48100 5.01926
23.48200 4.96293
23.48300 5.02516
23.48400 5.03247
23.48500 5.04583
23.48600 4.96690
23.48700 4.99764
23.48800 4.94756
23.48900 4.99903
23.49000 5.02999
23.49100 5.09722
23.49200 4.98958
23.49300 4.97786
23.49400 4.98500
23.49500 4.98322
23.49600 4.99521
23.49700 4.94486
23.49800 4.88699
23.49900 5.03384
23.50000 4.99066
23.50100 4.94127
23.50200 5.07670
23.50300 5.02318
23.50400 5.03881
23.50500 5.04345
23.50600 4.97784
23.50700 4.93970
23.50800 4.99097
23.50900 5.02104
23.51000 5.01377
23.51100 5.04766
23.51200 5.05464
23.51300 4.93963
23.51400 4.98158
23.51500 4.94681
23.51600 5.02231
23.51700 5.00940
23.51800 5.04568
23.51900 4.96029
23.52000 5.01836
23.52100 5.02895
23.52200 4.97387
23.52300 4.98000
23.52400 4.91124
23.52500 4.93122
23.52600 5.06200
23.52700 5.01713
23.52800 4.92578
23.52900 4.97266
23.53000 4.94963
23.53100 4.95716
23.53200 4.92066
23.53300 4.97279
23.53400 4.94203
23.53500 5.05187
23.53600 5.02299
23.53700 5.02905
23.53800 5.03796
23.53900 4.94336
23.54000 5.08562
23.54100 5.03227
23.54200 4.96590
23.54300 4.97940
23.54400 5.00876
23.54500 4.96828
23.54600 4.94509
23.54700 4.99199
23.54800 5.06902
23.54900 5.02583
23.55000 5.09348
23.55100 4.93868
23.55200 5.06349
23.55300 4.94113
23.55400 4.96314
23.55500 4.98030
23.55600 5.05784
23.55700 4.97939
23.55800 5.03695
23.55900 4.92189
23.56000 5.05322
23.56100 5.03164
23.56200 5.02882
23.56300 4.93722
23.56400 5.00888
23.56500 5.05057
23.56600 5.01550
23.56700 4.93682
23.56800 5.06810
23.56900 5.08046
23.57000 4.91561
23.57100 5.01745
23.57200 5.01314
23.57300 4.93787
23.57400 5.09223
23.57500 4.92887
23.57600 4.97231
23.57700 5.03624
23.57800 4.96359
23.57900 4.94121
23.58000 4.99440
23.58100 4.95266
23.58200 5.00347
23.58300 4.99352
23.58400 5.01930
23.58500 4.94406
23.58600 4.95394
23.58700 5.06942
23.58800 4.92251
23.58900 4.96010
23.59000 5.05936
23.59100 5.01630
23.59200 4.93614
23.59300 4.92166
23.59400 5.04205
23.59500 4.99214
23.59600 5.07166
23.59700 5.16596
23.59800 4.96161
23.59900 5.02628
23.60000 5.13158
23.60100 5.00468
23.60200 5.05052
23.60300 4.97795
23.60400 5.03043
23.60500 5.02842
23.60600 4.98868
23.60700 5.00878
23.60800 5.00684
23.60900 5.00040
23.61000 4.96971
23.61100 5.02745
23.61200 4.94805
23.61300 5.08193
23.61400 4.94083
23.61500 5.04654
23.61600 5.00522
23.61700 5.01303
23.61800 4.97946
23.61900 4.96470
23.62000 4.98295
23.62100 4.99800
23.62200 4.92975
23.62300 4.92812
23.62400 5.01107
23.62500 4.96687
23.62600 5.00110
23.62700 4.94076
23.62800 5.08857
23.62900 4.96510
23.63000 5.00336
23.63100 5.02163
23.63200 5.07493
23.63300 4.99562
23.63400 4.87973
23.63500 4.93132
23.63600 5.09301
23.63700 5.06533
23.63800 5.00651
23.63900 5.06688
23.64000 4.98763
23.64100 5.06141
23.64200 5.02856
23.64300 4.91355
23.64400 5.05226
23.64500 4.98131
23.64600 4.98275
23.64700 5.02849
23.64800 4.85796
23.64900 5.05595
23.65000 4.96142
23.65100 5.00272
23.65200 5.01740
23.65300 4.97635
23.65400 5.01290
23.65500 5.03340
23.65600 5.02483
23.65700 5.06670
23.65800 5.04031
23.65900 4.86924
23.66000 5.02034
23.66100 5.06887
23.66200 4.98287
23.66300 4.96794
23.66400 4.99102
23.66500 5.03718
23.66600 4.95786
23.66700 5.01882
23.66800 5.02178
23.66900 5.05065
23.67000 4.95808
23.67100 5.03216
23.67200 4.97093
23.67300 5.00268
23.67400 5.08690
23.67500 5.01813
23.67600 4.97726
23.67700 4.93202
23.67800 4.93154
23.67900 5.00653
23.68000 5.06333
23.68100 4.92515
23.68200 4.96884
23.68300 4.98412
23.68400 5.04141
23.68500 4.99611
23.68600 4.94320
23.68700 5.03335
23.68800 4.96583
23.68900 5.06258
23.69000 5.01059
23.69100 4.95715
23.69200 5.09757
23.69300 4.98010
23.69400 5.03812
23.69500 5.01050
23.69600 5.05196
23.69700 4.93362
23.69800 5.02989
23.69900 5.02247
23.70000 5.03286
23.70100 4.93276
23.70200 5.01215
23.70300 5.03135
23.70400 4.97849
23.70500 4.98759
23.70600 5.00769
23.70700 5.10060
23.70800 4.99247
23.70900 4.94368
23.71000 5.02463
23.71100 4.99998
23.71200 5.02494
23.71300 5.04742
23.71400 5.01857
23.71500 4.94389
23.71600 4.99015
23.71700 4.97962
23.71800 4.96988
23.71900 4.89546
23.72000 5.07164
23.72100 4.98112
23.72200 4.97209
23.72300 5.00637
23.72400 4.93763
23.72500 5.10519
23.72600 5.02282
23.72700 5.03262
23.72800 4.94541
23.72900 4.97196
23.73000 4.99027
23.73100 4.95468
23.73200 5.00404
23.73300 4.98683
23.73400 4.99011
23.73500 4.93365
23.73600 5.03491
23.73700 5.08945
23.73800 5.01916
23.73900 4.95946
23.74000 4.98736
23.74100 5.04258
23.74200 5.03475
23.74300 4.93582
23.74400 5.01049
23.74500 5.06848
23.74600 4.94850
23.74700 4.92267
23.74800 5.06262
23.74900 4.95895
23.75000 5.02589
23.75100 0.19680
23.75200 0.29770
23.75300 0.19959
23.75400 0.27700
23.75500 0.16659
23.75600 0.14902
23.75700 0.20244
23.75800 0.20745
23.75900 0.21436
23.76000 0.16891
23.76100 0.21663
23.76200 0.25722
23.76300 0.22426
23.76400 0.19066
23.76500 0.13638
23.76600 0.19976
23.76700 0.26092
23.76800 0.27303
23.76900 0.19809
23.77000 0.16983
23.77100 5.07551
23.77200 5.05690
23.77300 4.97080
23.77400 4.97486
23.77500 4.96641
23.77600 5.03791
23.77700 5.04176
23.77800 5.04587
23.77900 4.92692
23.78000 5.02157
23.78100 5.01900
23.78200 4.98344
23.78300 5.02046
23.78400 5.02552
23.78500 5.07143
23.78600 5.06822
23.78700 5.08044
23.78800 5.15559
23.78900 4.97678
23.79000 4.99425
23.79100 4.98085
23.79200 4.98495
23.79300 4.98826
23.79400 4.94209
23.79500 5.00055
23.79600 4.98759
23.79700 5.00809
23.79800 4.96103
23.79900 4.99794
23.80000 4.99999
23.80100 5.00922
23.80200 4.91208
23.80300 5.08630
23.80400 4.99193
23.80500 4.99469
23.80600 4.96327
23.80700 4.95774
23.80800 5.05306
23.80900 5.06402
23.81000 4.99800
23.81100 4.88946
23.81200 4.94324
23.81300 5.00114
23.81400 4.94407
23.81500 5.00512
23.81600 4.97815
23.81700 5.04152
23.81800 5.07381
23.81900 4.95423
23.82000 5.00775
23.82100 5.05590
23.82200 5.01119
23.82300 4.94357
23.82400 5.09240
23.82500 5.02413
23.82600 5.01452
23.82700 4.97889
23.82800 4.98106
23.82900 4.91615
23.83000 5.02147
23.83100 4.91932
23.83200 5.08742
23.83300 5.01685
23.83400 5.03774
23.83500 4.98031
23.83600 5.03206
23.83700 4.96849
23.83800 5.00767
23.83900 5.05487
23.84000 4.93948
23.84100 5.02103
23.84200 4.98921
23.84300 4.97635
23.84400 5.04957
23.84500 4.96352
23.84600 4.88072
23.84700 5.03241
23.84800 5.00858
23.84900 4.98344
23.85000 5.05426
23.85100 4.91684
23.85200 4.96408
23.85300 4.94944
23.85400 4.95269
23.85500 4.97581
23.85600 4.97043
23.85700 5.05465
23.85800 4.99849
23.85900 4.96012
23.86000 5.05876
23.86100 4.95149
23.86200 5.03253
23.86300 4.98802
23.86400 4.97338
23.86500 4.98662
23.86600 4.96144
23.86700 5.05631
23.86800 5.02272
23.86900 5.02109
23.87000 5.04352
23.87100 5.00724
23.87200 4.99349
23.87300 4.93072
23.87400 4.95934
23.87500 5.04285
23.87600 5.02163
23.87700 4.95894
23.87800 5.04238
23.87900 5.01164
23.88000 5.04525
23.88100 5.06929
23.88200 5.00951
23.88300 4.98979
23.88400 5.03432
23.88500 4.89049
23.88600 4.92856
23.88700 4.96332
23.88800 4.92147
23.88900 5.01364
23.89000 5.11094
23.89100 4.98260
23.89200 5.06262
23.89300 5.01300
23.89400 4.89753
23.89500 4.99681
23.89600 4.98851
23.89700 4.97774
23.89800 4.93694
23.89900 4.92203
23.90000 5.06588
23.90100 4.94818
23.90200 5.04770
23.90300 5.01127
23.90400 5.02368
23.90500 5.01186
23.90600 5.01200
23.90700 4.95903
23.90800 5.02282
23.90900 4.96793
23.91000 4.98796
23.91100 5.02825
23.91200 4.99121
23.91300 5.04125
23.91400 5.08283
23.91500 5.05919
23.91600 5.02012
23.91700 4.97474
23.91800 5.04825
23.91900 5.06162
23.92000 5.01352
23.92100 5.06428
23.92200 4.99317
23.92300 4.93607
23.92400 4.94932
23.92500 4.96975
23.92600 4.99227
23.92700 4.98427
23.92800 4.96342
23.92900 5.03382
23.93000 4.99245
23.93100 4.98408
23.93200 5.06050
23.93300 5.01970
23.93400 4.99836
23.93500 5.04617
23.93600 5.07623
23.93700 4.99951
23.93800 4.96495
23.93900 4.96454
23.94000 5.05189
23.94100 5.01061
23.94200 4.99846
23.94300 4.92833
23.94400 4.97427
23.94500 5.09520
23.94600 4.98595
23.94700 5.03015
23.94800 5.01199
23.94900 4.93888
23.95000 5.03049
23.95100 5.00153
23.95200 4.89696
23.95300 5.05476
23.95400 5.03890
23.95500 5.00445
23.95600 4.98712
23.95700 4.96467
23.95800 5.07239
23.95900 4.92278
23.96000 5.05556
23.96100 5.03020
23.96200 5.00043
23.96300 5.03168
23.96400 5.08833
23.96500 5.09036
23.96600 4.97502
23.96700 4.88581
23.96800 4.92716
23.96900 4.98321
23.97000 4.95420
23.97100 5.01329
23.97200 5.01223
23.97300 4.97679
23.97400 5.03800
23.97500 5.02027
23.97600 4.98280
23.97700 4.95780
23.97800 5.05168
23.97900 5.02223
23.98000 5.01258
23.98100 4.96908
23.98200 4.99218
23.98300 5.03828
23.98400 4.99095
23.98500 5.04903
23.98600 4.94124
23.98700 5.04747
23.98800 4.96802
23.98900 5.06202
23.99000 5.01690
23.99100 4.98470
23.99200 5.04398
23.99300 5.06145
23.99400 4.98894
23.99500 4.88142
23.99600 5.06270
23.99700 5.02259
23.99800 5.02588
23.99900 5.06335
24.00000 5.01344
24.00100 4.95173
24.00200 4.97527
24.00300 4.99017
24.00400 4.97159
24.00500 5.08122
24.00600 5.03276
24.00700 4.98663
24.00800 4.99748
24.00900 5.02850
24.01000 5.04652
24.01100 4.93428
24.01200 5.00659
24.01300 5.02702
24.01400 4.97650
24.01500 4.91990
24.01600 5.00233
24.01700 4.96293
24.01800 4.99314
24.01900 4.95849
24.02000 4.99572
24.02100 4.98763
24.02200 5.04740
24.02300 5.07624
24.02400 4.93869
24.02500 5.01941
24.02600 4.96942
24.02700 4.93720
24.02800 4.94593
24.02900 5.00316
24.03000 5.03396
24.03100 4.90016
24.03200 4.99741
24.03300 5.03717
24.03400 5.04119
24.03500 5.02311
24.03600 4.98439
24.03700 5.11387
24.03800 4.97162
24.03900 5.07031
24.04000 4.94823
24.04100 4.89912
24.04200 5.07737
24.04300 4.99171
24.04400 4.90228
24.04500 4.96172
24.04600 5.03885
24.04700 4.99068
24.04800 4.92318
24.04900 4.99677
24.05000 5.01864
24.05100 4.99128
24.05200 5.04528
24.05300 5.05876
24.05400 5.00371
24.05500 4.94659
24.05600 4.97557
24.05700 4.97358
24.05800 4.99547
24.05900 5.06685
24.06000 4.98986
24.06100 5.00112
24.06200 5.13069
24.06300 4.99127
24.06400 4.97584
24.06500 5.00420
24.06600 4.99501
24.06700 5.01038
24.06800 5.03422
24.06900 4.99992
24.07000 4.97223
24.07100 5.04012
24.07200 5.02501
24.07300 5.07045
24.07400 5.00953
24.07500 5.05579
24.07600 5.08448
24.07700 5.15458
24.07800 4.97573
24.07900 4.99494
24.08000 5.01293
24.08100 4.94857
24.08200 5.00215
24.08300 5.06199
24.08400 4.92953
24.08500 4.96576
24.08600 4.95684
24.08700 4.96857
24.08800 4.95218
24.08900 4.96542
24.09000 5.06868
24.09100 4.92560
24.09200 4.91659
24.09300 4.99181
24.09400 5.00118
24.09500 5.03529
24.09600 4.95259
24.09700 4.98236
24.09800 5.07744
24.09900 4.98569
24.10000 5.01447
24.10100 4.95872
24.10200 4.93294
24.10300 4.97959
24.10400 5.04831
24.10500 4.97044
24.10600 4.95853
24.10700 4.97840
24.10800 5.09234
24.10900 5.01781
24.11000 5.02361
24.11100 5.04107
24.11200 5.01588
24.11300 5.01796
24.11400 4.99890
24.11500 4.96673
24.11600 4.99798
24.11700 5.02552
24.11800 5.03011
24.11900 4.93180
24.12000 5.08657
24.12100 4.99367
24.12200 4.94694
24.12300 5.03458
24.12400 4.94133
24.12500 5.04892
24.12600 5.07646
24.12700 4.94089
24.12800 4.95290
24.12900 5.03471
24.13000 4.90369
24.13100 5.00263
24.13200 4.97635
24.13300 4.93143
24.13400 5.04722
24.13500 4.98749
24.13600 4.99891
24.13700 5.03228
24.13800 5.01020
24.13900 4.93080
24.14000 4.95960
24.14100 5.11689
24.14200 4.91805
24.14300 4.97456
24.14400 4.96187
24.14500 5.00515
24.14600 5.04567
24.14700 5.02740
24.14800 4.99456
24.14900 5.02364
24.15000 5.00952
24.15100 5.02977
24.15200 5.03170
24.15300 4.97852
24.15400 4.96351
24.15500 4.97888
24.15600 5.06970
24.15700 4.97157
24.15800 5.08313
24.15900 4.94919
24.16000 4.99768
24.16100 4.96932
24.16200 5.00122
24.16300 4.96636
24.16400 4.96991
24.16500 4.98123
24.16600 4.93001
24.16700 5.04215
24.16800 5.03023
24.16900 5.02471
24.17000 5.06330
24.17100 5.07908
24.17200 5.01793
24.17300 4.94110
24.17400 5.05729
24.17500 5.05505
24.17600 4.96737
24.17700 5.03636
24.17800 4.94421
24.17900 5.00601
24.18000 4.96253
24.18100 5.00984
24.18200 4.96672
24.18300 5.01861
24.18400 5.04288
24.18500 5.00120
24.18600 5.02319
24.18700 4.95974
24.18800 4.91784
24.18900 4.90775
24.19000 4.94760
24.19100 5.06220
24.19200 4.94551
24.19300 5.02416
24.19400 5.00323
24.19500 4.92668
24.19600 5.03647
24.19700 5.01883
24.19800 5.00686
24.19900 4.93512
24.20000 4.97529
24.20100 4.97785
24.20200 5.05566
24.20300 4.97713
24.20400 5.04915
24.20500 5.02656
24.20600 4.94650
24.20700 5.05750
24.20800 5.04241
24.20900 5.02947
24.21000 4.92333
24.21100 4.97910
24.21200 4.99861
24.21300 5.00621
24.21400 5.10649
24.21500 5.04723
24.21600 4.97529
24.21700 5.02781
24.21800 4.99607
24.21900 4.94436
24.22000 4.97787
24.22100 4.99721
24.22200 4.94209
24.22300 5.05776
24.22400 4.94618
24.22500 5.02698
24.22600 5.01994
24.22700 5.01806
24.22800 5.10929
24.22900 4.95507
24.23000 4.98259
24.23100 5.11097
24.23200 4.99101
24.23300 5.01234
24.23400 5.08774
24.23500 5.07445
24.23600 5.07924
24.23700 5.00843
24.23800 4.96473
24.23900 5.00814
24.24000 4.96457
24.24100 5.00982
24.24200 4.99063
24.24300 4.96649
24.24400 5.01707
24.24500 4.98427
24.24600 4.95375
24.24700 4.94164
24.24800 4.97184
24.24900 5.09023
24.25000 5.02632
24.25100 5.07181
24.25200 4.91832
24.25300 5.01048
24.25400 5.03843
24.25500 5.01131
24.25600 4.97044
24.25700 4.96443
24.25800 5.02071
24.25900 4.98408
24.26000 5.04255
24.26100 5.02271
24.26200 4.98590
24.26300 4.97771
24.26400 4.98274
24.26500 4.93697
24.26600 5.12165
24.26700 5.11054
24.26800 4.99513
24.26900 5.07738
24.27000 5.00807
24.27100 4.99318
24.27200 4.99459
24.27300 4.97140
24.27400 5.01650
24.27500 5.00954
24.27600 4.94276
24.27700 5.02026
24.27800 5.03918
24.27900 5.00570
24.28000 5.03382
24.28100 4.90128
24.28200 4.92821
24.28300 5.04859
24.28400 5.00646
24.28500 5.03149
24.28600 4.88381
24.28700 5.04463
24.28800 5.02694
24.28900 4.96423
24.29000 4.95048
24.29100 5.00587
24.29200 4.98560
24.29300 4.94321
24.29400 4.99498
24.29500 5.00784
24.29600 4.96414
24.29700 4.98952
24.29800 4.98019
24.29900 4.99284
24.30000 4.91389
24.30100 4.96677
24.30200 5.02481
24.30300 4.88737
24.30400 4.97533
24.30500 4.95268
24.30600 5.13383
24.30700 5.02152
24.30800 4.90295
24.30900 4.99585
24.31000 4.99421
24.31100 5.00373
24.31200 4.94592
24.31300 5.00509
24.31400 4.99017
24.31500 5.07989
24.31600 4.95291
24.31700 4.97059
24.31800 5.00489
24.31900 4.98328
24.32000 5.00556
24.32100 5.07715
24.32200 4.98696
24.32300 5.02487
24.32400 4.96878
24.32500 4.98059
24.32600 4.93317
24.32700 5.03448
24.32800 5.02185
24.32900 5.03037
24.33000 4.90307
24.33100 4.98004
24.33200 5.03158
24.33300 4.99702
24.33400 4.98375
24.33500 4.98315
24.33600 4.99909
24.33700 4.92558
24.33800 5.01112
24.33900 5.03365
24.34000 5.03040
24.34100 4.96147
24.34200 5.05755
24.34300 5.05261
24.34400 5.09512
24.34500 5.00681
24.34600 4.97935
24.34700 4.99655
24.34800 4.96581
24.34900 4.99399
24.35000 5.01679
24.35100 4.94704
24.35200 4.98798
24.35300 4.95991
24.35400 4.98396
24.35500 5.02964
24.35600 5.06002
24.35700 4.98058
24.35800 5.00735
24.35900 4.99761
24.36000 4.95664
24.36100 4.95237
24.36200 4.99957
24.36300 5.04593
24.36400 5.00715
24.36500 5.09846
24.36600 4.98544
24.36700 4.98884
24.36800 5.03309
24.36900 5.04885
24.37000 5.04710
24.37100 4.96628
24.37200 4.92883
24.37300 5.03705
24.37400 5.00626
24.37500 5.04748
24.37600 5.05474
24.37700 5.03481
24.37800 4.99001
24.37900 5.01194
24.38000 4.97659
24.38100 5.06010
24.38200 5.03273
24.38300 4.96580
24.38400 5.00566
24.38500 4.95179
24.38600 5.03413
24.38700 4.96521
24.38800 4.98757
24.38900 4.96233
24.39000 5.01801
24.39100 5.07762
24.39200 4.95952
24.39300 5.01675
24.39400 4.91756
24.39500 5.07512
24.39600 5.04029
24.39700 4.91367
24.39800 4.96201
24.39900 4.92575
24.40000 4.95250
24.40100 4.97309
24.40200 5.04137
24.40300 5.00197
24.40400 4.92204
24.40500 5.07582
24.40600 5.02770
24.40700 5.02554
24.40800 5.03772
24.40900 5.02903
24.41000 5.02589
24.41100 4.95094
24.41200 4.92563
24.41300 4.96633
24.41400 4.99053
24.41500 5.04621
24.41600 4.96961
24.41700 5.03285
24.41800 5.03381
24.41900 4.98360
24.42000 4.98547
24.42100 5.00975
24.42200 4.94819
24.42300 5.02467
24.42400 5.00016
24.42500 5.03086
24.42600 4.93711
24.42700 4.95295
24.42800 5.03343
24.42900 4.99070
24.43000 4.98651
24.43100 4.94189
24.43200 4.96575
24.43300 5.02715
24.43400 4.97062
24.43500 4.95660
24.43600 5.08559
24.43700 4.91986
24.43800 5.08053
24.43900 4.96714
24.44000 5.06667
24.44100 5.00651
24.44200 5.03670
24.44300 4.94680
24.44400 5.06934
24.44500 4.97255
24.44600 4.93422
24.44700 4.98409
24.44800 5.01267
24.44900 5.02280
24.45000 4.91998
24.45100 4.97367
24.45200 4.95518
24.45300 5.04023
24.45400 4.98161
24.45500 4.96368
24.45600 4.92888
24.45700 4.98459
24.45800 4.97019
24.45900 5.05863
24.46000 0.17821
24.46100 0.18511
24.46200 0.23383
24.46300 0.26485
24.46400 0.21223
24.46500 0.16876
24.46600 0.21664
24.46700 0.13299
24.46800 0.22892
24.46900 0.09302
24.47000 0.19618
24.47100 0.17604
24.47200 0.15970
24.47300 0.20739
24.47400 0.17453
24.47500 0.28551
24.47600 0.11567
24.47700 0.17059
24.47800 0.25807
24.47900 0.23409
24.48000 5.13507
24.48100 4.93424
24.48200 5.05101
24.48300 5.06053
24.48400 5.10912
24.48500 4.97252
24.48600 4.97285
24.48700 5.00536
24.48800 5.08988
24.48900 4.95028
24.49000 5.00779
24.49100 4.93836
24.49200 4.87375
24.49300 4.96913
24.49400 4.99769
24.49500 4.95449
24.49600 5.04513
24.49700 5.04590
24.49800 5.01126
24.49900 4.96947
24.50000 5.03534
24.50100 5.00276
24.50200 4.95916
24.50300 4.98660
24.50400 4.94235
24.50500 5.01289
24.50600 5.03334
24.50700 4.97067
24.50800 5.02689
24.50900 4.99382
24.51000 4.99435
24.51100 5.01275
24.51200 5.04756
24.51300 4.98429
24.51400 5.09160
24.51500 5.05396
24.51600 4.92208
24.51700 4.95340
24.51800 5.02592
24.51900 4.95342
24.52000 5.12005
24.52100 5.03770
24.52200 5.01915
24.52300 4.94666
24.52400 4.82978
24.52500 4.98201
24.52600 4.92825
24.52700 4.98212
24.52800 5.01521
24.52900 5.00008
24.53000 5.18008
24.53100 4.93640
24.53200 5.00638
24.53300 5.03434
24.53400 4.97036
24.53500 5.09034
24.53600 5.02922
24.53700 5.00120
24.53800 5.03578
24.53900 5.03812
24.54000 4.89395
24.54100 5.05211
24.54200 4.89744
24.54300 5.02286
24.54400 5.06410
24.54500 5.07874
24.54600 4.88643
24.54700 4.97768
24.54800 5.01051
24.54900 4.91187
24.55000 5.00704
24.55100 5.00070
24.55200 4.94534
24.55300 5.00679
24.55400 4.92575
24.55500 4.96588
24.55600 4.99422
24.55700 4.90998
24.55800 4.96804
24.55900 4.93720
24.56000 4.94640
24.56100 4.95522
24.56200 5.03921
24.56300 4.99016
24.56400 5.09930
24.56500 4.96937
24.56600 5.03660
24.56700 5.00361
24.56800 4.96880
24.56900 4.94207
24.57000 5.04000
24.57100 5.01934
24.57200 5.07090
24.57300 4.99534
24.57400 5.01108
24.57500 4.97886
24.57600 4.92200
24.57700 5.05137
24.57800 4.92525
24.57900 5.10961
24.58000 4.98560
24.58100 4.96680
24.58200 4.98173
24.58300 4.96159
24.58400 5.02165
24.58500 4.94207
24.58600 4.99709
24.58700 4.97768
24.58800 5.08314
24.58900 5.09983
24.59000 4.94427
24.59100 4.97902
24.59200 5.06576
24.59300 5.06016
24.59400 4.99735
24.59500 4.94201
24.59600 5.06720
24.59700 4.98318
24.59800 4.96824
24.59900 4.95996
24.60000 5.02109
24.60100 5.03839
24.60200 5.02813
24.60300 5.05679
24.60400 5.00466
24.60500 5.04396
24.60600 5.00984
24.60700 4.90726
24.60800 4.88768
24.60900 4.91137
24.61000 5.04080
24.61100 5.06588
24.61200 4.94313
24.61300 5.01331
24.61400 5.07929
24.61500 5.05902
24.61600 4.99932
24.61700 5.00575
24.61800 5.00873
24.61900 5.00379
24.62000 4.95851
24.62100 5.02358
24.62200 4.96210
24.62300 5.01818
24.62400 5.08853
24.62500 5.10562
24.62600 4.94926
24.62700 5.07732
24.62800 5.04301
24.62900 4.87071
24.63000 5.03993
24.63100 5.03577
24.63200 4.99947
24.63300 4.86395
24.63400 4.98165
24.63500 5.13466
24.63600 4.98264
24.63700 4.95851
24.63800 4.98282
24.63900 4.98238
24.64000 4.96922
24.64100 4.89999
24.64200 4.97614
24.64300 4.97040
24.64400 5.00589
24.64500 5.01403
24.64600 5.02611
24.64700 5.12228
24.64800 5.04792
24.64900 4.99514
24.65000 5.07278
24.65100 4.93440
24.65200 4.97778
24.65300 5.03757
24.65400 4.99288
24.65500 4.98135
24.65600 5.02424
24.65700 5.07786
24.65800 4.95491
24.65900 5.02747
24.66000 4.92065
24.66100 5.03580
24.66200 4.97214
24.66300 4.97354
24.66400 5.02277
24.66500 4.99679
24.66600 4.98304
24.66700 5.04957
24.66800 4.92797
24.66900 5.04098
24.67000 5.02035
24.67100 5.03352
24.67200 4.93001
24.67300 5.04531
24.67400 5.05036
24.67500 4.97754
24.67600 5.00192
24.67700 4.96474
24.67800 4.95793
24.67900 4.99012
24.68000 5.00490
24.68100 4.98399
24.68200 5.02108
24.68300 5.00941
24.68400 5.05960
24.68500 4.98367
24.68600 4.96858
24.68700 5.03320
24.68800 5.06863
24.68900 4.87372
24.69000 4.99699
24.69100 5.01038
24.69200 4.97099
24.69300 5.00755
24.69400 5.02437
24.69500 5.02468
24.69600 4.94085
24.69700 5.00511
24.69800 5.11632
24.69900 4.92724
24.70000 4.95375
24.70100 5.04760
24.70200 4.86476
24.70300 5.00495
24.70400 5.01752
24.70500 5.01328
24.70600 4.98444
24.70700 4.93208
24.70800 5.04701
24.70900 4.97840
24.71000 5.06851
24.71100 5.03760
24.71200 4.95990
24.71300 4.96784
24.71400 4.99331
24.71500 5.03083
24.71600 5.00554
24.71700 4.98066
24.71800 4.99477
24.71900 4.97688
24.72000 5.06860
24.72100 4.98616
24.72200 4.98907
24.72300 5.04996
24.72400 4.91377
24.72500 5.02894
24.72600 4.97189
24.72700 5.11990
24.72800 5.02623
24.72900 4.95468
24.73000 5.02635
24.73100 4.95682
24.73200 4.98994
24.73300 5.00088
24.73400 4.94469
24.73500 4.93095
24.73600 5.01019
24.73700 5.03293
24.73800 4.99045
24.73900 4.97214
24.74000 4.96585
24.74100 5.03372
24.74200 4.93568
24.74300 5.04140
24.74400 5.04856
24.74500 5.03765
24.74600 5.02826
24.74700 5.00464
24.74800 5.01528
24.74900 5.04335
24.75000 4.98322
24.75100 4.97311
24.75200 4.97348
24.75300 4.91896
24.75400 5.01311
24.75500 4.94503
24.75600 5.04114
24.75700 4.97960
24.75800 5.02488
24.75900 5.09013
24.76000 5.01150
24.76100 4.96084
24.76200 4.87063
24.76300 5.02008
24.76400 5.04337
24.76500 4.90407
24.76600 4.99972
24.76700 4.98205
24.76800 5.00212
24.76900 4.95309
24.77000 4.92784
24.77100 4.96962
24.77200 4.92054
24.77300 5.04843
24.77400 4.93487
24.77500 4.94236
24.77600 5.10815
24.77700 4.96049
24.77800 4.89600
24.77900 4.93658
24.78000 4.87111
24.78100 4.97182
24.78200 5.03533
24.78300 4.94931
24.78400 5.00757
24.78500 5.01863
24.78600 5.03596
24.78700 5.00905
24.78800 5.05438
24.78900 4.92199
24.79000 4.99769
24.79100 5.01831
24.79200 4.88187
24.79300 5.04365
24.79400 5.04435
24.79500 4.98668
24.79600 5.04900
24.79700 5.10667
24.79800 5.07222
24.79900 5.00197
24.80000 4.99005
24.80100 5.01411
24.80200 4.92123
24.80300 4.97366
24.80400 4.98905
24.80500 4.95924
24.80600 5.02349
24.80700 4.92821
24.80800 5.01974
24.80900 4.93380
24.81000 5.04942
24.81100 4.97894
24.81200 4.96402
24.81300 4.99645
24.81400 5.05055
24.81500 4.97069
24.81600 5.02658
24.81700 5.00715
24.81800 4.92455
24.81900 5.01265
24.82000 4.97735
24.82100 5.02124
24.82200 5.04974
24.82300 4.95532
24.82400 4.98798
24.82500 4.99564
24.82600 4.97358
24.82700 5.03027
24.82800 4.92995
24.82900 5.01588
24.83000 4.97034
24.83100 5.00131
24.83200 4.96625
24.83300 4.93698
24.83400 4.99106
24.83500 5.00840
24.83600 5.03765
24.83700 5.04074
24.83800 4.97539
24.83900 5.02036
24.84000 5.11390
24.84100 4.97666
24.84200 5.08674
24.84300 4.89278
24.84400 5.04969
24.84500 4.99209
24.84600 5.01585
24.84700 4.91706
24.84800 5.02570
24.84900 4.98694
24.85000 4.99640
24.85100 4.96360
24.85200 4.90998
24.85300 4.93116
24.85400 4.99351
24.85500 4.99021
24.85600 5.01917
24.85700 4.95976
24.85800 4.95881
24.85900 5.06719
24.86000 5.04107
24.86100 5.05754
24.86200 5.03972
24.86300 4.98594
24.86400 5.03604
24.86500 4.93419
24.86600 5.05811
24.86700 5.04623
24.86800 4.97187
24.86900 5.08889
24.87000 5.07625
24.87100 5.01148
24.87200 5.00672
24.87300 5.06065
24.87400 4.93448
24.87500 5.02978
24.87600 5.01363
24.87700 4.93430
24.87800 4.91976
24.87900 4.98714
24.88000 5.04251
24.88100 5.04924
24.88200 5.05056
24.88300 4.97799
24.88400 5.03113
24.88500 4.96154
24.88600 4.90955
24.88700 5.00012
24.88800 5.11418
24.88900 5.19040
24.89000 4.97973
24.89100 4.96490
24.89200 4.98920
24.89300 4.99217
24.89400 4.95197
24.89500 5.04576
24.89600 4.95408
24.89700 5.01058
24.89800 4.96615
24.89900 4.97870
24.90000 5.03415
24.90100 5.04003
24.90200 4.98417
24.90300 4.90659
24.90400 4.97147
24.90500 4.98778
24.90600 5.01857
24.90700 5.02032
24.90800 5.03608
24.90900 4.99851
24.91000 4.98484
24.91100 5.01234
24.91200 4.94012
24.91300 5.01587
24.91400 4.98335
24.91500 5.04650
24.91600 5.09642
24.91700 4.98529
24.91800 5.07521
24.91900 4.97327
24.92000 5.03103
24.92100 4.95198
24.92200 4.99200
24.92300 5.02898
24.92400 5.10513
24.92500 5.03779
24.92600 4.96615
24.92700 5.05987
24.92800 5.01656
24.92900 5.02174
24.93000 4.98567
24.93100 5.14173
24.93200 5.06469
24.93300 4.97169
24.93400 5.00340
24.93500 5.02778
24.93600 5.04878
24.93700 4.97668
24.93800 4.97262
24.93900 4.97884
24.94000 4.98022
24.94100 4.95144
24.94200 4.99582
24.94300 5.01171
24.94400 5.00185
24.94500 4.95977
24.94600 5.00999
24.94700 5.07630
24.94800 4.94757
24.94900 4.92460
24.95000 4.91047
24.95100 4.95507
24.95200 4.99990
24.95300 4.99592
24.95400 5.02894
24.95500 5.09068
24.95600 5.03956
24.95700 4.99357
24.95800 5.00538
24.95900 4.99295
24.96000 5.02014
24.96100 4.98363
24.96200 4.99631
24.96300 4.91448
24.96400 5.02563
24.96500 4.97580
24.96600 4.91328
24.96700 4.98870
24.96800 5.04359
24.96900 5.03978
24.97000 4.99502
24.97100 5.04523
24.97200 4.95762
24.97300 4.96634
24.97400 4.97702
24.97500 4.95159
24.97600 5.02046
24.97700 4.95214
24.97800 4.99922
24.97900 4.96558
24.98000 4.95894
24.98100 4.94915
24.98200 4.96646
24.98300 4.98108
24.98400 5.04165
24.98500 5.05316
24.98600 4.98589
24.98700 4.95596
24.98800 4.99053
24.98900 4.97008
24.99000 5.01422
24.99100 4.96946
24.99200 4.80579
24.99300 4.91819
24.99400 5.05357
24.99500 4.95692
24.99600 5.07711
24.99700 4.92830
24.99800 5.02949
24.99900 5.02245
25.00000 5.00490
25.00100 4.99610
25.00200 5.04772
25.00300 4.99407
25.00400 4.98714
25.00500 4.96309
25.00600 5.02385
25.00700 4.88797
25.00800 5.02987
25.00900 4.95367
25.01000 4.98395
25.01100 4.99562
25.01200 5.09620
25.01300 5.00225
25.01400 4.99605
25.01500 4.99097
25.01600 4.99923
25.01700 4.99496
25.01800 5.01973
25.01900 5.04051
25.02000 4.90896
25.02100 5.02998
25.02200 4.99745
25.02300 5.04178
25.02400 5.02103
25.02500 4.88367
25.02600 4.94276
25.02700 5.14510
25.02800 4.98859
25.02900 4.98937
25.03000 4.97029
25.03100 4.93682
25.03200 4.95811
25.03300 5.02141
25.03400 5.04690
25.03500 4.99811
25.03600 5.00347
25.03700 5.02052
25.03800 4.95805
25.03900 4.95778
25.04000 5.01798
25.04100 5.02744
25.04200 5.02004
25.04300 5.04758
25.04400 5.02825
25.04500 4.99045
25.04600 4.95196
25.04700 4.96387
25.04800 4.92580
25.04900 4.98513
25.05000 4.97313
25.05100 4.96647
25.05200 5.04863
25.05300 4.99220
25.05400 5.06384
25.05500 5.03121
25.05600 4.94197
25.05700 5.11496
25.05800 5.01646
25.05900 4.97884
25.06000 5.01366
25.06100 5.01245
25.06200 4.90576
25.06300 4.96878
25.06400 4.97312
25.06500 4.94924
25.06600 5.05287
25.06700 4.99494
25.06800 4.95548
25.06900 4.96471
25.07000 4.96517
25.07100 4.99011
25.07200 4.98911
25.07300 4.98642
25.07400 4.97769
25.07500 5.06906
25.07600 4.98888
25.07700 4.96658
25.07800 5.08349
25.07900 5.00675
25.08000 5.03707
25.08100 5.00923
25.08200 4.95591
25.08300 4.99372
25.08400 4.99918
25.08500 4.96638
25.08600 4.92677
25.08700 4.94135
25.08800 4.98592
25.08900 5.00652
25.09000 5.01029
25.09100 4.93432
25.09200 5.03996
25.09300 5.02798
25.09400 5.00133
25.09500 4.96134
25.09600 4.95152
25.09700 5.01792
25.09800 5.13036
25.09900 4.94606
25.10000 5.06023
25.10100 5.04777
25.10200 4.92524
25.10300 4.98718
25.10400 5.01998
25.10500 5.01286
25.10600 5.05871
25.10700 5.07131
25.10800 4.91743
25.10900 5.08137
25.11000 4.96022
25.11100 4.95671
25.11200 5.01355
25.11300 4.96893
25.11400 4.94699
25.11500 5.04150
25.11600 4.99516
25.11700 4.92932
25.11800 5.05248
25.11900 5.00387
25.12000 5.00312
25.12100 4.97931
25.12200 4.91542
25.12300 5.00716
25.12400 5.00556
25.12500 4.95360
25.12600 4.95344
25.12700 5.01244
25.12800 4.97502
25.12900 4.98640
25.13000 5.03056
25.13100 5.01347
25.13200 5.05906
25.13300 5.08685
25.13400 4.98005
25.13500 5.03561
25.13600 4.98473
25.13700 4.99043
25.13800 4.93451
25.13900 5.08667
25.14000 5.00324
25.14100 5.00093
25.14200 4.92343
25.14300 5.00909
25.14400 4.98838
25.14500 5.01210
25.14600 4.96746
25.14700 4.99577
25.14800 4.95901
25.14900 4.98460
25.15000 4.99147
25.15100 5.04754
25.15200 4.96347
25.15300 4.96203
25.15400 5.08095
25.15500 4.94697
25.15600 4.99609
25.15700 4.96218
25.15800 4.99690
25.15900 5.02841
25.16000 5.01537
25.16100 5.09198
25.16200 5.10080
25.16300 4.95587
25.16400 4.93119
25.16500 5.09187
25.16600 4.99083
25.16700 5.02194
25.16800 4.99184
25.16900 0.18146
25.17000 0.13711
25.17100 0.11000
25.17200 0.22230
25.17300 0.20383
25.17400 0.14144
25.17500 0.21544
25.17600 0.17940
25.17700 0.17068
25.17800 0.20712
25.17900 0.15257
25.18000 0.16118
25.18100 0.17535
25.18200 0.19751
25.18300 0.21097
25.18400 0.22808
25.18500 0.20902
25.18600 0.09397
25.18700 0.10877
25.18800 0.22790
25.18900 5.00841
25.19000 4.98763
25.19100 4.95046
25.19200 4.97955
25.19300 5.01694
25.19400 4.96565
25.19500 5.02008
25.19600 5.06318
25.19700 5.03344
25.19800 5.03033
25.19900 5.06735
25.20000 5.01674
25.20100 5.03201
25.20200 5.04185
25.20300 4.96460
25.20400 5.02377
25.20500 5.12856
25.20600 5.01853
25.20700 4.93235
25.20800 4.96227
25.20900 4.99791
25.21000 4.98187
25.21100 4.98556
25.21200 4.91989
25.21300 4.94206
25.21400 4.97670
25.21500 4.94953
25.21600 5.05853
25.21700 4.96001
25.21800 4.99240
25.21900 5.00652
25.22000 4.99643
25.22100 4.96027
25.22200 5.01272
25.22300 4.99505
25.22400 5.01158
25.22500 4.98383
25.22600 5.00217
25.22700 5.07242
25.22800 5.05603
25.22900 5.03996
25.23000 4.98769
25.23100 5.05807
25.23200 5.04561
25.23300 4.96964
25.23400 5.00637
25.23500 5.08329
25.23600 5.04929
25.23700 5.02170
25.23800 5.03346
25.23900 4.90657
25.24000 5.03980
25.24100 5.01250
25.24200 4.97701
25.24300 5.07291
25.24400 4.99072
25.24500 4.94600
25.24600 4.95628
25.24700 5.00118
25.24800 4.98694
25.24900 5.03748
25.25000 5.03789
25.25100 5.06808
25.25200 5.00779
25.25300 5.03043
25.25400 5.00564
25.25500 5.02144
25.25600 5.02929
25.25700 5.04047
25.25800 4.97629
25.25900 5.02095
25.26000 5.00649
25.26100 5.03739
25.26200 5.03365
25.26300 4.99820
25.26400 4.99888
25.26500 4.97017
25.26600 5.00995
25.26700 4.91967
25.26800 5.08746
25.26900 5.01833
25.27000 4.96497
25.27100 4.99584
25.27200 5.04562
25.27300 5.02847
25.27400 5.03340
25.27500 4.96046
25.27600 5.07939
25.27700 5.01942
25.27800 4.94422
25.27900 4.99610
25.28000 4.98733
25.28100 5.01875
25.28200 4.99226
25.28300 4.97596
25.28400 4.96364
25.28500 4.98346
25.28600 4.98161
25.28700 4.98776
25.28800 4.95892
25.28900 5.12658
25.29000 5.01499
25.29100 5.05567
25.29200 5.05581
25.29300 5.04523
25.29400 5.03156
25.29500 5.05492
25.29600 5.12527
25.29700 4.94148
25.29800 4.93328
25.29900 5.02876
25.30000 4.83241
25.30100 4.97947
25.30200 5.06909
25.30300 4.92981
25.30400 5.04180
25.30500 4.93385
25.30600 5.07223
25.30700 4.95336
25.30800 4.99719
25.30900 4.99776
25.31000 4.96812
25.31100 5.00343
25.31200 4.99230
25.31300 5.00314
25.31400 5.05313
25.31500 4.96269
25.31600 4.98897
25.31700 5.00628
25.31800 4.98097
25.31900 5.10430
25.32000 4.96329
25.32100 5.04734
25.32200 5.00140
25.32300 5.02324
25.32400 4.97671
25.32500 4.99298
25.32600 5.09793
25.32700 5.03706
25.32800 4.96166
25.32900 4.93480
25.33000 5.00065
25.33100 4.97134
25.33200 5.02782
25.33300 4.91792
25.33400 5.01748
25.33500 4.96203
25.33600 5.07158
25.33700 5.00821
25.33800 5.05653
25.33900 5.06687
25.34000 4.96287
25.34100 4.90878
25.34200 4.99439
25.34300 4.92011
25.34400 4.99678
25.34500 5.03930
25.34600 5.06838
25.34700 5.01862
25.34800 4.97017
25.34900 4.99636
25.35000 4.96893
25.35100 5.05059
25.35200 5.00056
25.35300 5.07528
25.35400 5.05554
25.35500 5.04211
25.35600 4.97648
25.35700 5.07331
25.35800 4.99545
25.35900 5.01710
25.36000 5.05074
25.36100 5.04931
25.36200 4.97999
25.36300 5.08889
25.36400 4.94519
25.36500 5.08137
25.36600 5.03314
25.36700 4.98611
25.36800 4.97288
25.36900 5.08067
25.37000 5.07534
25.37100 5.04470
25.37200 4.91750
25.37300 5.03280
25.37400 4.90309
25.37500 5.03150
25.37600 4.94159
25.37700 5.01580
25.37800 5.08609
25.37900 4.94762
25.38000 4.99181
25.38100 4.96911
25.38200 4.97068
25.38300 4.93390
25.38400 5.08562
25.38500 5.04955
25.38600 5.05256
25.38700 4.96871
25.38800 4.98873
25.38900 5.08539
25.39000 5.04352
25.39100 4.97836
25.39200 5.08985
25.39300 5.04021
25.39400 5.04404
25.39500 5.06335
25.39600 5.01521
25.39700 4.99219
25.39800 5.01938
25.39900 4.94138
25.40000 4.94925
25.40100 4.94454
25.40200 5.00369
25.40300 4.96406
25.40400 4.97449
25.40500 5.00125
25.40600 5.01434
25.40700 5.00755
25.40800 5.03079
25.40900 5.00555
25.41000 5.04092
25.41100 4.99138
25.41200 5.05621
25.41300 5.04759
25.41400 5.00374
25.41500 5.01029
25.41600 4.99222
25.41700 4.97499
25.41800 4.98136
25.41900 4.95987
25.42000 4.93797
25.42100 4.98233
25.42200 5.03624
25.42300 4.97454
25.42400 4.92258
25.42500 4.92272
25.42600 4.97575
25.42700 4.99184
25.42800 5.03784
25.42900 5.03783
25.43000 5.01540
25.43100 4.99065
25.43200 4.91456
25.43300 5.02068
25.43400 4.94752
25.43500 5.03004
25.43600 4.99852
25.43700 5.03809
25.43800 5.08416
25.43900 5.00236
25.44000 5.03264
25.44100 5.05758
25.44200 5.00790
25.44300 5.11051
25.44400 4.94021
25.44500 5.00163
25.44600 4.92420
25.44700 5.11406
25.44800 5.06398
25.44900 5.07519
25.45000 5.02812
25.45100 5.01098
25.45200 4.98797
25.45300 4.91159
25.45400 5.03271
25.45500 5.05283
25.45600 4.97540
25.45700 4.96241
25.45800 5.10345
25.45900 4.96785
25.46000 5.06767
25.46100 4.97187
25.46200 5.02453
25.46300 4.93149
25.46400 5.11297
25.46500 5.02459
25.46600 5.00065
25.46700 5.05012
25.46800 4.95972
25.46900 5.03616
25.47000 5.02077
25.47100 4.92150
25.47200 5.04879
25.47300 5.02231
25.47400 5.00786
25.47500 4.96875
25.47600 5.03644
25.47700 5.01670
25.47800 4.93386
25.47900 4.93004
25.48000 4.99828
25.48100 4.99093
25.48200 4.95142
25.48300 4.99987
25.48400 4.90056
25.48500 5.02379
25.48600 4.93660
25.48700 4.92866
25.48800 5.01418
25.48900 5.10284
25.49000 5.08126
25.49100 5.00914
25.49200 4.98351
25.49300 4.96186
25.49400 5.06093
25.49500 5.02428
25.49600 5.02325
25.49700 5.03958
25.49800 5.06983
25.49900 5.00036
25.50000 4.99308
25.50100 4.99053
25.50200 5.04696
25.50300 5.00393
25.50400 5.11142
25.50500 4.97029
25.50600 4.91785
25.50700 4.96246
25.50800 5.09365
25.50900 5.05120
25.51000 5.00589
25.51100 4.91356
25.51200 4.96673
25.51300 4.96911
25.51400 5.04076
25.51500 4.95370
25.51600 4.94657
25.51700 4.93262
25.51800 4.94924
25.51900 5.03590
25.52000 5.02674
25.52100 5.02712
25.52200 5.00812
25.52300 4.98310
25.52400 5.01517
25.52500 4.97112
25.52600 4.94388
25.52700 5.00220
25.52800 5.01902
25.52900 4.96954
25.53000 5.05774
25.53100 5.05918
25.53200 4.98387
25.53300 4.97169
25.53400 4.98285
25.53500 4.98384
25.53600 4.96499
25.53700 5.02570
25.53800 4.99011
25.53900 5.05533
25.54000 5.00499
25.54100 4.94461
25.54200 4.92856
25.54300 4.97520
25.54400 4.98294
25.54500 4.99589
25.54600 5.04982
25.54700 5.04015
25.54800 5.06021
25.54900 5.03603
25.55000 4.92054
25.55100 5.08961
25.55200 4.97427
25.55300 5.06258
25.55400 5.00235
25.55500 4.92431
25.55600 5.00364
25.55700 4.89360
25.55800 4.93561
25.55900 4.98899
25.56000 4.93473
25.56100 4.97471
25.56200 5.05111
25.56300 4.98995
25.56400 4.97105
25.56500 4.99071
25.56600 5.04108
25.56700 4.93279
25.56800 5.09311
25.56900 5.05000
25.57000 4.98369
25.57100 5.01336
25.57200 4.97198
25.57300 5.02000
25.57400 4.97977
25.57500 4.99028
25.57600 5.00425
25.57700 4.95871
25.57800 4.95299
25.57900 5.06797
25.58000 4.95401
25.58100 4.94409
25.58200 5.04099
25.58300 4.95576
25.58400 4.93634
25.58500 4.89286
25.58600 4.97472
25.58700 4.94358
25.58800 5.00303
25.58900 5.07690
25.59000 5.00054
25.59100 5.05761
25.59200 5.05769
25.59300 5.01480
25.59400 5.00471
25.59500 5.06025
25.59600 4.93520
25.59700 4.98260
25.59800 5.03946
25.59900 5.07394
25.60000 5.03412
25.60100 5.05792
25.60200 4.95412
25.60300 4.96886
25.60400 5.06468
25.60500 4.90438
25.60600 5.01624
25.60700 5.10830
25.60800 4.96738
25.60900 4.97111
25.61000 4.99057
25.61100 4.99003
25.61200 5.01675
25.61300 5.02249
25.61400 5.01089
25.61500 5.00864
25.61600 4.92466
25.61700 4.93072
25.61800 5.05197
25.61900 5.02535
25.62000 4.95995
25.62100 4.98766
25.62200 5.00910
25.62300 5.06966
25.62400 5.01901
25.62500 5.03630
25.62600 5.00501
25.62700 4.96923
25.62800 5.10600
25.62900 4.98276
25.63000 5.08850
25.63100 4.98976
25.63200 4.95471
25.63300 5.00632
25.63400 5.00100
25.63500 4.97273
25.63600 4.97639
25.63700 5.00813
25.63800 4.99200
25.63900 5.01083
25.64000 4.97931
25.64100 5.00206
25.64200 5.00126
25.64300 5.03555
25.64400 4.98465
25.64500 4.97462
25.64600 5.02855
25.64700 5.00425
25.64800 5.04442
25.64900 4.90247
25.65000 5.04146
25.65100 5.00516
25.65200 5.00284
25.65300 5.08015
25.65400 5.05154
25.65500 5.02955
25.65600 5.03139
25.65700 5.04667
25.65800 5.07590
25.65900 4.98318
25.66000 4.99935
25.66100 5.01263
25.66200 4.91696
25.66300 4.93913
25.66400 4.99862
25.66500 4.97867
25.66600 5.01309
25.66700 4.94577
25.66800 4.98809
25.66900 4.99443
25.67000 5.02454
25.67100 4.99626
25.67200 4.98323
25.67300 5.03510
25.67400 4.94201
25.67500 4.89467
25.67600 4.94584
25.67700 4.95430
25.67800 5.02583
25.67900 4.89234
25.68000 4.84120
25.68100 4.96541
25.68200 4.99901
25.68300 5.06796
25.68400 4.99552
25.68500 4.98413
25.68600 4.99886
25.68700 4.99554
25.68800 4.92941
25.68900 5.12130
25.69000 5.05471
25.69100 5.04517
25.69200 4.95474
25.69300 5.01206
25.69400 5.00980
25.69500 5.14833
25.69600 4.96456
25.69700 4.95780
25.69800 4.96931
25.69900 5.10116
25.70000 5.07943
25.70100 5.03884
25.70200 5.00827
25.70300 4.98631
25.70400 4.93240
25.70500 4.96679
25.70600 5.04202
25.70700 4.99091
25.70800 4.98817
25.70900 5.02063
25.71000 4.93935
25.71100 5.02859
25.71200 5.08537
25.71300 5.03363
25.71400 5.02339
25.71500 4.94802
25.71600 5.00196
25.71700 5.04058
25.71800 5.00935
25.71900 4.98253
25.72000 5.06065
25.72100 5.08266
25.72200 4.96698
25.72300 4.97513
25.72400 4.97217
25.72500 4.94553
25.72600 4.97418
25.72700 5.05811
25.72800 5.03890
25.72900 4.98526
25.73000 4.96180
25.73100 5.03205
25.73200 4.93265
25.73300 4.98054
25.73400 5.05087
25.73500 4.93974
25.73600 5.04051
25.73700 4.98278
25.73800 4.91102
25.73900 5.04630
25.74000 5.01967
25.74100 4.96583
25.74200 4.98278
25.74300 4.95528
25.74400 5.06883
25.74500 4.99035
25.74600 4.99338
25.74700 4.96613
25.74800 5.04905
25.74900 5.00463
25.75000 4.97902
25.75100 4.98788
25.75200 5.04207
25.75300 5.04091
25.75400 5.04109
25.75500 5.05304
25.75600 4.99182
25.75700 5.07558
25.75800 5.03143
25.75900 4.97440
25.76000 5.02216
25.76100 4.86531
25.76200 5.02539
25.76300 4.96714
25.76400 5.07865
25.76500 5.00861
25.76600 4.99433
25.76700 5.05715
25.76800 5.04537
25.76900 5.02584
25.77000 5.01508
25.77100 5.05987
25.77200 5.01998
25.77300 4.97006
25.77400 5.00657
25.77500 5.02057
25.77600 4.96080
25.77700 5.05784
25.77800 5.05052
25.77900 4.97323
25.78000 4.92190
25.78100 4.99502
25.78200 4.99744
25.78300 4.96901
25.78400 5.03453
25.78500 4.99466
25.78600 5.05337
25.78700 4.93129
25.78800 4.99325
25.78900 5.08458
25.79000 4.92824
25.79100 5.06406
25.79200 4.98833
25.79300 5.09878
25.79400 4.93722
25.79500 5.04690
25.79600 5.03130
25.79700 4.87843
25.79800 4.95012
25.79900 4.98816
25.80000 5.03775
25.80100 4.95514
25.80200 5.05624
25.80300 5.05127
25.80400 4.90532
25.80500 5.00063
25.80600 5.13634
25.80700 5.02497
25.80800 5.01835
25.80900 5.05751
25.81000 5.01752
25.81100 4.97219
25.81200 5.03780
25.81300 5.05062
25.81400 5.05268
25.81500 4.93981
25.81600 4.97618
25.81700 4.99743
25.81800 5.00882
25.81900 5.01121
25.82000 4.90311
25.82100 5.03796
25.82200 4.90905
25.82300 5.08332
25.82400 5.03389
25.82500 4.95577
25.82600 4.96794
25.82700 4.94893
25.82800 5.03428
25.82900 4.94350
25.83000 4.99380
25.83100 4.98652
25.83200 5.04321
25.83300 4.91158
25.83400 4.98377
25.83500 5.00880
25.83600 5.01794
25.83700 5.03881
25.83800 4.99435
25.83900 4.89465
25.84000 5.07893
25.84100 5.00898
25.84200 5.03007
25.84300 4.96168
25.84400 5.01091
25.84500 4.86585
25.84600 4.98233
25.84700 4.99861
25.84800 4.94482
25.84900 4.92084
25.85000 5.08978
25.85100 5.01658
25.85200 4.98038
25.85300 4.97024
25.85400 4.97286
25.85500 4.99388
25.85600 5.01084
25.85700 4.96955
25.85800 5.01255
25.85900 4.91704
25.86000 5.03993
25.86100 4.90801
25.86200 4.99619
25.86300 5.02243
25.86400 4.97344
25.86500 4.96938
25.86600 5.02188
25.86700 5.01549
25.86800 5.03538
25.86900 4.98902
25.87000 5.03749
25.87100 5.09192
25.87200 5.00246
25.87300 5.02627
25.87400 5.04372
25.87500 4.98512
25.87600 4.98734
25.87700 4.98344
25.87800 0.23603
25.87900 0.16784
25.88000 0.21641
25.88100 0.18421
25.88200 0.10821
25.88300 0.27508
25.88400 0.17404
25.88500 0.24679
25.88600 0.21265
25.88700 0.22128
25.88800 0.14087
25.88900 0.18481
25.89000 0.17409
25.89100 0.17830
25.89200 0.13788
25.89300 0.17224
25.89400 0.26707
25.89500 0.17345
25.89600 0.18269
25.89700 0.17369
25.89800 5.06308
25.89900 4.99120
25.90000 4.93894
25.90100 4.96599
25.90200 4.95598
25.90300 5.06576
25.90400 5.02581
25.90500 5.00068
25.90600 5.13318
25.90700 5.01664
25.90800 5.01074
25.90900 5.07504
25.91000 4.90929
25.91100 4.96966
25.91200 4.83369
25.91300 5.07617
25.91400 4.96273
25.91500 4.95026
25.91600 5.09573
25.91700 5.03149
25.91800 5.00410
25.91900 5.05946
25.92000 5.04118
25.92100 5.11190
25.92200 4.97776
25.92300 5.07961
25.92400 5.01934
25.92500 5.00053
25.92600 4.94705
25.92700 5.07886
25.92800 4.99652
25.92900 5.02872
25.93000 5.01869
25.93100 5.06263
25.93200 4.94898
25.93300 5.08869
25.93400 4.93385
25.93500 5.00581
25.93600 5.02310
25.93700 5.04559
25.93800 4.99057
25.93900 5.00865
25.94000 4.98214
25.94100 4.92146
25.94200 4.96314
25.94300 5.06630
25.94400 4.98500
25.94500 5.09468
25.94600 5.03442
25.94700 4.95162
25.94800 5.05860
25.94900 4.92051
25.95000 5.05380
25.95100 5.07582
25.95200 5.03035
25.95300 5.05952
25.95400 4.94729
25.95500 5.01170
25.95600 5.06735
25.95700 5.02251
25.95800 5.01113
25.95900 5.06982
25.96000 5.10811
25.96100 5.05919
25.96200 4.97893
25.96300 4.99005
25.96400 4.99366
25.96500 5.01743
25.96600 4.97458
25.96700 4.99035
25.96800 5.00964
25.96900 4.98579
25.97000 4.97619
25.97100 4.89393
25.97200 4.92758
25.97300 5.08836
25.97400 4.97723
25.97500 4.99585
25.97600 5.00092
25.97700 5.03846
25.97800 4.96859
25.97900 5.00618
25.98000 4.98640
25.98100 4.99445
25.98200 4.93518
25.98300 4.98188
25.98400 4.88561
25.98500 4.97896
25.98600 4.91457
25.98700 5.05805
25.98800 5.01805
25.98900 5.01778
25.99000 4.99315
25.99100 5.03732
25.99200 5.01765
25.99300 5.00689
25.99400 5.01626
25.99500 4.99272
25.99600 5.00364
25.99700 5.01674
25.99800 4.90871
25.99900 5.05389
26.00000 5.03176
26.00100 5.02237
26.00200 5.00366
26.00300 5.03607
26.00400 4.96920
26.00500 4.99159
26.00600 4.95709
26.00700 5.08966
26.00800 4.91598
26.00900 5.08292
26.01000 5.00147
26.01100 4.94754
26.01200 4.98350
26.01300 5.03750
26.01400 4.96559
26.01500 5.07514
26.01600 5.03764
26.01700 5.03104
26.01800 5.08842
26.01900 5.09270
26.02000 4.95500
26.02100 4.97000
26.02200 5.06056
26.02300 5.01120
26.02400 4.99620
26.02500 5.01270
26.02600 5.06179
26.02700 5.06698
26.02800 4.95053
26.02900 5.00865
26.03000 5.01941
26.03100 5.00996
26.03200 5.09511
26.03300 4.99395
26.03400 4.95852
26.03500 4.98076
26.03600 5.05288
26.03700 5.10407
26.03800 4.92775
26.03900 5.01139
26.04000 5.07924
26.04100 5.03847
26.04200 5.04708
26.04300 5.00220
26.04400 5.10196
26.04500 5.02417
26.04600 5.04341
26.04700 4.99418
26.04800 5.07741
26.04900 4.96081
26.05000 4.99995
26.05100 5.00277
26.05200 5.03423
26.05300 5.05324
26.05400 4.94391
26.05500 4.97289
26.05600 4.94242
26.05700 4.93763
26.05800 4.93958
26.05900 4.93551
26.06000 5.02626
26.06100 4.99190
26.06200 4.99738
26.06300 5.01837
26.06400 4.94589
26.06500 5.03466
26.06600 5.00119
26.06700 5.01513
26.06800 5.09330
26.06900 4.94480
26.07000 4.96434
26.07100 5.03276
26.07200 4.91864
26.07300 4.97926
26.07400 4.96080
26.07500 4.95851
26.07600 4.93744
26.07700 5.01835
26.07800 5.05811
26.07900 5.02943
26.08000 5.01102
26.08100 5.00553
26.08200 5.01178
26.08300 4.98382
26.08400 4.99587
26.08500 4.93506
26.08600 4.93454
26.08700 5.07594
26.08800 5.06829
26.08900 5.00050
26.09000 5.06188
26.09100 4.95311
26.09200 4.98020
26.09300 5.01044
26.09400 5.01449
26.09500 5.06858
26.09600 5.02261
26.09700 4.97939
26.09800 5.04397
26.09900 5.05022
26.10000 4.88268
26.10100 4.98405
26.10200 4.99593
26.10300 4.99563
26.10400 4.94054
26.10500 5.09057
26.10600 5.00613
26.10700 4.92421
26.10800 4.93490
26.10900 5.01432
26.11000 5.03665
26.11100 4.94903
26.11200 4.99185
26.11300 4.93283
26.11400 4.95840
26.11500 4.94823
26.11600 4.97864
26.11700 5.06272
26.11800 5.03998
26.11900 5.01307
26.12000 4.98588
26.12100 4.99842
26.12200 5.04963
26.12300 5.00144
26.12400 5.00639
26.12500 4.96597
26.12600 4.91000
26.12700 5.08820
26.12800 4.96237
26.12900 4.94053
26.13000 5.04916
26.13100 4.94129
26.13200 5.02790
26.13300 4.91585
26.13400 4.99221
26.13500 4.97632
26.13600 4.98518
26.13700 5.07121
26.13800 5.01702
26.13900 5.00558
26.14000 5.00332
26.14100 4.91150
26.14200 4.97760
26.14300 5.02333
26.14400 4.95768
26.14500 4.99221
26.14600 4.95443
26.14700 5.01429
26.14800 5.02696
26.14900 4.94323
26.15000 5.02919
26.15100 5.05275
26.15200 4.89333
26.15300 5.01095
26.15400 4.95115
26.15500 5.00474
26.15600 4.98054
26.15700 4.92330
26.15800 4.96515
26.15900 5.03283
26.16000 4.98321
26.16100 5.06974
26.16200 4.93358
26.16300 4.83666
26.16400 5.02521
26.16500 4.93114
26.16600 4.99020
26.16700 4.95523
26.16800 5.10958
26.16900 4.98416
26.17000 5.01866
26.17100 5.00909
26.17200 5.03502
26.17300 4.99415
26.17400 5.00483
26.17500 4.98071
26.17600 5.05634
26.17700 5.03089
26.17800 5.00789
26.17900 4.99445
26.18000 4.97668
26.18100 4.95925
26.18200 4.97345
26.18300 4.94278
26.18400 4.96186
26.18500 4.92168
26.18600 5.00394
26.18700 4.97150
26.18800 4.96180
26.18900 4.98921
26.19000 5.07630
26.19100 4.97112
26.19200 5.03507
26.19300 5.00965
26.19400 5.05265
26.19500 4.99977
26.19600 4.91379
26.19700 5.00715
26.19800 5.01106
26.19900 5.05531
26.20000 4.95076
26.20100 4.92928
26.20200 5.02456
26.20300 4.99575
26.20400 4.89712
26.20500 4.95593
26.20600 4.88288
26.20700 5.09147
26.20800 4.92916
26.20900 5.00194
26.21000 4.94081
26.21100 4.97526
26.21200 4.99645
26.21300 5.00420
26.21400 4.99555
26.21500 4.97445
26.21600 4.94219
26.21700 4.94194
26.21800 5.03715
26.21900 4.93076
26.22000 4.98760
26.22100 5.09416
26.22200 4.96785
26.22300 4.99918
26.22400 5.01494
26.22500 4.97046
26.22600 4.93181
26.22700 5.02875
26.22800 5.09536
26.22900 5.00240
26.23000 5.04207
26.23100 4.99868
26.23200 4.96470
26.23300 5.04437
26.23400 4.96131
26.23500 5.03565
26.23600 5.02853
26.23700 4.98672
26.23800 5.06668
26.23900 4.99858
26.24000 4.95165
26.24100 4.99907
26.24200 4.98168
26.24300 5.04675
26.24400 5.05008
26.24500 5.02806
26.24600 4.99123
26.24700 5.03938
26.24800 5.01551
26.24900 4.98933
26.25000 5.00395
26.25100 4.97535
26.25200 4.94755
26.25300 5.00123
26.25400 4.90882
26.25500 5.03976
26.25600 4.98466
26.25700 4.96496
26.25800 4.95065
26.25900 5.02052
26.26000 4.96114
26.26100 4.97983
26.26200 4.99497
26.26300 4.98140
26.26400 5.02373
26.26500 4.97714
26.26600 5.00803
26.26700 4.98080
26.26800 4.97948
26.26900 5.06024
26.27000 5.05606
26.27100 5.02675
26.27200 5.01258
26.27300 4.92516
26.27400 4.95686
26.27500 4.98042
26.27600 4.96641
26.27700 5.07092
26.27800 4.94592
26.27900 4.93230
26.28000 4.98296
26.28100 4.98763
26.28200 4.95837
26.28300 5.06763
26.28400 5.03639
26.28500 5.00988
26.28600 4.96348
26.28700 5.07718
26.28800 4.88004
26.28900 5.00186
26.29000 4.94892
26.29100 4.90416
26.29200 5.02309
26.29300 5.03100
26.29400 5.02731
26.29500 5.05625
26.29600 4.91152
26.29700 5.03075
26.29800 5.04258
26.29900 5.02130
26.30000 4.90438
26.30100 5.00818
26.30200 4.99524
26.30300 4.99701
26.30400 4.98135
26.30500 4.95379
26.30600 4.93702
26.30700 4.99011
26.30800 4.92616
26.30900 4.86800
26.31000 4.87844
26.31100 5.02043
26.31200 4.95818
26.31300 5.10813
26.31400 4.96733
26.31500 5.03543
26.31600 5.08902
26.31700 5.04380
26.31800 5.02123
26.31900 5.10426
26.32000 5.03343
26.32100 4.95566
26.32200 5.10024
26.32300 4.96719
26.32400 5.01681
26.32500 4.95064
26.32600 5.00174
26.32700 4.91584
26.32800 4.97196
26.32900 4.98200
26.33000 4.97718
26.33100 5.00983
26.33200 4.94901
26.33300 5.02636
26.33400 4.97307
26.33500 5.04577
26.33600 4.97738
26.33700 5.06674
26.33800 5.07152
26.33900 4.97191
26.34000 5.02729
26.34100 4.94986
26.34200 4.88945
26.34300 4.92310
26.34400 4.93554
26.34500 5.04264
26.34600 5.01552
26.34700 5.00372
26.34800 5.03013
26.34900 5.02055
26.35000 5.00214
26.35100 5.01294
26.35200 4.98152
26.35300 5.02153
26.35400 4.97322
26.35500 5.04955
26.35600 5.00142
26.35700 4.95289
26.35800 4.98628
26.35900 5.03517
26.36000 5.02220
26.36100 5.03781
26.36200 5.00869
26.36300 4.99679
26.36400 5.02619
26.36500 4.97085
26.36600 5.06567
26.36700 5.00094
26.36800 4.95987
26.36900 4.97044
26.37000 5.01715
26.37100 4.97685
26.37200 5.05976
26.37300 4.96568
26.37400 5.01591
26.37500 4.94843
26.37600 5.06705
26.37700 5.05914
26.37800 4.98573
26.37900 4.96219
26.38000 5.02570
26.38100 4.95830
26.38200 5.08331
26.38300 5.03498
26.38400 5.00997
26.38500 5.01116
26.38600 4.98305
26.38700 4.93176
26.38800 4.99211
26.38900 4.98461
26.39000 4.94907
26.39100 4.91183
26.39200 5.01208
26.39300 4.97942
26.39400 4.90851
26.39500 4.95194
26.39600 4.95011
26.39700 5.07893
26.39800 5.02422
26.39900 4.96964
26.40000 4.90754
26.40100 5.04673
26.40200 5.00491
26.40300 4.99696
26.40400 5.02206
26.40500 4.95755
26.40600 4.95939
26.40700 4.90836
26.40800 5.02435
26.40900 5.07329
26.41000 5.02032
26.41100 4.99903
26.41200 5.03078
26.41300 5.00910
26.41400 5.07966
26.41500 5.01473
26.41600 5.03527
26.41700 4.95400
26.41800 5.01616
26.41900 4.99412
26.42000 4.98373
26.42100 4.98557
26.42200 5.00958
26.42300 4.97459
26.42400 4.95528
26.42500 4.93010
26.42600 5.00447
26.42700 5.08033
26.42800 4.87481
26.42900 4.96286
26.43000 5.07898
26.43100 5.02066
26.43200 4.95486
26.43300 4.98177
26.43400 5.00481
26.43500 4.98776
26.43600 4.99739
26.43700 5.01224
26.43800 4.97785
26.43900 5.00293
26.44000 4.98303
26.44100 4.91200
26.44200 4.99315
26.44300 5.02875
26.44400 4.95423
26.44500 5.04127
26.44600 5.07290
26.44700 5.04273
26.44800 5.04959
26.44900 4.92413
26.45000 5.04382
26.45100 5.02075
26.45200 4.99523
26.45300 5.01495
26.45400 4.96865
26.45500 5.01473
26.45600 4.93673
26.45700 5.05327
26.45800 5.14891
26.45900 5.02060
26.46000 5.05827
26.46100 4.97364
26.46200 5.08713
26.46300 4.95806
26.46400 5.00099
26.46500 5.03633
26.46600 4.96390
26.46700 5.00398
26.46800 5.04357
26.46900 5.16864
26.47000 5.04474
26.47100 5.05157
26.47200 4.96894
26.47300 5.09025
26.47400 4.94216
26.47500 5.07798
26.47600 5.00473
26.47700 4.93717
26.47800 4.99410
26.47900 5.01321
26.48000 5.01854
26.48100 5.01356
26.48200 5.00751
26.48300 5.01881
26.48400 4.94781
26.48500 5.01195
26.48600 4.97046
26.48700 4.95127
26.48800 4.95970
26.48900 4.92285
26.49000 4.93289
26.49100 4.98987
26.49200 5.03621
26.49300 5.08810
26.49400 4.97419
26.49500 5.04115
26.49600 5.07717
26.49700 5.02817
26.49800 5.02491
26.49900 5.01890
26.50000 5.08876
26.50100 5.03347
26.50200 4.98433
26.50300 4.99900
26.50400 4.94049
26.50500 5.06536
26.50600 5.01394
26.50700 5.02439
26.50800 5.00658
26.50900 5.02996
26.51000 5.02238
26.51100 5.05944
26.51200 4.81960
26.51300 4.94639
26.51400 5.03599
26.51500 5.07296
26.51600 5.03473
26.51700 4.90534
26.51800 4.99260
26.51900 5.10032
26.52000 4.95062
26.52100 5.02572
26.52200 5.01261
26.52300 4.90935
26.52400 4.99902
26.52500 5.00105
26.52600 4.95586
26.52700 4.96885
26.52800 5.05801
26.52900 4.99319
26.53000 5.01909
26.53100 5.12409
26.53200 4.94861
26.53300 4.98799
26.53400 5.00388
26.53500 4.98053
26.53600 4.97083
26.53700 5.01798
26.53800 4.99557
26.53900 5.01839
26.54000 5.00599
26.54100 5.09915
26.54200 4.96899
26.54300 5.01734
26.54400 5.00911
26.54500 4.97999
26.54600 4.87271
26.54700 5.04686
26.54800 5.05756
26.54900 5.03611
26.55000 4.94990
26.55100 5.06830
26.55200 5.03875
26.55300 5.02891
26.55400 5.00175
26.55500 4.99763
26.55600 4.94126
26.55700 5.09104
26.55800 5.07545
26.55900 4.99854
26.56000 5.08633
26.56100 4.98993
26.56200 4.93881
26.56300 5.00401
26.56400 4.95737
26.56500 4.95791
26.56600 5.08494
26.56700 4.90489
26.56800 4.98548
26.56900 4.93289
26.57000 5.08020
26.57100 4.93350
26.57200 4.97434
26.57300 5.01581
26.57400 5.07341
26.57500 4.97780
26.57600 4.96367
26.57700 5.01142
26.57800 4.94330
26.57900 5.01282
26.58000 5.00674
26.58100 5.05341
26.58200 5.00066
26.58300 5.00155
26.58400 4.97489
26.58500 5.00549
26.58600 5.02024
26.58700 0.17016
26.58800 0.10663
26.58900 0.20226
26.59000 0.23713
26.59100 0.18463
26.59200 0.16812
26.59300 0.17024
26.59400 0.17037
26.59500 0.11981
26.59600 0.09683
26.59700 0.16567
26.59800 0.20082
26.59900 0.11763
26.60000 0.21808
26.60100 0.20132
26.60200 0.20634
26.60300 0.17027
26.60400 0.10764
26.60500 0.22960
26.60600 0.13565
26.60700 5.05033
26.60800 4.98147
26.60900 5.02133
26.61000 4.94422
26.61100 5.04766
26.61200 5.03423
26.61300 5.03777
26.61400 5.04680
26.61500 5.03767
26.61600 5.03105
26.61700 5.02918
26.61800 5.02145
26.61900 4.97350
26.62000 4.99185
26.62100 5.11699
26.62200 4.95637
26.62300 5.01308
26.62400 5.05161
26.62500 5.02708
26.62600 5.04228
26.62700 5.02573
26.62800 4.99841
26.62900 5.06341
26.63000 4.98206
26.63100 4.92262
26.63200 4.97229
26.63300 4.89919
26.63400 4.99257
26.63500 4.93234
26.63600 5.02421
26.63700 5.09953
26.63800 5.11069
26.63900 5.04965
26.64000 4.94184
26.64100 5.04799
26.64200 4.97572
26.64300 5.06348
26.64400 4.96323
26.64500 5.01006
26.64600 5.01086
26.64700 4.97239
26.64800 5.00545
26.64900 5.10280
26.65000 5.02942
26.65100 5.07947
26.65200 5.16854
26.65300 5.00132
26.65400 4.95235
26.65500 4.95059
26.65600 5.00105
26.65700 4.93189
26.65800 5.00169
26.65900 4.94008
26.66000 5.04145
26.66100 5.06240
26.66200 4.99625
26.66300 4.99805
26.66400 4.98598
26.66500 5.00913
26.66600 5.02069
26.66700 5.07687
26.66800 5.01232
26.66900 4.98844
26.67000 4.95300
26.67100 4.95842
26.67200 4.95050
26.67300 4.96966
26.67400 5.01734
26.67500 4.92400
26.67600 4.92886
26.67700 4.93089
26.67800 5.01578
26.67900 4.97969
26.68000 4.99457
26.68100 5.06657
26.68200 4.90675
26.68300 4.98606
26.68400 4.98731
26.68500 5.04507
26.68600 5.01547
26.68700 4.97090
26.68800 4.96365
26.68900 4.94823
26.69000 5.02695
26.69100 4.93180
26.69200 4.96415
26.69300 4.99782
26.69400 5.02155
26.69500 4.98903
26.69600 4.96099
26.69700 4.98327
26.69800 4.98276
26.69900 4.99333
26.70000 4.98967
26.70100 5.06288
26.70200 5.00652
26.70300 5.01881
26.70400 4.98856
26.70500 5.12039
26.70600 5.03183
26.70700 4.93517
26.70800 5.06687
26.70900 4.92004
26.71000 4.90829
26.71100 5.03371
26.71200 4.92252
26.71300 4.98876
26.71400 4.99125
26.71500 5.03305
26.71600 4.96557
26.71700 5.05875
26.71800 4.99701
26.71900 4.98999
26.72000 5.00542
26.72100 5.04944
26.72200 4.99432
26.72300 4.97363
26.72400 5.07579
26.72500 4.92140
26.72600 5.04578
26.72700 5.03650
26.72800 5.00797
26.72900 4.93277
26.73000 4.95053
26.73100 4.90030
26.73200 5.03998
26.73300 4.98748
26.73400 5.03884
26.73500 5.03112
26.73600 4.95011
26.73700 5.01689
26.73800 5.06176
26.73900 4.98685
26.74000 4.98205
26.74100 5.03247
26.74200 4.94381
26.74300 4.96450
26.74400 5.00002
26.74500 4.99989
26.74600 4.95811
26.74700 4.97544
26.74800 4.93858
26.74900 5.05525
26.75000 5.08027
26.75100 5.02261
26.75200 4.89639
26.75300 5.02718
26.75400 5.00499
26.75500 4.97555
26.75600 4.87357
26.75700 5.02257
26.75800 5.02743
26.75900 5.00149
26.76000 5.07373
26.76100 4.90702
26.76200 5.10095
26.76300 5.03067
26.76400 4.89748
26.76500 4.95173
26.76600 5.12667
26.76700 5.03073
26.76800 4.99181
26.76900 4.98680
26.77000 5.00659
26.77100 5.03099
26.77200 5.03192
26.77300 5.03237
26.77400 4.95817
26.77500 4.98434
26.77600 5.02634
26.77700 5.07071
26.77800 5.04858
26.77900 5.00716
26.78000 4.93628
26.78100 4.94534
26.78200 4.99544
26.78300 4.94170
26.78400 4.91518
26.78500 5.05730
26.78600 4.96884
26.78700 5.05410
26.78800 5.04501
26.78900 5.07128
26.79000 4.93800
26.79100 4.88986
26.79200 4.95689
26.79300 5.00591
26.79400 4.94692
26.79500 5.04344
26.79600 4.95508
26.79700 4.97470
26.79800 4.99147
26.79900 4.99020
26.80000 5.00860
26.80100 5.01594
26.80200 5.04318
26.80300 5.07672
26.80400 4.97048
26.80500 5.08718
26.80600 4.96485
26.80700 5.05251
26.80800 5.01353
26.80900 5.06508
26.81000 4.95135
26.81100 5.03270
26.81200 5.01586
26.81300 5.05268
26.81400 4.99622
26.81500 5.01710
26.81600 5.03298
26.81700 4.98169
26.81800 5.12617
26.81900 4.95873
26.82000 5.06420
26.82100 5.02887
26.82200 5.05260
26.82300 4.98192
26.82400 4.92107
26.82500 5.02685
26.82600 5.05827
26.82700 4.92914
26.82800 5.00740
26.82900 4.85190
26.83000 5.10434
26.83100 5.03110
26.83200 4.99546
26.83300 4.97997
26.83400 5.06119
26.83500 4.92155
26.83600 4.99588
26.83700 5.08555
26.83800 4.99862
26.83900 4.93841
26.84000 5.03197
26.84100 5.00177
26.84200 5.00987
26.84300 4.93640
26.84400 4.98958
26.84500 4.96713
26.84600 4.97820
26.84700 4.95069
26.84800 5.05526
26.84900 5.07037
26.85000 5.07140
26.85100 4.90478
26.85200 4.96364
26.85300 4.95542
26.85400 4.94601
26.85500 5.05390
26.85600 4.96081
26.85700 5.02392
26.85800 4.97583
26.85900 5.06087
26.86000 5.04766
26.86100 4.95875
26.86200 5.02228
26.86300 4.96671
26.86400 4.97294
26.86500 4.96328
26.86600 5.04931
26.86700 4.97822
26.86800 4.94629
26.86900 4.97991
26.87000 5.02373
26.87100 4.99171
26.87200 5.07090
26.87300 4.94168
26.87400 5.04591
26.87500 4.99005
26.87600 5.06052
26.87700 5.08183
26.87800 4.95458
26.87900 4.99103
26.88000 4.97960
26.88100 5.06582
26.88200 4.97091
26.88300 4.96770
26.88400 5.03850
26.88500 4.96756
26.88600 5.01453
26.88700 5.00367
26.88800 5.02764
26.88900 4.93296
26.89000 5.03541
26.89100 4.97242
26.89200 5.04887
26.89300 4.95315
26.89400 4.97398
26.89500 4.97930
26.89600 4.93908
26.89700 5.03802
26.89800 5.09576
26.89900 5.04771
26.90000 4.98892
26.90100 5.04268
26.90200 4.97966
26.90300 4.94436
26.90400 4.98524
26.90500 4.98830
26.90600 5.00139
26.90700 4.99040
26.90800 4.98694
26.90900 4.93717
26.91000 4.94645
26.91100 5.01149
26.91200 4.95456
26.91300 4.98121
26.91400 5.02363
26.91500 4.94797
26.91600 5.02467
26.91700 5.04400
26.91800 5.05183
26.91900 4.99142
26.92000 5.01174
26.92100 5.02185
26.92200 4.98856
26.92300 4.99730
26.92400 4.99708
26.92500 5.00900
26.92600 4.98346
26.92700 5.02284
26.92800 4.97759
26.92900 4.99861
26.93000 4.94056
26.93100 4.96501
26.93200 5.02725
26.93300 5.09850
26.93400 5.07121
26.93500 5.06906
26.93600 5.03403
26.93700 4.95948
26.93800 5.00704
26.93900 5.06053
26.94000 5.09631
26.94100 4.92326
26.94200 4.97890
26.94300 4.92900
26.94400 4.97593
26.94500 4.99855
26.94600 4.97510
26.94700 4.98398
26.94800 4.99562
26.94900 4.99843
26.95000 5.04563
26.95100 5.02192
26.95200 5.03839
26.95300 4.90468
26.95400 5.00167
26.95500 4.84293
26.95600 4.89534
26.95700 5.01918
26.95800 4.99409
26.95900 4.99916
26.96000 4.93971
26.96100 4.99761
26.96200 4.97040
26.96300 5.07382
26.96400 4.97584
26.96500 5.08638
26.96600 4.91242
26.96700 4.99014
26.96800 5.02286
26.96900 5.01246
26.97000 5.02083
26.97100 4.99681
26.97200 5.04470
26.97300 5.02301
26.97400 5.01379
26.97500 4.95745
26.97600 5.02528
26.97700 5.06145
26.97800 5.03487
26.97900 4.98593
26.98000 4.97395
26.98100 4.99194
26.98200 5.01820
26.98300 5.00079
26.98400 4.96398
26.98500 4.99234
26.98600 5.02036
26.98700 4.98860
26.98800 5.12613
26.98900 5.03634
26.99000 4.90383
26.99100 5.03269
26.99200 5.02011
26.99300 4.97005
26.99400 4.97517
26.99500 5.06074
26.99600 4.97162
26.99700 5.05865
26.99800 5.03008
26.99900 5.01464
27.00000 4.97601
27.00100 4.88138
27.00200 5.04406
27.00300 4.93435
27.00400 5.04909
27.00500 4.98463
27.00600 4.93896
27.00700 5.02440
27.00800 4.99995
27.00900 4.97276
27.01000 5.04278
27.01100 4.93229
27.01200 4.98644
27.01300 5.08724
27.01400 5.02597
27.01500 4.96585
27.01600 5.09301
27.01700 5.05613
27.01800 5.08761
27.01900 4.98938
27.02000 5.02179
27.02100 4.99858
27.02200 5.07881
27.02300 5.01963
27.02400 5.01219
27.02500 5.01226
27.02600 4.95802
27.02700 4.93546
27.02800 5.01187
27.02900 4.99161
27.03000 4.95929
27.03100 4.98093
27.03200 5.05087
27.03300 4.97514
27.03400 4.96831
27.03500 4.95459
27.03600 4.93697
27.03700 5.06873
27.03800 5.00381
27.03900 4.93946
27.04000 4.96403
27.04100 4.97725
27.04200 4.92959
27.04300 4.99042
27.04400 4.97215
27.04500 4.97277
27.04600 4.96011
27.04700 4.95107
27.04800 5.05452
27.04900 5.07571
27.05000 4.93743
27.05100 4.97882
27.05200 5.02364
27.05300 5.03304
27.05400 4.97259
27.05500 5.02165
27.05600 4.89904
27.05700 4.96154
27.05800 5.03545
27.05900 4.97695
27.06000 4.95170
27.06100 4.98732
27.06200 4.93253
27.06300 4.95937
27.06400 5.05052
27.06500 5.05313
27.06600 5.03540
27.06700 5.02412
27.06800 5.00053
27.06900 4.91828
27.07000 5.05974
27.07100 4.97480
27.07200 4.98769
27.07300 4.92500
27.07400 5.03716
27.07500 4.98080
27.07600 4.92465
27.07700 5.02883
27.07800 5.12144
27.07900 4.94479
27.08000 5.01598
27.08100 4.96660
27.08200 5.02582
27.08300 4.89793
27.08400 5.01595
27.08500 5.13935
27.08600 4.94850
27.08700 5.04180
27.08800 4.98132
27.08900 5.04041
27.09000 4.99476
27.09100 5.02447
27.09200 5.00831
27.09300 4.93813
27.09400 4.99278
27.09500 4.97054
27.09600 4.91055
27.09700 5.00658
27.09800 5.04082
27.09900 5.01564
27.10000 4.98129
27.10100 5.02435
27.10200 4.96096
27.10300 4.98733
27.10400 5.08804
27.10500 4.99199
27.10600 4.97674
27.10700 5.06815
27.10800 5.01261
27.10900 4.96625
27.11000 5.02615
27.11100 4.97811
27.11200 4.93939
27.11300 5.06242
27.11400 5.02292
27.11500 5.04523
27.11600 4.95968
27.11700 5.01927
27.11800 4.97016
27.11900 4.94050
27.12000 5.01949
27.12100 5.01208
27.12200 4.91741
27.12300 5.04036
27.12400 4.92387
27.12500 4.92870
27.12600 4.96159
27.12700 5.15536
27.12800 5.00975
27.12900 4.97501
27.13000 5.02411
27.13100 5.00387
27.13200 5.00821
27.13300 5.05491
27.13400 5.10743
27.13500 5.02428
27.13600 4.87885
27.13700 5.00490
27.13800 4.93825
27.13900 5.03705
27.14000 4.94159
27.14100 4.95068
27.14200 4.99878
27.14300 5.06313
27.14400 5.02504
27.14500 4.98957
27.14600 4.95556
27.14700 4.92757
27.14800 5.08538
27.14900 5.03864
27.15000 4.95921
27.15100 5.00163
27.15200 4.99642
27.15300 5.05340
27.15400 4.99582
27.15500 4.99511
27.15600 5.02854
27.15700 4.99316
27.15800 4.90978
27.15900 5.06397
27.16000 5.03733
27.16100 5.10050
27.16200 4.98089
27.16300 4.97056
27.16400 4.93424
27.16500 4.98896
27.16600 4.99945
27.16700 5.00280
27.16800 5.07435
27.16900 4.96150
27.17000 4.99021
27.17100 5.00250
27.17200 5.01892
27.17300 4.94990
27.17400 4.97283
27.17500 4.97851
27.17600 4.99631
27.17700 5.03006
27.17800 4.94720
27.17900 5.07048
27.18000 5.02494
27.18100 4.99980
27.18200 5.01555
27.18300 4.95496
27.18400 5.08483
27.18500 5.06685
27.18600 4.97107
27.18700 5.06718
27.18800 5.02205
27.18900 4.91621
27.19000 4.93649
27.19100 4.97854
27.19200 5.06062
27.19300 4.96072
27.19400 5.02614
27.19500 4.96851
27.19600 4.96488
27.19700 4.95617
27.19800 5.01950
27.19900 5.01276
27.20000 5.04148
27.20100 4.97346
27.20200 5.09294
27.20300 4.98710
27.20400 4.90284
27.20500 5.06219
27.20600 5.03612
27.20700 5.01139
27.20800 5.04125
27.20900 5.02730
27.21000 5.01132
27.21100 5.02561
27.21200 4.98279
27.21300 4.97204
27.21400 5.03038
27.21500 4.92883
27.21600 5.06330
27.21700 4.91158
27.21800 4.94568
27.21900 4.87738
27.22000 5.03310
27.22100 4.98251
27.22200 5.01900
27.22300 5.05080
27.22400 4.95301
27.22500 5.04977
27.22600 4.96012
27.22700 5.08541
27.22800 5.00510
27.22900 5.01433
27.23000 5.05691
27.23100 5.00136
27.23200 4.97993
27.23300 5.02554
27.23400 5.07045
27.23500 4.86631
27.23600 4.99926
27.23700 4.98495
27.23800 4.96345
27.23900 4.95853
27.24000 5.01655
27.24100 5.00931
27.24200 5.03031
27.24300 4.97434
27.24400 5.00871
27.24500 5.00129
27.24600 4.99689
27.24700 5.00743
27.24800 5.05393
27.24900 5.01428
27.25000 4.99290
27.25100 5.01341
27.25200 5.07348
27.25300 4.89376
27.25400 4.95112
27.25500 5.02237
27.25600 5.00190
27.25700 4.90848
27.25800 5.04840
27.25900 4.95098
27.26000 4.97761
27.26100 4.97932
27.26200 4.96744
27.26300 4.97800
27.26400 5.06879
27.26500 4.94978
27.26600 5.01480
27.26700 5.00912
27.26800 4.97633
27.26900 5.01976
27.27000 5.04329
27.27100 4.93347
27.27200 5.02263
27.27300 5.01399
27.27400 4.96803
27.27500 4.97618
27.27600 5.08721
27.27700 4.93915
27.27800 5.06966
27.27900 4.99849
27.28000 4.99872
27.28100 4.91125
27.28200 4.98223
27.28300 4.99538
27.28400 4.94862
27.28500 4.95299
27.28600 5.03621
27.28700 4.99106
27.28800 4.96604
27.28900 4.98744
27.29000 5.10498
27.29100 4.92180
27.29200 4.98513
27.29300 4.99090
27.29400 4.93825
27.29500 5.03384
27.29600 4.94102
27.29700 0.17764
27.29800 0.17845
27.29900 0.12798
27.30000 0.19626
27.30100 0.22502
27.30200 0.21570
27.30300 0.19552
27.30400 0.17538
27.30500 0.19654
27.30600 0.21364
27.30700 0.23052
27.30800 0.23992
27.30900 0.15747
27.31000 0.17557
27.31100 0.16969
27.31200 0.17496
27.31300 0.21233
27.31400 0.23487
27.31500 0.16317
27.31600 0.22564
27.31700 5.05475
27.31800 4.92519
27.31900 4.94261
27.32000 5.03283
27.32100 4.98763
27.32200 5.05930
27.32300 4.93507
27.32400 5.02324
27.32500 4.98465
27.32600 5.02829
27.32700 5.00220
27.32800 5.04802
27.32900 4.98874
27.33000 5.00272
27.33100 5.05303
27.33200 5.03131
27.33300 4.97509
27.33400 4.95233
27.33500 4.94673
27.33600 5.04234
27.33700 5.02445
27.33800 4.94667
27.33900 4.90623
27.34000 5.02517
27.34100 5.00732
27.34200 4.99287
27.34300 5.01431
27.34400 4.97105
27.34500 4.97387
27.34600 4.97157
27.34700 5.02661
27.34800 5.04221
27.34900 5.04920
27.35000 5.02186
27.35100 4.96695
27.35200 4.95392
27.35300 5.05306
27.35400 4.96881
27.35500 5.03096
27.35600 4.98982
27.35700 5.07674
27.35800 5.05591
27.35900 5.11007
27.36000 4.96037
27.36100 4.98876
27.36200 4.98932
27.36300 4.95451
27.36400 5.05772
27.36500 4.98234
27.36600 5.08670
27.36700 4.98518
27.36800 5.00983
27.36900 5.05831
27.37000 5.03766
27.37100 4.98846
27.37200 4.88597
27.37300 4.97132
27.37400 5.03899
27.37500 4.91837
27.37600 4.95629
27.37700 4.99952
27.37800 5.02222
27.37900 5.03994
27.38000 5.07249
27.38100 4.96486
27.38200 4.95799
27.38300 5.00459
27.38400 5.00303
27.38500 4.96453
27.38600 4.99717
27.38700 4.98098
27.38800 4.94276
27.38900 4.94143
27.39000 4.99674
27.39100 4.99348
27.39200 5.02025
27.39300 4.96643
27.39400 4.94402
27.39500 5.06904
27.39600 5.00545
27.39700 4.97668
27.39800 4.94443
27.39900 4.97942
27.40000 5.07350
27.40100 4.98110
27.40200 4.89863
27.40300 5.02337
27.40400 4.99421
27.40500 5.01404
27.40600 5.03436
27.40700 5.07107
27.40800 5.02519
27.40900 4.94231
27.41000 5.02035
27.41100 4.95513
27.41200 4.97042
27.41300 5.01246
27.41400 5.06665
27.41500 4.99074
27.41600 4.97464
27.41700 4.91445
27.41800 5.06704
27.41900 5.05224
27.42000 5.04382
27.42100 5.03006
27.42200 5.00025
27.42300 5.05485
27.42400 5.00931
27.42500 4.96015
27.42600 5.02709
27.42700 5.01123
27.42800 4.96803
27.42900 5.00772
27.43000 5.00796
27.43100 5.03789
27.43200 4.98277
27.43300 5.01037
27.43400 5.08966
27.43500 4.96525
27.43600 5.01058
27.43700 4.99874
27.43800 5.07850
27.43900 4.92574
27.44000 4.96848
27.44100 5.01843
27.44200 5.03652
27.44300 5.05822
27.44400 4.96944
27.44500 5.08178
27.44600 4.95847
27.44700 4.96336
27.44800 4.96077
27.44900 4.97401
27.45000 4.99214
27.45100 4.98840
27.45200 5.05329
27.45300 4.98549
27.45400 5.11338
27.45500 4.92411
27.45600 5.09064
27.45700 4.99364
27.45800 5.04022
27.45900 4.84295
27.46000 5.07138
27.46100 4.96856
27.46200 5.01322
27.46300 5.03083
27.46400 5.02743
27.46500 4.97317
27.46600 5.04857
27.46700 4.94809
27.46800 5.00922
27.46900 5.01535
27.47000 5.08218
27.47100 5.04429
27.47200 4.97947
27.47300 5.04932
27.47400 4.93300
27.47500 4.99398
27.47600 4.96785
27.47700 5.06102
27.47800 5.01868
27.47900 4.96062
27.48000 4.99939
27.48100 5.03679
27.48200 5.00774
27.48300 5.05216
27.48400 5.00117
27.48500 4.98153
27.48600 5.08819
27.48700 4.98106
27.48800 4.97188
27.48900 5.05147
27.49000 5.00509
27.49100 5.00189
27.49200 5.02908
27.49300 5.02265
27.49400 4.97295
27.49500 4.98878
27.49600 4.93367
27.49700 4.98932
27.49800 5.02410
27.49900 5.05176
27.50000 4.99362
27.50100 4.98782
27.50200 5.16197
27.50300 4.99969
27.50400 4.94605
27.50500 4.89614
27.50600 4.99215
27.50700 5.01122
27.50800 4.99727
27.50900 5.03226
27.51000 4.99457
27.51100 4.98279
27.51200 5.07396
27.51300 4.97727
27.51400 5.00317
27.51500 4.97659
27.51600 4.93412
27.51700 5.02781
27.51800 5.02460
27.51900 5.02832
27.52000 5.00204
27.52100 4.95961
27.52200 5.01938
27.52300 5.01387
27.52400 5.03946
27.52500 5.03645
27.52600 4.95528
27.52700 4.99833
27.52800 5.05651
27.52900 4.99616
27.53000 5.05011
27.53100 4.92600
27.53200 5.01218
27.53300 4.99713
27.53400 5.02530
27.53500 5.03166
27.53600 4.95514
27.53700 4.95483
27.53800 4.97850
27.53900 4.92529
27.54000 5.00536
27.54100 4.95405
27.54200 5.03583
27.54300 4.98738
27.54400 4.92568
27.54500 4.92747
27.54600 5.01471
27.54700 4.96776
27.54800 5.05248
27.54900 4.99151
27.55000 4.92991
27.55100 4.96674
27.55200 5.04169
27.55300 4.92846
27.55400 5.00149
27.55500 4.94337
27.55600 5.00092
27.55700 4.97435
27.55800 4.91778
27.55900 4.98612
27.56000 5.06391
27.56100 4.96119
27.56200 4.91901
27.56300 4.98179
27.56400 5.02140
27.56500 5.07985
27.56600 5.00516
27.56700 5.01104
27.56800 4.90047
27.56900 4.99198
27.57000 5.05267
27.57100 5.03300
27.57200 5.01253
27.57300 5.04310
27.57400 5.06380
27.57500 5.04302
27.57600 4.94474
27.57700 4.92863
27.57800 5.01727
27.57900 4.97379
27.58000 5.05580
27.58100 5.00353
27.58200 5.02971
27.58300 4.94755
27.58400 4.97937
27.58500 5.04196
27.58600 4.95326
27.58700 4.96883
27.58800 5.04956
27.58900 4.92962
27.59000 5.04392
27.59100 4.92841
27.59200 4.97667
27.59300 4.97849
27.59400 5.07051
27.59500 5.01980
27.59600 4.99670
27.59700 5.01286
27.59800 4.89083
27.59900 4.92463
27.60000 5.00428
27.60100 4.93161
27.60200 5.04155
27.60300 5.03792
27.60400 4.94771
27.60500 4.92281
27.60600 4.97660
27.60700 5.03531
27.60800 4.96215
27.60900 4.98776
27.61000 5.00781
27.61100 5.04569
27.61200 5.02788
27.61300 4.98655
27.61400 5.00437
27.61500 4.91890
27.61600 5.02042
27.61700 5.07117
27.61800 4.94585
27.61900 4.97517
27.62000 5.03370
27.62100 5.05955
27.62200 5.03084
27.62300 5.00694
27.62400 5.02428
27.62500 4.97533
27.62600 5.07355
27.62700 4.95659
27.62800 4.95648
27.62900 4.97303
27.63000 4.98553
27.63100 5.03970
27.63200 4.97145
27.63300 5.00952
27.63400 5.03161
27.63500 5.05248
27.63600 5.00563
27.63700 4.93837
27.63800 5.01714
27.63900 5.04368
27.64000 5.10818
27.64100 5.01237
27.64200 5.00765
27.64300 5.01651
27.64400 4.92293
27.64500 5.02864
27.64600 5.02080
27.64700 5.01879
27.64800 5.00619
27.64900 5.06799
27.65000 4.92774
27.65100 4.96682
27.65200 4.94403
27.65300 4.88824
27.65400 5.02370
27.65500 4.98673
27.65600 4.97898
27.65700 5.01680
27.65800 4.98265
27.65900 5.15333
27.66000 4.95154
27.66100 4.96853
27.66200 4.99401
27.66300 5.01178
27.66400 5.02562
27.66500 5.03996
27.66600 5.01150
27.66700 4.95802
27.66800 5.02006
27.66900 5.00936
27.67000 4.97927
27.67100 4.96883
27.67200 4.96210
27.67300 5.01880
27.67400 4.98628
27.67500 4.96229
27.67600 5.07214
27.67700 4.95161
27.67800 5.05929
27.67900 4.99416
27.68000 5.05787
27.68100 5.05116
27.68200 4.98650
27.68300 5.07764
27.68400 4.97065
27.68500 5.04979
27.68600 4.93133
27.68700 5.03778
27.68800 5.03676
27.68900 4.95065
27.69000 4.94403
27.69100 4.96120
27.69200 5.01650
27.69300 5.02242
27.69400 4.94558
27.69500 4.92871
27.69600 5.12013
27.69700 4.97986
27.69800 4.97047
27.69900 5.08399
27.70000 5.00551
27.70100 4.98700
27.70200 5.03989
27.70300 5.06269
27.70400 4.92112
27.70500 4.96954
27.70600 5.02516
27.70700 4.98395
27.70800 5.00257
27.70900 4.94859
27.71000 5.03706
27.71100 5.00487
27.71200 5.05495
27.71300 4.91418
27.71400 4.94333
27.71500 5.04378
27.71600 4.98005
27.71700 5.02697
27.71800 5.00373
27.71900 5.09198
27.72000 5.03667
27.72100 4.96520
27.72200 5.01558
27.72300 4.92736
27.72400 5.04274
27.72500 4.98588
27.72600 5.01622
27.72700 4.99653
27.72800 5.01056
27.72900 5.04950
27.73000 5.01891
27.73100 5.03312
27.73200 4.98557
27.73300 4.92441
27.73400 5.02893
27.73500 4.97929
27.73600 4.99853
27.73700 4.99701
27.73800 5.04130
27.73900 4.97603
27.74000 5.05289
27.74100 5.00805
27.74200 5.09418
27.74300 5.02832
27.74400 5.01537
27.74500 4.93511
27.74600 5.08018
27.74700 4.96614
27.74800 4.98597
27.74900 5.01750
27.75000 4.99388
27.75100 5.01936
27.75200 4.96803
27.75300 4.93316
27.75400 5.06998
27.75500 5.06872
27.75600 5.05858
27.75700 4.99077
27.75800 5.02849
27.75900 4.96849
27.76000 5.11294
27.76100 4.98252
27.76200 4.99890
27.76300 4.98464
27.76400 4.98249
27.76500 5.03948
27.76600 4.96023
27.76700 4.99272
27.76800 5.05674
27.76900 5.05262
27.77000 5.00819
27.77100 5.06719
27.77200 4.95897
27.77300 4.98895
27.77400 5.02197
27.77500 4.99948
27.77600 5.02570
27.77700 5.06089
27.77800 4.99376
27.77900 4.95266
27.78000 5.02277
27.78100 5.04134
27.78200 4.97780
27.78300 4.95407
27.78400 5.04066
27.78500 5.07896
27.78600 4.98758
27.78700 4.90446
27.78800 5.04163
27.78900 5.06889
27.79000 5.07317
27.79100 5.07857
27.79200 5.01258
27.79300 5.06073
27.79400 5.00794
27.79500 4.97264
27.79600 4.94231
27.79700 4.99613
27.79800 5.00713
27.79900 5.04927
27.80000 4.98771
27.80100 5.01447
27.80200 4.95041
27.80300 4.96212
27.80400 4.96044
27.80500 4.95168
27.80600 5.00784
27.80700 4.93803
27.80800 5.03500
27.80900 5.09758
27.81000 5.13858
27.81100 4.94160
27.81200 4.94580
27.81300 4.95020
27.81400 4.91643
27.81500 5.07923
27.81600 4.94709
27.81700 5.08320
27.81800 4.96643
27.81900 4.96416
27.82000 4.91419
27.82100 5.03892
27.82200 5.01251
27.82300 5.07717
27.82400 4.93910
27.82500 4.96400
27.82600 4.98647
27.82700 5.01013
27.82800 4.99233
27.82900 5.06537
27.83000 5.04818
27.83100 5.02742
27.83200 4.92039
27.83300 5.04798
27.83400 4.98236
27.83500 5.01530
27.83600 4.98164
27.83700 5.04999
27.83800 4.99389
27.83900 5.08428
27.84000 5.05004
27.84100 5.06112
27.84200 5.02444
27.84300 4.98929
27.84400 4.92460
27.84500 4.92276
27.84600 4.95938
27.84700 4.97910
27.84800 5.04271
27.84900 5.04551
27.85000 5.03117
27.85100 4.93283
27.85200 4.99487
27.85300 5.01821
27.85400 4.97094
27.85500 5.07316
27.85600 5.04607
27.85700 5.04041
27.85800 5.05502
27.85900 4.98213
27.86000 4.92154
27.86100 4.97654
27.86200 4.97784
27.86300 5.01740
27.86400 4.85547
27.86500 4.96051
27.86600 4.93333
27.86700 5.04112
27.86800 4.92410
27.86900 4.94394
27.87000 5.00662
27.87100 4.95436
27.87200 4.94422
27.87300 5.01382
27.87400 5.00872
27.87500 4.99244
27.87600 4.99633
27.87700 5.03108
27.87800 4.97169
27.87900 4.97950
27.88000 5.01845
27.88100 5.08620
27.88200 5.01553
27.88300 4.91470
27.88400 4.97531
27.88500 4.99468
27.88600 4.98621
27.88700 5.10051
27.88800 4.94428
27.88900 5.05089
27.89000 4.96002
27.89100 5.04111
27.89200 4.96000
27.89300 4.97539
27.89400 5.02676
27.89500 5.04059
27.89600 5.11181
27.89700 5.08275
27.89800 4.96002
27.89900 4.94098
27.90000 5.10393
27.90100 5.03538
27.90200 4.93593
27.90300 4.99128
27.90400 5.01452
27.90500 5.00264
27.90600 5.07365
27.90700 4.98711
27.90800 4.99864
27.90900 4.86001
27.91000 5.00438
27.91100 5.02993
27.91200 4.96606
27.91300 5.13903
27.91400 5.03513
27.91500 5.06037
27.91600 5.03145
27.91700 4.87973
27.91800 4.98777
27.91900 5.09057
27.92000 4.98594
27.92100 4.95055
27.92200 4.99517
27.92300 5.00172
27.92400 4.94652
27.92500 5.08848
27.92600 4.91472
27.92700 5.00532
27.92800 5.01381
27.92900 4.98982
27.93000 5.05140
27.93100 4.98747
27.93200 5.05101
27.93300 4.99356
27.93400 5.01393
27.93500 5.02610
27.93600 5.06243
27.93700 4.98777
27.93800 4.97290
27.93900 4.99272
27.94000 4.99415
27.94100 5.01190
27.94200 4.96939
27.94300 4.98352
27.94400 5.04752
27.94500 4.95740
27.94600 5.03597
27.94700 5.08605
27.94800 5.02875
27.94900 4.96874
27.95000 5.00114
27.95100 5.00400
27.95200 4.91280
27.95300 5.00138
27.95400 5.05478
27.95500 5.02285
27.95600 5.03759
27.95700 4.97395
27.95800 5.07664
27.95900 5.00337
27.96000 5.05985
27.96100 4.94983
27.96200 4.97124
27.96300 4.97215
27.96400 5.03662
27.96500 5.00088
27.96600 5.02469
27.96700 5.05142
27.96800 4.93471
27.96900 5.06426
27.97000 4.97191
27.97100 4.91546
27.97200 5.05640
27.97300 4.97476
27.97400 5.06418
27.97500 5.03189
27.97600 5.12870
27.97700 4.97731
27.97800 4.90681
27.97900 4.99373
27.98000 4.97839
27.98100 4.98370
27.98200 5.01527
27.98300 4.96542
27.98400 4.95570
27.98500 4.97203
27.98600 5.05209
27.98700 5.02076
27.98800 5.14847
27.98900 5.00969
27.99000 4.91717
27.99100 5.03562
27.99200 5.04935
27.99300 4.99996
27.99400 4.93644
27.99500 5.03893
27.99600 4.94491
27.99700 5.05002
27.99800 4.98028
27.99900 4.95588
28.00000 4.99074
28.00100 5.12258
28.00200 4.99428
28.00300 4.94793
28.00400 5.10046
28.00500 5.02178
28.00600 0.20132
28.00700 0.20023
28.00800 0.19831
28.00900 0.24843
28.01000 0.23435
28.01100 0.17099
28.01200 0.24511
28.01300 0.19077
28.01400 0.22487
28.01500 0.10698
28.01600 0.15249
28.01700 0.22458
28.01800 0.25823
28.01900 0.17533
28.02000 0.19959
28.02100 0.22079
28.02200 0.21950
28.02300 0.25493
28.02400 0.20834
28.02500 0.20400
28.02600 5.01429
28.02700 5.04377
28.02800 5.06282
28.02900 5.01485
28.03000 5.02229
28.03100 4.99183
28.03200 4.96795
28.03300 5.06894
28.03400 4.97467
28.03500 4.93717
28.03600 4.99640
28.03700 5.05279
28.03800 5.03234
28.03900 5.00835
28.04000 5.01830
28.04100 5.01741
28.04200 4.99421
28.04300 5.01426
28.04400 4.99177
28.04500 5.02564
28.04600 4.99592
28.04700 4.92317
28.04800 4.96285
28.04900 5.00879
28.05000 5.01231
28.05100 5.03853
28.05200 4.95408
28.05300 5.00366
28.05400 4.96365
28.05500 4.91926
28.05600 4.97871
28.05700 5.00899
28.05800 4.98878
28.05900 5.03023
28.06000 5.03048
28.06100 4.91505
28.06200 5.08505
28.06300 5.02765
28.06400 4.97008
28.06500 4.93901
28.06600 5.01455
28.06700 5.00161
28.06800 4.95860
28.06900 4.99683
28.07000 4.93939
28.07100 4.94440
28.07200 4.98243
28.07300 4.99253
28.07400 4.98498
28.07500 5.03109
28.07600 5.04906
28.07700 5.09756
28.07800 5.01032
28.07900 4.98546
28.08000 4.96008
28.08100 4.99535
28.08200 4.96257
28.08300 5.00242
28.08400 5.07292
28.08500 5.05895
28.08600 5.04970
28.08700 4.97964
28.08800 4.98759
28.08900 5.04285
28.09000 5.02432
28.09100 4.96838
28.09200 4.92309
28.09300 5.00819
28.09400 5.03072
28.09500 4.96291
28.09600 5.00363
28.09700 4.98888
28.09800 4.95292
28.09900 5.02309
28.10000 4.96256
28.10100 4.94584
28.10200 4.91923
28.10300 4.96067
28.10400 4.92493
28.10500 5.01182
28.10600 4.94246
28.10700 4.95844
28.10800 5.00491
28.10900 4.98275
28.11000 4.97695
28.11100 5.02694
28.11200 5.05779
28.11300 5.04064
28.11400 4.99448
28.11500 5.02050
28.11600 4.96931
28.11700 5.03925
28.11800 4.97264
28.11900 5.04859
28.12000 5.03200
28.12100 4.97970
28.12200 4.96119
28.12300 4.89911
28.12400 4.99335
28.12500 4.97623
28.12600 4.96432
28.12700 5.00459
28.12800 5.01187
28.12900 5.03497
28.13000 4.99912
28.13100 4.97767
28.13200 4.93121
28.13300 4.90273
28.13400 5.01431
28.13500 4.97884
28.13600 5.01035
28.13700 5.00957
28.13800 4.99807
28.13900 5.01083
28.14000 5.02812
28.14100 5.06266
28.14200 5.00726
28.14300 5.04921
28.14400 5.02824
28.14500 5.02219
28.14600 5.00409
28.14700 5.01715
28.14800 4.97834
28.14900 4.95717
28.15000 5.01271
28.15100 5.00220
28.15200 5.14873
28.15300 5.06550
28.15400 4.94376
28.15500 5.03996
28.15600 4.99315
28.15700 4.97871
28.15800 4.92281
28.15900 4.99925
28.16000 4.97247
28.16100 4.95704
28.16200 4.99038
28.16300 5.04819
28.16400 5.10580
28.16500 5.03657
28.16600 4.89690
28.16700 5.04602
28.16800 4.89855
28.16900 4.95227
28.17000 5.05321
28.17100 5.00049
28.17200 4.99924
28.17300 4.94919
28.17400 4.97722
28.17500 4.99990
28.17600 4.95396
28.17700 4.91052
28.17800 4.99305
28.17900 4.98703
28.18000 5.01997
28.18100 4.99185
28.18200 5.00920
28.18300 4.92671
28.18400 4.95532
28.18500 4.90273
28.18600 5.01531
28.18700 4.98324
28.18800 5.03037
28.18900 5.02287
28.19000 4.97636
28.19100 4.94225
28.19200 4.95587
28.19300 4.98824
28.19400 4.98878
28.19500 5.00760
28.19600 4.94627
28.19700 5.04562
28.19800 4.96739
28.19900 4.90943
28.20000 5.05507
28.20100 5.02378
28.20200 4.99619
28.20300 5.05404
28.20400 4.98685
28.20500 4.94258
28.20600 5.01323
28.20700 4.96240
28.20800 4.94004
28.20900 4.96041
28.21000 4.91708
28.21100 4.99090
28.21200 5.03916
28.21300 4.96328
28.21400 4.95081
28.21500 5.02728
28.21600 4.98265
28.21700 5.05321
28.21800 5.05304
28.21900 4.98738
28.22000 5.01061
28.22100 4.93947
28.22200 5.02897
28.22300 5.05268
28.22400 5.03798
28.22500 4.92150
28.22600 4.93724
28.22700 4.94722
28.22800 5.00034
28.22900 4.99845
28.23000 4.94056
28.23100 5.03450
28.23200 5.06043
28.23300 5.10554
28.23400 4.93512
28.23500 4.97573
28.23600 4.93672
28.23700 5.00802
28.23800 5.04933
28.23900 4.97455
28.24000 4.99325
28.24100 5.01986
28.24200 5.04372
28.24300 5.04846
28.24400 5.08686
28.24500 4.98879
28.24600 4.97273
28.24700 4.91896
28.24800 4.96242
28.24900 5.01969
28.25000 5.00308
28.25100 5.05549
28.25200 4.91641
28.25300 5.06461
28.25400 4.97438
28.25500 5.03044
28.25600 5.04934
28.25700 4.98761
28.25800 4.98544
28.25900 4.91347
28.26000 4.99982
28.26100 4.90300
28.26200 4.93040
28.26300 5.02027
28.26400 5.12598
28.26500 4.91632
28.26600 5.03336
28.26700 5.03545
28.26800 5.09685
28.26900 5.01523
28.27000 4.96992
28.27100 5.01032
28.27200 4.97671
28.27300 4.91825
28.27400 4.97045
28.27500 4.93860
28.27600 4.99909
28.27700 5.00003
28.27800 4.91903
28.27900 5.05183
28.28000 5.04690
28.28100 4.95040
28.28200 5.00054
28.28300 5.05618
28.28400 4.93662
28.28500 4.97132
28.28600 4.91864
28.28700 4.98449
28.28800 5.05576
28.28900 4.99696
28.29000 5.10243
28.29100 5.00461
28.29200 5.01127
28.29300 4.96154
28.29400 4.96641
28.29500 5.05725
28.29600 4.98942
28.29700 5.00752
28.29800 5.11025
28.29900 5.08399
28.30000 4.96770
28.30100 4.95845
28.30200 4.99909
28.30300 5.02378
28.30400 5.02557
28.30500 5.04541
28.30600 5.10256
28.30700 4.95456
28.30800 5.03123
28.30900 4.98873
28.31000 4.99254
28.31100 4.98751
28.31200 4.93404
28.31300 5.00763
28.31400 4.91548
28.31500 4.97298
28.31600 5.04748
28.31700 5.02449
28.31800 4.89824
28.31900 4.94771
28.32000 5.04872
28.32100 5.01534
28.32200 5.02983
28.32300 4.97974
28.32400 4.95809
28.32500 4.99827
28.32600 5.08054
28.32700 5.12418
28.32800 5.01337
28.32900 4.99968
28.33000 5.03452
28.33100 5.00600
28.33200 4.93739
28.33300 4.96906
28.33400 4.97556
28.33500 5.01243
28.33600 5.05349
28.33700 4.95645
28.33800 5.01572
28.33900 4.92599
28.34000 5.04008
28.34100 4.99752
28.34200 4.98581
28.34300 4.90983
28.34400 5.06387
28.34500 5.05451
28.34600 4.91311
28.34700 5.02128
28.34800 4.98780
28.34900 5.07511
28.35000 4.97660
28.35100 4.99385
28.35200 4.97248
28.35300 5.05566
28.35400 5.09008
28.35500 5.01539
28.35600 5.04510
28.35700 4.97166
28.35800 5.02482
28.35900 5.07364
28.36000 4.95179
28.36100 5.00137
28.36200 5.04456
28.36300 4.93700
28.36400 5.06956
28.36500 4.99076
28.36600 5.05964
28.36700 5.02873
28.36800 5.04544
28.36900 5.03532
28.37000 4.92399
28.37100 4.98092
28.37200 5.00961
28.37300 5.05584
28.37400 5.04879
28.37500 5.07956
28.37600 5.04244
28.37700 4.98942
28.37800 5.00112
28.37900 5.02669
28.38000 5.01708
28.38100 4.97131
28.38200 4.93331
28.38300 5.06075
28.38400 4.89687
28.38500 4.96498
28.38600 4.93313
28.38700 5.05541
28.38800 4.98344
28.38900 4.98433
28.39000 5.02552
28.39100 5.08818
28.39200 4.99251
28.39300 4.90245
28.39400 5.02161
28.39500 5.02602
28.39600 4.94249
28.39700 4.99284
28.39800 5.02590
28.39900 5.03854
28.40000 4.97129
28.40100 4.98077
28.40200 5.03294
28.40300 4.96396
28.40400 5.03734
28.40500 4.96347
28.40600 4.96486
28.40700 5.00553
28.40800 4.96608
28.40900 5.02808
28.41000 5.01065
28.41100 5.10867
28.41200 4.91381
28.41300 4.99538
28.41400 5.02822
28.41500 5.02113
28.41600 4.91757
28.41700 4.94254
28.41800 4.98711
28.41900 5.01626
28.42000 5.02310
28.42100 4.98709
28.42200 4.93721
28.42300 4.96345
28.42400 4.98018
28.42500 5.03501
28.42600 5.04026
28.42700 5.04487
28.42800 4.98916
28.42900 4.98450
28.43000 5.03783
28.43100 4.99138
28.43200 4.98814
28.43300 5.05565
28.43400 4.95782
28.43500 5.05394
28.43600 4.97390
28.43700 4.99642
28.43800 5.05028
28.43900 4.92260
28.44000 5.03172
28.44100 5.03551
28.44200 5.02200
28.44300 5.02610
28.44400 4.95143
28.44500 5.01001
28.44600 5.03142
28.44700 4.97826
28.44800 4.91742
28.44900 4.96956
28.45000 5.03400
28.45100 4.94992
28.45200 4.92721
28.45300 4.98472
28.45400 4.97604
28.45500 4.98026
28.45600 4.99986
28.45700 4.98869
28.45800 4.97268
28.45900 5.05886
28.46000 5.06362
28.46100 4.94722
28.46200 5.05128
28.46300 5.00792
28.46400 4.92947
28.46500 4.98663
28.46600 5.00540
28.46700 4.96222
28.46800 4.99762
28.46900 5.04696
28.47000 4.98241
28.47100 5.01854
28.47200 5.01710
28.47300 4.93778
28.47400 5.01914
28.47500 4.96679
28.47600 4.98907
28.47700 5.00545
28.47800 5.01737
28.47900 5.03248
28.48000 4.97613
28.48100 4.94467
28.48200 4.97041
28.48300 4.94477
28.48400 4.99396
28.48500 4.97185
28.48600 5.07429
28.48700 5.04354
28.48800 5.02796
28.48900 4.99387
28.49000 4.98415
28.49100 5.03644
28.49200 4.92769
28.49300 5.05569
28.49400 4.96109
28.49500 4.99111
28.49600 5.00340
28.49700 4.93498
28.49800 5.03049
28.49900 4.96651
28.50000 5.04686
28.50100 5.04137
28.50200 5.04898
28.50300 5.01515
28.50400 5.01405
28.50500 4.88093
28.50600 4.98652
28.50700 4.99974
28.50800 4.99284
28.50900 4.95909
28.51000 5.04924
28.51100 4.98457
28.51200 5.04038
28.51300 4.99881
28.51400 4.98483
28.51500 5.03165
28.51600 4.93406
28.51700 5.04626
28.51800 5.00594
28.51900 4.95257
28.52000 4.98792
28.52100 5.05701
28.52200 4.93114
28.52300 4.99892
28.52400 5.05680
28.52500 5.01459
28.52600 5.05441
28.52700 4.99602
28.52800 4.98335
28.52900 4.96367
28.53000 5.00970
28.53100 5.03461
28.53200 5.03688
28.53300 5.00244
28.53400 4.95422
28.53500 5.01873
28.53600 4.92370
28.53700 5.00425
28.53800 4.96523
28.53900 5.02090
28.54000 4.99495
28.54100 4.96292
28.54200 4.98593
28.54300 4.93214
28.54400 5.15579
28.54500 5.12174
28.54600 5.02254
28.54700 4.99142
28.54800 4.96480
28.54900 5.06016
28.55000 5.02048
28.55100 5.03635
28.55200 4.99562
28.55300 4.99639
28.55400 5.05110
28.55500 4.95695
28.55600 4.89777
28.55700 5.10871
28.55800 5.01957
28.55900 5.06140
28.56000 5.00806
28.56100 4.99444
28.56200 4.97336
28.56300 4.96411
28.56400 4.92429
28.56500 5.03998
28.56600 4.93985
28.56700 5.05246
28.56800 4.99861
28.56900 4.93198
28.57000 4.98018
28.57100 4.98655
28.57200 4.97914
28.57300 5.03701
28.57400 4.97158
28.57500 4.95437
28.57600 4.97814
28.57700 5.02564
28.57800 5.03915
28.57900 5.01827
28.58000 4.97640
28.58100 5.06448
28.58200 4.99305
28.58300 4.93990
28.58400 5.01348
28.58500 5.05223
28.58600 5.07652
28.58700 5.01526
28.58800 5.10975
28.58900 4.98661
28.59000 5.12982
28.59100 5.01993
28.59200 4.98039
28.59300 4.88721
28.59400 5.04260
28.59500 4.95918
28.59600 4.95358
28.59700 5.15814
28.59800 4.94314
28.59900 4.94573
28.60000 4.99373
28.60100 5.07794
28.60200 4.98965
28.60300 4.93766
28.60400 5.02626
28.60500 4.97239
28.60600 5.01677
28.60700 5.00508
28.60800 5.00488
28.60900 4.98154
28.61000 5.02647
28.61100 4.97332
28.61200 4.95066
28.61300 5.05823
28.61400 4.92365
28.61500 4.93194
28.61600 4.99043
28.61700 4.99797
28.61800 5.03394
28.61900 4.92162
28.62000 4.96292
28.62100 5.00948
28.62200 4.94927
28.62300 5.03672
28.62400 4.92145
28.62500 4.99443
28.62600 5.03207
28.62700 5.03409
28.62800 4.94051
28.62900 4.92732
28.63000 4.96201
28.63100 4.98876
28.63200 5.12679
28.63300 4.97431
28.63400 4.99509
28.63500 4.99540
28.63600 5.04950
28.63700 5.02366
28.63800 4.99814
28.63900 5.01319
28.64000 4.89614
28.64100 4.90578
28.64200 5.05656
28.64300 5.05425
28.64400 5.00675
28.64500 4.98309
28.64600 4.97285
28.64700 4.87939
28.64800 4.96033
28.64900 5.00042
28.65000 5.08332
28.65100 4.97738
28.65200 5.02196
28.65300 5.01171
28.65400 5.03520
28.65500 4.98300
28.65600 5.09750
28.65700 4.91556
28.65800 5.07684
28.65900 5.07692
28.66000 4.98666
28.66100 5.01783
28.66200 4.95084
28.66300 5.02905
28.66400 4.96551
28.66500 5.03857
28.66600 4.94339
28.66700 4.92405
28.66800 5.02505
28.66900 5.03852
28.67000 5.04576
28.67100 5.01373
28.67200 5.01494
28.67300 5.00147
28.67400 5.00588
28.67500 5.00042
28.67600 4.99318
28.67700 5.01975
28.67800 4.99470
28.67900 5.05908
28.68000 4.99101
28.68100 4.93283
28.68200 4.95550
28.68300 4.90419
28.68400 5.04837
28.68500 4.94793
28.68600 4.89411
28.68700 4.94023
28.68800 5.04682
28.68900 4.92214
28.69000 5.01400
28.69100 4.97919
28.69200 4.99222
28.69300 4.98447
28.69400 5.07580
28.69500 4.94943
28.69600 4.96240
28.69700 5.05634
28.69800 5.01334
28.69900 4.97054
28.70000 4.97924
28.70100 4.97492
28.70200 4.94053
28.70300 4.96541
28.70400 4.98495
28.70500 5.00228
28.70600 4.96543
28.70700 5.06741
28.70800 5.02417
28.70900 5.00792
28.71000 4.93255
28.71100 5.02718
28.71200 4.97762
28.71300 4.98546
28.71400 4.98170
28.71500 0.16883
28.71600 0.27557
28.71700 0.17567
28.71800 0.28123
28.71900 0.19922
28.72000 0.17279
28.72100 0.21756
28.72200 0.14903
28.72300 0.23286
28.72400 0.14688
28.72500 0.19811
28.72600 0.21798
28.72700 0.23963
28.72800 0.25460
28.72900 0.20831
28.73000 0.21850
28.73100 0.18684
28.73200 0.22520
28.73300 0.23182
28.73400 0.14097
28.73500 4.97875
28.73600 5.00854
28.73700 4.95715
28.73800 5.02707
28.73900 4.91135
28.74000 5.02186
28.74100 4.94719
28.74200 4.97924
28.74300 5.02065
28.74400 5.02273
28.74500 5.05770
28.74600 5.01814
28.74700 4.97602
28.74800 4.88847
28.74900 4.97545
28.75000 5.00809
28.75100 4.93900
28.75200 5.00359
28.75300 4.98097
28.75400 5.07996
28.75500 4.95755
28.75600 4.93973
28.75700 5.03507
28.75800 5.02552
28.75900 4.94412
28.76000 5.13266
28.76100 4.96497
28.76200 4.97075
28.76300 5.03150
28.76400 5.02770
28.76500 4.99166
28.76600 5.05871
28.76700 4.99353
28.76800 4.98658
28.76900 4.99690
28.77000 4.94969
28.77100 5.01880
28.77200 5.03153
28.77300 4.92760
28.77400 5.10914
28.77500 5.02750
28.77600 4.89838
28.77700 5.11107
28.77800 5.01797
28.77900 5.04037
28.78000 5.08497
28.78100 5.12021
28.78200 5.00428
28.78300 4.99747
28.78400 4.89889
28.78500 5.01236
28.78600 4.92071
28.78700 4.84402
28.78800 5.04732
28.78900 4.98067
28.79000 5.03040
28.79100 5.02778
28.79200 5.04992
28.79300 5.02089
28.79400 4.86313
28.79500 4.96405
28.79600 5.02402
28.79700 5.03545
28.79800 5.00391
28.79900 4.96699
28.80000 5.02034
28.80100 4.98110
28.80200 5.09089
28.80300 4.91625
28.80400 4.93882
28.80500 5.00072
28.80600 4.97623
28.80700 4.96500
28.80800 5.10197
28.80900 5.06756
28.81000 5.02712
28.81100 5.03318
28.81200 4.98918
28.81300 5.01311
28.81400 5.08516
28.81500 5.02121
28.81600 5.02886
28.81700 5.04722
28.81800 4.94321
28.81900 4.97041
28.82000 4.94842
28.82100 4.97949
28.82200 4.94695
28.82300 4.95261
28.82400 5.00656
28.82500 4.94604
28.82600 5.02718
28.82700 4.97558
28.82800 4.90122
28.82900 5.02937
28.83000 5.02620
28.83100 4.99150
28.83200 4.98788
28.83300 4.94885
28.83400 4.92844
28.83500 4.96733
28.83600 5.07419
28.83700 4.94105
28.83800 4.91584
28.83900 4.95202
28.84000 4.90454
28.84100 5.05012
28.84200 5.01764
28.84300 5.03955
28.84400 5.05803
28.84500 5.10648
28.84600 4.99393
28.84700 4.93511
28.84800 5.01658
28.84900 5.08089
28.85000 5.05403
28.85100 5.01552
28.85200 4.94322
28.85300 5.09616
28.85400 5.03185
28.85500 4.96780
28.85600 5.01211
28.85700 4.98550
28.85800 4.97509
28.85900 5.04440
28.86000 5.07141
28.86100 5.01044
28.86200 4.94081
28.86300 5.00677
28.86400 4.97652
28.86500 4.98423
28.86600 5.05427
28.86700 4.99045
28.86800 4.99655
28.86900 5.05556
